0 verbose cli C:\Program Files\nodejs\node.exe C:\Program Files\nodejs\node_modules\npm\bin\npm-cli.js
1 info using npm@10.9.2
2 info using node@v22.17.0
3 silly config load:file:C:\Program Files\nodejs\node_modules\npm\npmrc
4 silly config load:file:D:\REVAMP\gwc-website-revamp\.npmrc
5 silly config load:file:C:\Users\ahars\.npmrc
6 silly config load:file:C:\Users\ahars\AppData\Roaming\npm\etc\npmrc
7 verbose title npm exec shadcn@latest add select
8 verbose argv "exec" "--" "shadcn@latest" "add" "select"
9 verbose logfile logs-max:10 dir:D:\REVAMP\gwc-website-revamp\npm-cache\_logs\2026-01-06T09_44_39_123Z-
10 verbose logfile D:\REVAMP\gwc-website-revamp\npm-cache\_logs\2026-01-06T09_44_39_123Z-debug-0.log
11 silly logfile start cleaning logs, removing 1 files
12 silly logfile done cleaning log files
13 silly packumentCache heap:4345298944 maxSize:1086324736 maxEntrySize:543162368
14 http fetch GET 200 https://registry.npmjs.org/shadcn 244ms (cache revalidated)
15 silly packumentCache heap:4345298944 maxSize:1086324736 maxEntrySize:543162368
16 silly packumentCache heap:4345298944 maxSize:1086324736 maxEntrySize:543162368
17 silly idealTree buildDeps
18 silly fetch manifest shadcn@3.6.2
19 silly packumentCache full:https://registry.npmjs.org/shadcn cache-miss
20 http cache https://registry.npmjs.org/shadcn 13ms (cache hit)
21 silly packumentCache full:https://registry.npmjs.org/shadcn set size:781801 disposed:false
22 silly placeDep ROOT shadcn@3.6.2 OK for:  want: 3.6.2
23 silly fetch manifest @antfu/ni@^25.0.0
24 silly packumentCache full:https://registry.npmjs.org/@antfu%2fni cache-miss
25 silly fetch manifest @babel/core@^7.28.0
26 silly packumentCache full:https://registry.npmjs.org/@babel%2fcore cache-miss
27 silly fetch manifest @babel/parser@^7.28.0
28 silly packumentCache full:https://registry.npmjs.org/@babel%2fparser cache-miss
29 silly fetch manifest @babel/plugin-transform-typescript@^7.28.0
30 silly packumentCache full:https://registry.npmjs.org/@babel%2fplugin-transform-typescript cache-miss
31 silly fetch manifest @babel/preset-typescript@^7.27.1
32 silly packumentCache full:https://registry.npmjs.org/@babel%2fpreset-typescript cache-miss
33 silly fetch manifest @dotenvx/dotenvx@^1.48.4
34 silly packumentCache full:https://registry.npmjs.org/@dotenvx%2fdotenvx cache-miss
35 silly fetch manifest @modelcontextprotocol/sdk@^1.17.2
36 silly packumentCache full:https://registry.npmjs.org/@modelcontextprotocol%2fsdk cache-miss
37 http cache https://registry.npmjs.org/@antfu%2fni 34ms (cache hit)
38 silly packumentCache full:https://registry.npmjs.org/@antfu%2fni set size:291230 disposed:false
39 silly fetch manifest browserslist@^4.26.2
40 silly packumentCache full:https://registry.npmjs.org/browserslist cache-miss
41 http cache https://registry.npmjs.org/@babel%2fparser 40ms (cache hit)
42 silly packumentCache full:https://registry.npmjs.org/@babel%2fparser set size:702781 disposed:false
43 silly fetch manifest commander@^14.0.0
44 silly packumentCache full:https://registry.npmjs.org/commander cache-miss
45 http cache https://registry.npmjs.org/@babel%2fcore 54ms (cache hit)
46 silly packumentCache full:https://registry.npmjs.org/@babel%2fcore set size:738278 disposed:false
47 silly fetch manifest cosmiconfig@^9.0.0
48 silly packumentCache full:https://registry.npmjs.org/cosmiconfig cache-miss
49 http cache https://registry.npmjs.org/@babel%2fplugin-transform-typescript 65ms (cache hit)
50 silly packumentCache full:https://registry.npmjs.org/@babel%2fplugin-transform-typescript set size:376686 disposed:false
51 silly fetch manifest dedent@^1.6.0
52 silly packumentCache full:https://registry.npmjs.org/dedent cache-miss
53 http cache https://registry.npmjs.org/@babel%2fpreset-typescript 69ms (cache hit)
54 silly packumentCache full:https://registry.npmjs.org/@babel%2fpreset-typescript set size:248246 disposed:false
55 silly fetch manifest deepmerge@^4.3.1
56 silly packumentCache full:https://registry.npmjs.org/deepmerge cache-miss
57 http cache https://registry.npmjs.org/@dotenvx%2fdotenvx 75ms (cache hit)
58 silly packumentCache full:https://registry.npmjs.org/@dotenvx%2fdotenvx set size:620121 disposed:false
59 silly fetch manifest diff@^8.0.2
60 silly packumentCache full:https://registry.npmjs.org/diff cache-miss
61 http cache https://registry.npmjs.org/@modelcontextprotocol%2fsdk 87ms (cache hit)
62 silly packumentCache full:https://registry.npmjs.org/@modelcontextprotocol%2fsdk set size:256104 disposed:false
63 silly fetch manifest execa@^9.6.0
64 silly packumentCache full:https://registry.npmjs.org/execa cache-miss
65 http cache https://registry.npmjs.org/browserslist 81ms (cache hit)
66 silly packumentCache full:https://registry.npmjs.org/browserslist set size:502989 disposed:false
67 silly fetch manifest fast-glob@^3.3.3
68 silly packumentCache full:https://registry.npmjs.org/fast-glob cache-miss
69 http cache https://registry.npmjs.org/commander 77ms (cache hit)
70 silly packumentCache full:https://registry.npmjs.org/commander set size:345426 disposed:false
71 silly fetch manifest fs-extra@^11.3.1
72 silly packumentCache full:https://registry.npmjs.org/fs-extra cache-miss
73 http cache https://registry.npmjs.org/cosmiconfig 69ms (cache hit)
74 silly packumentCache full:https://registry.npmjs.org/cosmiconfig set size:275399 disposed:false
75 silly fetch manifest fuzzysort@^3.1.0
76 silly packumentCache full:https://registry.npmjs.org/fuzzysort cache-miss
77 http cache https://registry.npmjs.org/dedent 69ms (cache hit)
78 silly packumentCache full:https://registry.npmjs.org/dedent set size:73163 disposed:false
79 silly fetch manifest https-proxy-agent@^7.0.6
80 silly packumentCache full:https://registry.npmjs.org/https-proxy-agent cache-miss
81 http cache https://registry.npmjs.org/deepmerge 69ms (cache hit)
82 silly packumentCache full:https://registry.npmjs.org/deepmerge set size:101897 disposed:false
83 silly fetch manifest kleur@^4.1.5
84 silly packumentCache full:https://registry.npmjs.org/kleur cache-miss
85 http cache https://registry.npmjs.org/diff 60ms (cache hit)
86 silly packumentCache full:https://registry.npmjs.org/diff set size:149252 disposed:false
87 silly fetch manifest msw@^2.10.4
88 silly packumentCache full:https://registry.npmjs.org/msw cache-miss
89 http cache https://registry.npmjs.org/execa 54ms (cache hit)
90 silly packumentCache full:https://registry.npmjs.org/execa set size:181234 disposed:false
91 silly fetch manifest node-fetch@^3.3.2
92 silly packumentCache full:https://registry.npmjs.org/node-fetch cache-miss
93 http cache https://registry.npmjs.org/kleur 32ms (cache hit)
94 silly packumentCache full:https://registry.npmjs.org/kleur set size:61853 disposed:false
95 silly fetch manifest open@^11.0.0
96 silly packumentCache full:https://registry.npmjs.org/open cache-miss
97 http cache https://registry.npmjs.org/fs-extra 49ms (cache hit)
98 silly packumentCache full:https://registry.npmjs.org/fs-extra set size:230266 disposed:false
99 silly fetch manifest ora@^8.2.0
100 silly packumentCache full:https://registry.npmjs.org/ora cache-miss
101 http cache https://registry.npmjs.org/fuzzysort 52ms (cache hit)
102 silly packumentCache full:https://registry.npmjs.org/fuzzysort set size:83871 disposed:false
103 silly fetch manifest postcss@^8.5.6
104 silly packumentCache full:https://registry.npmjs.org/postcss cache-miss
105 http cache https://registry.npmjs.org/https-proxy-agent 49ms (cache hit)
106 silly packumentCache full:https://registry.npmjs.org/https-proxy-agent set size:76241 disposed:false
107 silly fetch manifest postcss-selector-parser@^7.1.0
108 silly packumentCache full:https://registry.npmjs.org/postcss-selector-parser cache-miss
109 http cache https://registry.npmjs.org/fast-glob 68ms (cache hit)
110 silly packumentCache full:https://registry.npmjs.org/fast-glob set size:220556 disposed:false
111 silly fetch manifest prompts@^2.4.2
112 silly packumentCache full:https://registry.npmjs.org/prompts cache-miss
113 http cache https://registry.npmjs.org/node-fetch 42ms (cache hit)
114 silly packumentCache full:https://registry.npmjs.org/node-fetch set size:896010 disposed:false
115 silly fetch manifest recast@^0.23.11
116 silly packumentCache full:https://registry.npmjs.org/recast cache-miss
117 http cache https://registry.npmjs.org/msw 68ms (cache hit)
118 silly packumentCache full:https://registry.npmjs.org/msw set size:1847949 disposed:false
119 silly fetch manifest stringify-object@^5.0.0
120 silly packumentCache full:https://registry.npmjs.org/stringify-object cache-miss
121 http cache https://registry.npmjs.org/ora 70ms (cache hit)
122 silly packumentCache full:https://registry.npmjs.org/ora set size:134628 disposed:false
123 silly fetch manifest ts-morph@^26.0.0
124 silly packumentCache full:https://registry.npmjs.org/ts-morph cache-miss
125 http cache https://registry.npmjs.org/prompts 67ms (cache hit)
126 silly packumentCache full:https://registry.npmjs.org/prompts set size:115896 disposed:false
127 silly fetch manifest tsconfig-paths@^4.2.0
128 silly packumentCache full:https://registry.npmjs.org/tsconfig-paths cache-miss
129 http cache https://registry.npmjs.org/open 86ms (cache hit)
130 silly packumentCache full:https://registry.npmjs.org/open set size:136392 disposed:false
131 silly fetch manifest zod@^3.24.1
132 silly packumentCache full:https://registry.npmjs.org/zod cache-miss
133 http cache https://registry.npmjs.org/recast 64ms (cache hit)
134 silly packumentCache full:https://registry.npmjs.org/recast set size:525922 disposed:false
135 silly fetch manifest zod-to-json-schema@^3.24.6
136 silly packumentCache full:https://registry.npmjs.org/zod-to-json-schema cache-miss
137 http cache https://registry.npmjs.org/postcss-selector-parser 87ms (cache hit)
138 silly packumentCache full:https://registry.npmjs.org/postcss-selector-parser set size:177140 disposed:false
139 http cache https://registry.npmjs.org/postcss 95ms (cache hit)
140 silly packumentCache full:https://registry.npmjs.org/postcss set size:696248 disposed:false
141 http cache https://registry.npmjs.org/stringify-object 59ms (cache hit)
142 silly packumentCache full:https://registry.npmjs.org/stringify-object set size:60566 disposed:false
143 http cache https://registry.npmjs.org/ts-morph 47ms (cache hit)
144 silly packumentCache full:https://registry.npmjs.org/ts-morph set size:536115 disposed:false
145 http cache https://registry.npmjs.org/tsconfig-paths 50ms (cache hit)
146 silly packumentCache full:https://registry.npmjs.org/tsconfig-paths set size:192565 disposed:false
147 http cache https://registry.npmjs.org/zod 55ms (cache hit)
148 silly packumentCache full:https://registry.npmjs.org/zod set size:3462856 disposed:false
149 http cache https://registry.npmjs.org/zod-to-json-schema 87ms (cache hit)
150 silly packumentCache full:https://registry.npmjs.org/zod-to-json-schema set size:301404 disposed:false
151 silly fetch manifest @cfworker/json-schema@^4.1.1
152 silly packumentCache full:https://registry.npmjs.org/@cfworker%2fjson-schema cache-miss
153 http cache https://registry.npmjs.org/@cfworker%2fjson-schema 10ms (cache hit)
154 silly packumentCache full:https://registry.npmjs.org/@cfworker%2fjson-schema set size:144207 disposed:false
155 silly fetch manifest typescript@>=4.9.5
156 silly packumentCache full:https://registry.npmjs.org/typescript cache-miss
157 http cache https://registry.npmjs.org/typescript 46ms (cache hit)
158 silly packumentCache full:https://registry.npmjs.org/typescript set size:15095775 disposed:false
159 silly fetch manifest babel-plugin-macros@^3.1.0
160 silly packumentCache full:https://registry.npmjs.org/babel-plugin-macros cache-miss
161 http cache https://registry.npmjs.org/babel-plugin-macros 14ms (cache hit)
162 silly packumentCache full:https://registry.npmjs.org/babel-plugin-macros set size:124320 disposed:false
163 silly fetch manifest typescript@>= 4.8.x
164 silly packumentCache full:https://registry.npmjs.org/typescript cache-miss
165 http cache https://registry.npmjs.org/typescript 70ms (cache hit)
166 silly packumentCache full:https://registry.npmjs.org/typescript set size:15095775 disposed:false
167 silly placeDep ROOT @antfu/ni@25.0.0 OK for: shadcn@3.6.2 want: ^25.0.0
168 silly placeDep ROOT @babel/core@7.28.5 OK for: shadcn@3.6.2 want: ^7.28.0
169 silly placeDep ROOT @babel/parser@7.28.5 OK for: shadcn@3.6.2 want: ^7.28.0
170 silly placeDep ROOT @babel/plugin-transform-typescript@7.28.5 OK for: shadcn@3.6.2 want: ^7.28.0
171 silly placeDep ROOT @babel/preset-typescript@7.28.5 OK for: shadcn@3.6.2 want: ^7.27.1
172 silly placeDep ROOT @dotenvx/dotenvx@1.51.4 OK for: shadcn@3.6.2 want: ^1.48.4
173 silly placeDep ROOT @modelcontextprotocol/sdk@1.25.1 OK for: shadcn@3.6.2 want: ^1.17.2
174 silly placeDep ROOT browserslist@4.28.1 OK for: shadcn@3.6.2 want: ^4.26.2
175 silly placeDep ROOT commander@14.0.2 OK for: shadcn@3.6.2 want: ^14.0.0
176 silly placeDep ROOT cosmiconfig@9.0.0 OK for: shadcn@3.6.2 want: ^9.0.0
177 silly placeDep ROOT dedent@1.7.1 OK for: shadcn@3.6.2 want: ^1.6.0
178 silly placeDep ROOT deepmerge@4.3.1 OK for: shadcn@3.6.2 want: ^4.3.1
179 silly placeDep ROOT diff@8.0.2 OK for: shadcn@3.6.2 want: ^8.0.2
180 silly placeDep ROOT execa@9.6.1 OK for: shadcn@3.6.2 want: ^9.6.0
181 silly placeDep ROOT fast-glob@3.3.3 OK for: shadcn@3.6.2 want: ^3.3.3
182 silly placeDep ROOT fs-extra@11.3.3 OK for: shadcn@3.6.2 want: ^11.3.1
183 silly placeDep ROOT fuzzysort@3.1.0 OK for: shadcn@3.6.2 want: ^3.1.0
184 silly placeDep ROOT https-proxy-agent@7.0.6 OK for: shadcn@3.6.2 want: ^7.0.6
185 silly placeDep ROOT kleur@4.1.5 OK for: shadcn@3.6.2 want: ^4.1.5
186 silly placeDep ROOT msw@2.12.7 OK for: shadcn@3.6.2 want: ^2.10.4
187 silly placeDep ROOT node-fetch@3.3.2 OK for: shadcn@3.6.2 want: ^3.3.2
188 silly placeDep ROOT open@11.0.0 OK for: shadcn@3.6.2 want: ^11.0.0
189 silly placeDep ROOT ora@8.2.0 OK for: shadcn@3.6.2 want: ^8.2.0
190 silly placeDep ROOT postcss@8.5.6 OK for: shadcn@3.6.2 want: ^8.5.6
191 silly placeDep ROOT postcss-selector-parser@7.1.1 OK for: shadcn@3.6.2 want: ^7.1.0
192 silly placeDep ROOT prompts@2.4.2 OK for: shadcn@3.6.2 want: ^2.4.2
193 silly placeDep ROOT recast@0.23.11 OK for: shadcn@3.6.2 want: ^0.23.11
194 silly placeDep ROOT stringify-object@5.0.0 OK for: shadcn@3.6.2 want: ^5.0.0
195 silly placeDep ROOT ts-morph@26.0.0 OK for: shadcn@3.6.2 want: ^26.0.0
196 silly placeDep ROOT tsconfig-paths@4.2.0 OK for: shadcn@3.6.2 want: ^4.2.0
197 silly placeDep ROOT zod@3.25.76 OK for: shadcn@3.6.2 want: ^3.24.1
198 silly placeDep ROOT zod-to-json-schema@3.25.1 OK for: shadcn@3.6.2 want: ^3.24.6
199 silly fetch manifest fzf@^0.5.2
200 silly packumentCache full:https://registry.npmjs.org/fzf cache-miss
201 silly fetch manifest ansis@^4.0.0
202 silly packumentCache full:https://registry.npmjs.org/ansis cache-miss
203 silly fetch manifest tinyexec@^1.0.1
204 silly packumentCache full:https://registry.npmjs.org/tinyexec cache-miss
205 silly fetch manifest package-manager-detector@^1.3.0
206 silly packumentCache full:https://registry.npmjs.org/package-manager-detector cache-miss
207 silly fetch manifest @babel/code-frame@^7.27.1
208 silly packumentCache full:https://registry.npmjs.org/@babel%2fcode-frame cache-miss
209 silly fetch manifest @babel/generator@^7.28.5
210 silly packumentCache full:https://registry.npmjs.org/@babel%2fgenerator cache-miss
211 silly fetch manifest @babel/helper-compilation-targets@^7.27.2
212 silly packumentCache full:https://registry.npmjs.org/@babel%2fhelper-compilation-targets cache-miss
213 http cache https://registry.npmjs.org/tinyexec 13ms (cache hit)
214 silly packumentCache full:https://registry.npmjs.org/tinyexec set size:38584 disposed:false
215 silly fetch manifest @babel/helper-module-transforms@^7.28.3
216 silly packumentCache full:https://registry.npmjs.org/@babel%2fhelper-module-transforms cache-miss
217 http cache https://registry.npmjs.org/ansis 16ms (cache hit)
218 silly packumentCache full:https://registry.npmjs.org/ansis set size:213062 disposed:false
219 silly fetch manifest @babel/helpers@^7.28.4
220 silly packumentCache full:https://registry.npmjs.org/@babel%2fhelpers cache-miss
221 http cache https://registry.npmjs.org/package-manager-detector 22ms (cache hit)
222 silly packumentCache full:https://registry.npmjs.org/package-manager-detector set size:66327 disposed:false
223 silly fetch manifest @babel/parser@^7.28.5
224 silly packumentCache full:https://registry.npmjs.org/@babel%2fparser cache-hit
225 silly fetch manifest @babel/template@^7.27.2
226 silly packumentCache full:https://registry.npmjs.org/@babel%2ftemplate cache-miss
227 http cache https://registry.npmjs.org/fzf 27ms (cache hit)
228 silly packumentCache full:https://registry.npmjs.org/fzf set size:31333 disposed:false
229 silly fetch manifest @babel/traverse@^7.28.5
230 silly packumentCache full:https://registry.npmjs.org/@babel%2ftraverse cache-miss
231 http cache https://registry.npmjs.org/@babel%2fgenerator 30ms (cache hit)
232 silly packumentCache full:https://registry.npmjs.org/@babel%2fgenerator set size:492269 disposed:false
233 silly fetch manifest @babel/types@^7.28.5
234 silly packumentCache full:https://registry.npmjs.org/@babel%2ftypes cache-miss
235 http cache https://registry.npmjs.org/@babel%2fcode-frame 38ms (cache hit)
236 silly packumentCache full:https://registry.npmjs.org/@babel%2fcode-frame set size:184359 disposed:false
237 silly fetch manifest @jridgewell/remapping@^2.3.5
238 silly packumentCache full:https://registry.npmjs.org/@jridgewell%2fremapping cache-miss
239 http cache https://registry.npmjs.org/@babel%2fhelper-compilation-targets 43ms (cache hit)
240 silly packumentCache full:https://registry.npmjs.org/@babel%2fhelper-compilation-targets set size:208417 disposed:false
241 silly fetch manifest convert-source-map@^2.0.0
242 silly packumentCache full:https://registry.npmjs.org/convert-source-map cache-miss
243 http cache https://registry.npmjs.org/@babel%2fhelper-module-transforms 48ms (cache hit)
244 silly packumentCache full:https://registry.npmjs.org/@babel%2fhelper-module-transforms set size:323311 disposed:false
245 silly fetch manifest debug@^4.1.0
246 silly packumentCache full:https://registry.npmjs.org/debug cache-miss
247 http cache https://registry.npmjs.org/@babel%2ftemplate 45ms (cache hit)
248 silly packumentCache full:https://registry.npmjs.org/@babel%2ftemplate set size:217684 disposed:false
249 silly fetch manifest gensync@^1.0.0-beta.2
250 silly packumentCache full:https://registry.npmjs.org/gensync cache-miss
251 http cache https://registry.npmjs.org/@babel%2fhelpers 52ms (cache hit)
252 silly packumentCache full:https://registry.npmjs.org/@babel%2fhelpers set size:376815 disposed:false
253 silly fetch manifest json5@^2.2.3
254 silly packumentCache full:https://registry.npmjs.org/json5 cache-miss
255 http cache https://registry.npmjs.org/convert-source-map 32ms (cache hit)
256 silly packumentCache full:https://registry.npmjs.org/convert-source-map set size:66997 disposed:false
257 silly fetch manifest semver@^6.3.1
258 silly packumentCache full:https://registry.npmjs.org/semver cache-miss
259 http cache https://registry.npmjs.org/@jridgewell%2fremapping 41ms (cache hit)
260 silly packumentCache full:https://registry.npmjs.org/@jridgewell%2fremapping set size:23809 disposed:false
261 silly fetch manifest @babel/types@^7.28.5
262 silly packumentCache full:https://registry.npmjs.org/@babel%2ftypes cache-miss
263 http cache https://registry.npmjs.org/@babel%2ftypes 48ms (cache hit)
264 silly packumentCache full:https://registry.npmjs.org/@babel%2ftypes set size:475698 disposed:false
265 silly fetch manifest @babel/helper-annotate-as-pure@^7.27.3
266 silly packumentCache full:https://registry.npmjs.org/@babel%2fhelper-annotate-as-pure cache-miss
267 http cache https://registry.npmjs.org/@babel%2ftraverse 62ms (cache hit)
268 silly packumentCache full:https://registry.npmjs.org/@babel%2ftraverse set size:535703 disposed:false
269 silly fetch manifest @babel/helper-create-class-features-plugin@^7.28.5
270 silly packumentCache full:https://registry.npmjs.org/@babel%2fhelper-create-class-features-plugin cache-miss
271 http cache https://registry.npmjs.org/debug 51ms (cache hit)
272 silly packumentCache full:https://registry.npmjs.org/debug set size:195840 disposed:false
273 silly fetch manifest @babel/helper-plugin-utils@^7.27.1
274 silly packumentCache full:https://registry.npmjs.org/@babel%2fhelper-plugin-utils cache-miss
275 http cache https://registry.npmjs.org/json5 50ms (cache hit)
276 silly packumentCache full:https://registry.npmjs.org/json5 set size:86136 disposed:false
277 silly fetch manifest @babel/helper-skip-transparent-expression-wrappers@^7.27.1
278 silly packumentCache full:https://registry.npmjs.org/@babel%2fhelper-skip-transparent-expression-wrappers cache-miss
279 http cache https://registry.npmjs.org/gensync 65ms (cache hit)
280 silly packumentCache full:https://registry.npmjs.org/gensync set size:15068 disposed:false
281 silly fetch manifest @babel/plugin-syntax-typescript@^7.27.1
282 silly packumentCache full:https://registry.npmjs.org/@babel%2fplugin-syntax-typescript cache-miss
283 http cache https://registry.npmjs.org/semver 59ms (cache hit)
284 silly packumentCache full:https://registry.npmjs.org/semver set size:226907 disposed:false
285 silly fetch manifest @babel/helper-plugin-utils@^7.27.1
286 silly packumentCache full:https://registry.npmjs.org/@babel%2fhelper-plugin-utils cache-miss
287 http cache https://registry.npmjs.org/@babel%2fhelper-annotate-as-pure 59ms (cache hit)
288 silly packumentCache full:https://registry.npmjs.org/@babel%2fhelper-annotate-as-pure set size:163876 disposed:false
289 silly fetch manifest @babel/helper-validator-option@^7.27.1
290 silly packumentCache full:https://registry.npmjs.org/@babel%2fhelper-validator-option cache-miss
291 http cache https://registry.npmjs.org/@babel%2ftypes 74ms (cache hit)
292 silly packumentCache full:https://registry.npmjs.org/@babel%2ftypes set size:475698 disposed:false
293 silly packumentCache full:https://registry.npmjs.org/@babel%2ftypes dispose
294 silly fetch manifest @babel/plugin-syntax-jsx@^7.27.1
295 silly packumentCache full:https://registry.npmjs.org/@babel%2fplugin-syntax-jsx cache-miss
296 http cache https://registry.npmjs.org/@babel%2fhelper-create-class-features-plugin 70ms (cache hit)
297 silly packumentCache full:https://registry.npmjs.org/@babel%2fhelper-create-class-features-plugin set size:352979 disposed:false
298 silly fetch manifest @babel/plugin-transform-modules-commonjs@^7.27.1
299 silly packumentCache full:https://registry.npmjs.org/@babel%2fplugin-transform-modules-commonjs cache-miss
300 http cache https://registry.npmjs.org/@babel%2fhelper-skip-transparent-expression-wrappers 76ms (cache hit)
301 silly packumentCache full:https://registry.npmjs.org/@babel%2fhelper-skip-transparent-expression-wrappers set size:87846 disposed:false
302 silly fetch manifest commander@^11.1.0
303 silly packumentCache full:https://registry.npmjs.org/commander cache-hit
304 silly fetch manifest dotenv@^17.2.1
305 silly packumentCache full:https://registry.npmjs.org/dotenv cache-miss
306 http cache https://registry.npmjs.org/@babel%2fhelper-plugin-utils 92ms (cache hit)
307 silly packumentCache full:https://registry.npmjs.org/@babel%2fhelper-plugin-utils set size:154800 disposed:false
308 silly fetch manifest eciesjs@^0.4.10
309 silly packumentCache full:https://registry.npmjs.org/eciesjs cache-miss
310 http cache https://registry.npmjs.org/@babel%2fhelper-plugin-utils 79ms (cache hit)
311 silly packumentCache full:https://registry.npmjs.org/@babel%2fhelper-plugin-utils set size:154800 disposed:false
312 silly packumentCache full:https://registry.npmjs.org/@babel%2fhelper-plugin-utils dispose
313 silly fetch manifest execa@^5.1.1
314 silly packumentCache full:https://registry.npmjs.org/execa cache-hit
315 silly fetch manifest fdir@^6.2.0
316 silly packumentCache full:https://registry.npmjs.org/fdir cache-miss
317 http cache https://registry.npmjs.org/@babel%2fplugin-syntax-typescript 91ms (cache hit)
318 silly packumentCache full:https://registry.npmjs.org/@babel%2fplugin-syntax-typescript set size:196216 disposed:false
319 silly fetch manifest ignore@^5.3.0
320 silly packumentCache full:https://registry.npmjs.org/ignore cache-miss
321 http cache https://registry.npmjs.org/@babel%2fhelper-validator-option 80ms (cache hit)
322 silly packumentCache full:https://registry.npmjs.org/@babel%2fhelper-validator-option set size:85362 disposed:false
323 silly fetch manifest object-treeify@1.1.33
324 silly packumentCache full:https://registry.npmjs.org/object-treeify cache-miss
325 http cache https://registry.npmjs.org/@babel%2fplugin-syntax-jsx 73ms (cache hit)
326 silly packumentCache full:https://registry.npmjs.org/@babel%2fplugin-syntax-jsx set size:173491 disposed:false
327 silly fetch manifest picomatch@^4.0.2
328 silly packumentCache full:https://registry.npmjs.org/picomatch cache-miss
329 http cache https://registry.npmjs.org/@babel%2fplugin-transform-modules-commonjs 74ms (cache hit)
330 silly packumentCache full:https://registry.npmjs.org/@babel%2fplugin-transform-modules-commonjs set size:288820 disposed:false
331 silly fetch manifest which@^4.0.0
332 silly packumentCache full:https://registry.npmjs.org/which cache-miss
333 http cache https://registry.npmjs.org/dotenv 53ms (cache hit)
334 silly packumentCache full:https://registry.npmjs.org/dotenv set size:261324 disposed:false
335 silly fetch manifest @hono/node-server@^1.19.7
336 silly packumentCache full:https://registry.npmjs.org/@hono%2fnode-server cache-miss
337 http cache https://registry.npmjs.org/ignore 40ms (cache hit)
338 silly packumentCache full:https://registry.npmjs.org/ignore set size:237380 disposed:false
339 silly fetch manifest ajv@^8.17.1
340 silly packumentCache full:https://registry.npmjs.org/ajv cache-miss
341 http cache https://registry.npmjs.org/fdir 52ms (cache hit)
342 silly packumentCache full:https://registry.npmjs.org/fdir set size:136182 disposed:false
343 silly fetch manifest ajv-formats@^3.0.1
344 silly packumentCache full:https://registry.npmjs.org/ajv-formats cache-miss
345 http cache https://registry.npmjs.org/eciesjs 62ms (cache hit)
346 silly packumentCache full:https://registry.npmjs.org/eciesjs set size:128940 disposed:false
347 silly fetch manifest content-type@^1.0.5
348 silly packumentCache full:https://registry.npmjs.org/content-type cache-miss
349 http cache https://registry.npmjs.org/object-treeify 52ms (cache hit)
350 silly packumentCache full:https://registry.npmjs.org/object-treeify set size:214540 disposed:false
351 silly fetch manifest cors@^2.8.5
352 silly packumentCache full:https://registry.npmjs.org/cors cache-miss
353 http cache https://registry.npmjs.org/picomatch 53ms (cache hit)
354 silly packumentCache full:https://registry.npmjs.org/picomatch set size:118818 disposed:false
355 silly fetch manifest cross-spawn@^7.0.5
356 silly packumentCache full:https://registry.npmjs.org/cross-spawn cache-miss
357 http cache https://registry.npmjs.org/which 44ms (cache hit)
358 silly packumentCache full:https://registry.npmjs.org/which set size:65264 disposed:false
359 silly fetch manifest eventsource@^3.0.2
360 silly packumentCache full:https://registry.npmjs.org/eventsource cache-miss
361 http cache https://registry.npmjs.org/@hono%2fnode-server 49ms (cache hit)
362 silly packumentCache full:https://registry.npmjs.org/@hono%2fnode-server set size:213041 disposed:false
363 silly fetch manifest eventsource-parser@^3.0.0
364 silly packumentCache full:https://registry.npmjs.org/eventsource-parser cache-miss
365 http cache https://registry.npmjs.org/ajv-formats 44ms (cache hit)
366 silly packumentCache full:https://registry.npmjs.org/ajv-formats set size:141264 disposed:false
367 silly fetch manifest express@^5.0.1
368 silly packumentCache full:https://registry.npmjs.org/express cache-miss
369 http cache https://registry.npmjs.org/ajv 53ms (cache hit)
370 silly packumentCache full:https://registry.npmjs.org/ajv set size:1126055 disposed:false
371 silly fetch manifest express-rate-limit@^7.5.0
372 silly packumentCache full:https://registry.npmjs.org/express-rate-limit cache-miss
373 http cache https://registry.npmjs.org/cors 61ms (cache hit)
374 silly packumentCache full:https://registry.npmjs.org/cors set size:73833 disposed:false
375 silly fetch manifest jose@^6.1.1
376 silly packumentCache full:https://registry.npmjs.org/jose cache-miss
377 http cache https://registry.npmjs.org/content-type 69ms (cache hit)
378 silly packumentCache full:https://registry.npmjs.org/content-type set size:17311 disposed:false
379 silly fetch manifest json-schema-typed@^8.0.2
380 silly packumentCache full:https://registry.npmjs.org/json-schema-typed cache-miss
381 http cache https://registry.npmjs.org/cross-spawn 64ms (cache hit)
382 silly packumentCache full:https://registry.npmjs.org/cross-spawn set size:109066 disposed:false
383 silly fetch manifest pkce-challenge@^5.0.0
384 silly packumentCache full:https://registry.npmjs.org/pkce-challenge cache-miss
385 http cache https://registry.npmjs.org/eventsource 65ms (cache hit)
386 silly packumentCache full:https://registry.npmjs.org/eventsource set size:128214 disposed:false
387 silly fetch manifest raw-body@^3.0.0
388 silly packumentCache full:https://registry.npmjs.org/raw-body cache-miss
389 http cache https://registry.npmjs.org/eventsource-parser 64ms (cache hit)
390 silly packumentCache full:https://registry.npmjs.org/eventsource-parser set size:66053 disposed:false
391 silly fetch manifest zod@^3.25 || ^4.0
392 silly packumentCache full:https://registry.npmjs.org/zod cache-miss
393 http cache https://registry.npmjs.org/express-rate-limit 46ms (cache hit)
394 silly packumentCache full:https://registry.npmjs.org/express-rate-limit set size:399017 disposed:false
395 silly fetch manifest zod-to-json-schema@^3.25.0
396 silly packumentCache full:https://registry.npmjs.org/zod-to-json-schema cache-hit
397 silly fetch manifest baseline-browser-mapping@^2.9.0
398 silly packumentCache full:https://registry.npmjs.org/baseline-browser-mapping cache-miss
399 http cache https://registry.npmjs.org/pkce-challenge 52ms (cache hit)
400 silly packumentCache full:https://registry.npmjs.org/pkce-challenge set size:34200 disposed:false
401 silly fetch manifest caniuse-lite@^1.0.30001759
402 silly packumentCache full:https://registry.npmjs.org/caniuse-lite cache-miss
403 http cache https://registry.npmjs.org/express 89ms (cache hit)
404 silly packumentCache full:https://registry.npmjs.org/express set size:801203 disposed:false
405 silly fetch manifest electron-to-chromium@^1.5.263
406 silly packumentCache full:https://registry.npmjs.org/electron-to-chromium cache-miss
407 http cache https://registry.npmjs.org/json-schema-typed 86ms (cache hit)
408 silly packumentCache full:https://registry.npmjs.org/json-schema-typed set size:26165 disposed:false
409 silly fetch manifest node-releases@^2.0.27
410 silly packumentCache full:https://registry.npmjs.org/node-releases cache-miss
411 http cache https://registry.npmjs.org/jose 93ms (cache hit)
412 silly packumentCache full:https://registry.npmjs.org/jose set size:1390941 disposed:false
413 silly fetch manifest update-browserslist-db@^1.2.0
414 silly packumentCache full:https://registry.npmjs.org/update-browserslist-db cache-miss
415 http cache https://registry.npmjs.org/raw-body 104ms (cache hit)
416 silly packumentCache full:https://registry.npmjs.org/raw-body set size:117767 disposed:false
417 silly fetch manifest env-paths@^2.2.1
418 silly packumentCache full:https://registry.npmjs.org/env-paths cache-miss
419 http cache https://registry.npmjs.org/baseline-browser-mapping 80ms (cache hit)
420 silly packumentCache full:https://registry.npmjs.org/baseline-browser-mapping set size:356541 disposed:false
421 silly fetch manifest import-fresh@^3.3.0
422 silly packumentCache full:https://registry.npmjs.org/import-fresh cache-miss
423 http cache https://registry.npmjs.org/zod 125ms (cache hit)
424 silly packumentCache full:https://registry.npmjs.org/zod set size:3462856 disposed:false
425 silly fetch manifest js-yaml@^4.1.0
426 silly packumentCache full:https://registry.npmjs.org/js-yaml cache-miss
427 http cache https://registry.npmjs.org/node-releases 135ms (cache hit)
428 silly packumentCache full:https://registry.npmjs.org/node-releases set size:269192 disposed:false
429 silly fetch manifest parse-json@^5.2.0
430 silly packumentCache full:https://registry.npmjs.org/parse-json cache-miss
431 http cache https://registry.npmjs.org/caniuse-lite 174ms (cache hit)
432 silly packumentCache full:https://registry.npmjs.org/caniuse-lite set size:2238369 disposed:false
433 silly fetch manifest @sindresorhus/merge-streams@^4.0.0
434 silly packumentCache full:https://registry.npmjs.org/@sindresorhus%2fmerge-streams cache-miss
435 http cache https://registry.npmjs.org/electron-to-chromium 176ms (cache hit)
436 silly packumentCache full:https://registry.npmjs.org/electron-to-chromium set size:4707129 disposed:false
437 silly fetch manifest cross-spawn@^7.0.6
438 silly packumentCache full:https://registry.npmjs.org/cross-spawn cache-hit
439 silly fetch manifest figures@^6.1.0
440 silly packumentCache full:https://registry.npmjs.org/figures cache-miss
441 http cache https://registry.npmjs.org/update-browserslist-db 201ms (cache hit)
442 silly packumentCache full:https://registry.npmjs.org/update-browserslist-db set size:62000 disposed:false
443 silly fetch manifest get-stream@^9.0.0
444 silly packumentCache full:https://registry.npmjs.org/get-stream cache-miss
445 http cache https://registry.npmjs.org/env-paths 199ms (cache hit)
446 silly packumentCache full:https://registry.npmjs.org/env-paths set size:25456 disposed:false
447 silly fetch manifest human-signals@^8.0.1
448 silly packumentCache full:https://registry.npmjs.org/human-signals cache-miss
449 http cache https://registry.npmjs.org/import-fresh 176ms (cache hit)
450 silly packumentCache full:https://registry.npmjs.org/import-fresh set size:21461 disposed:false
451 silly fetch manifest is-plain-obj@^4.1.0
452 silly packumentCache full:https://registry.npmjs.org/is-plain-obj cache-miss
453 http cache https://registry.npmjs.org/js-yaml 110ms (cache hit)
454 silly packumentCache full:https://registry.npmjs.org/js-yaml set size:152232 disposed:false
455 silly fetch manifest is-stream@^4.0.1
456 silly packumentCache full:https://registry.npmjs.org/is-stream cache-miss
457 http cache https://registry.npmjs.org/parse-json 104ms (cache hit)
458 silly packumentCache full:https://registry.npmjs.org/parse-json set size:48198 disposed:false
459 silly fetch manifest npm-run-path@^6.0.0
460 silly packumentCache full:https://registry.npmjs.org/npm-run-path cache-miss
461 http cache https://registry.npmjs.org/@sindresorhus%2fmerge-streams 82ms (cache hit)
462 silly packumentCache full:https://registry.npmjs.org/@sindresorhus%2fmerge-streams set size:23303 disposed:false
463 silly fetch manifest pretty-ms@^9.2.0
464 silly packumentCache full:https://registry.npmjs.org/pretty-ms cache-miss
465 http cache https://registry.npmjs.org/figures 23ms (cache hit)
466 silly packumentCache full:https://registry.npmjs.org/figures set size:64597 disposed:false
467 silly fetch manifest signal-exit@^4.1.0
468 silly packumentCache full:https://registry.npmjs.org/signal-exit cache-miss
469 http cache https://registry.npmjs.org/get-stream 23ms (cache hit)
470 silly packumentCache full:https://registry.npmjs.org/get-stream set size:57536 disposed:false
471 silly fetch manifest strip-final-newline@^4.0.0
472 silly packumentCache full:https://registry.npmjs.org/strip-final-newline cache-miss
473 http cache https://registry.npmjs.org/human-signals 27ms (cache hit)
474 silly packumentCache full:https://registry.npmjs.org/human-signals set size:47322 disposed:false
475 silly fetch manifest yoctocolors@^2.1.1
476 silly packumentCache full:https://registry.npmjs.org/yoctocolors cache-miss
477 http cache https://registry.npmjs.org/npm-run-path 20ms (cache hit)
478 silly packumentCache full:https://registry.npmjs.org/npm-run-path set size:33596 disposed:false
479 silly fetch manifest @nodelib/fs.stat@^2.0.2
480 silly packumentCache full:https://registry.npmjs.org/@nodelib%2ffs.stat cache-miss
481 http cache https://registry.npmjs.org/is-stream 26ms (cache hit)
482 silly packumentCache full:https://registry.npmjs.org/is-stream set size:18582 disposed:false
483 silly fetch manifest @nodelib/fs.walk@^1.2.3
484 silly packumentCache full:https://registry.npmjs.org/@nodelib%2ffs.walk cache-miss
485 http cache https://registry.npmjs.org/is-plain-obj 33ms (cache hit)
486 silly packumentCache full:https://registry.npmjs.org/is-plain-obj set size:17899 disposed:false
487 silly fetch manifest glob-parent@^5.1.2
488 silly packumentCache full:https://registry.npmjs.org/glob-parent cache-miss
489 http cache https://registry.npmjs.org/signal-exit 26ms (cache hit)
490 silly packumentCache full:https://registry.npmjs.org/signal-exit set size:53489 disposed:false
491 silly fetch manifest merge2@^1.3.0
492 silly packumentCache full:https://registry.npmjs.org/merge2 cache-miss
493 http cache https://registry.npmjs.org/strip-final-newline 25ms (cache hit)
494 silly packumentCache full:https://registry.npmjs.org/strip-final-newline set size:9328 disposed:false
495 silly fetch manifest micromatch@^4.0.8
496 silly packumentCache full:https://registry.npmjs.org/micromatch cache-miss
497 http cache https://registry.npmjs.org/pretty-ms 31ms (cache hit)
498 silly packumentCache full:https://registry.npmjs.org/pretty-ms set size:61783 disposed:false
499 silly fetch manifest graceful-fs@^4.2.0
500 silly packumentCache full:https://registry.npmjs.org/graceful-fs cache-miss
501 http cache https://registry.npmjs.org/yoctocolors 32ms (cache hit)
502 silly packumentCache full:https://registry.npmjs.org/yoctocolors set size:25767 disposed:false
503 silly fetch manifest jsonfile@^6.0.1
504 silly packumentCache full:https://registry.npmjs.org/jsonfile cache-miss
505 http cache https://registry.npmjs.org/@nodelib%2ffs.stat 35ms (cache hit)
506 silly packumentCache full:https://registry.npmjs.org/@nodelib%2ffs.stat set size:36993 disposed:false
507 silly fetch manifest universalify@^2.0.0
508 silly packumentCache full:https://registry.npmjs.org/universalify cache-miss
509 http cache https://registry.npmjs.org/@nodelib%2ffs.walk 35ms (cache hit)
510 silly packumentCache full:https://registry.npmjs.org/@nodelib%2ffs.walk set size:41589 disposed:false
511 silly fetch manifest debug@4
512 silly packumentCache full:https://registry.npmjs.org/debug cache-hit
513 silly fetch manifest agent-base@^7.1.2
514 silly packumentCache full:https://registry.npmjs.org/agent-base cache-miss
515 http cache https://registry.npmjs.org/glob-parent 36ms (cache hit)
516 silly packumentCache full:https://registry.npmjs.org/glob-parent set size:42445 disposed:false
517 silly fetch manifest @inquirer/confirm@^5.0.0
518 silly packumentCache full:https://registry.npmjs.org/@inquirer%2fconfirm cache-miss
519 http cache https://registry.npmjs.org/merge2 38ms (cache hit)
520 silly packumentCache full:https://registry.npmjs.org/merge2 set size:46159 disposed:false
521 silly fetch manifest @mswjs/interceptors@^0.40.0
522 silly packumentCache full:https://registry.npmjs.org/@mswjs%2finterceptors cache-miss
523 http cache https://registry.npmjs.org/graceful-fs 38ms (cache hit)
524 silly packumentCache full:https://registry.npmjs.org/graceful-fs set size:124285 disposed:false
525 silly fetch manifest @open-draft/deferred-promise@^2.2.0
526 silly packumentCache full:https://registry.npmjs.org/@open-draft%2fdeferred-promise cache-miss
527 http cache https://registry.npmjs.org/micromatch 46ms (cache hit)
528 silly packumentCache full:https://registry.npmjs.org/micromatch set size:240630 disposed:false
529 silly fetch manifest @types/statuses@^2.0.6
530 silly packumentCache full:https://registry.npmjs.org/@types%2fstatuses cache-miss
531 http cache https://registry.npmjs.org/jsonfile 47ms (cache hit)
532 silly packumentCache full:https://registry.npmjs.org/jsonfile set size:51505 disposed:false
533 silly fetch manifest cookie@^1.0.2
534 silly packumentCache full:https://registry.npmjs.org/cookie cache-miss
535 http cache https://registry.npmjs.org/universalify 52ms (cache hit)
536 silly packumentCache full:https://registry.npmjs.org/universalify set size:19431 disposed:false
537 silly fetch manifest graphql@^16.12.0
538 silly packumentCache full:https://registry.npmjs.org/graphql cache-miss
539 http cache https://registry.npmjs.org/agent-base 52ms (cache hit)
540 silly packumentCache full:https://registry.npmjs.org/agent-base set size:67460 disposed:false
541 silly fetch manifest headers-polyfill@^4.0.2
542 silly packumentCache full:https://registry.npmjs.org/headers-polyfill cache-miss
543 http cache https://registry.npmjs.org/@inquirer%2fconfirm 55ms (cache hit)
544 silly packumentCache full:https://registry.npmjs.org/@inquirer%2fconfirm set size:291330 disposed:false
545 silly fetch manifest is-node-process@^1.2.0
546 silly packumentCache full:https://registry.npmjs.org/is-node-process cache-miss
547 http cache https://registry.npmjs.org/@mswjs%2finterceptors 63ms (cache hit)
548 silly packumentCache full:https://registry.npmjs.org/@mswjs%2finterceptors set size:1073156 disposed:false
549 silly fetch manifest outvariant@^1.4.3
550 silly packumentCache full:https://registry.npmjs.org/outvariant cache-miss
551 http cache https://registry.npmjs.org/@types%2fstatuses 75ms (cache hit)
552 silly packumentCache full:https://registry.npmjs.org/@types%2fstatuses set size:39603 disposed:false
553 silly fetch manifest path-to-regexp@^6.3.0
554 silly packumentCache full:https://registry.npmjs.org/path-to-regexp cache-miss
555 http cache https://registry.npmjs.org/@open-draft%2fdeferred-promise 84ms (cache hit)
556 silly packumentCache full:https://registry.npmjs.org/@open-draft%2fdeferred-promise set size:29503 disposed:false
557 silly fetch manifest picocolors@^1.1.1
558 silly packumentCache full:https://registry.npmjs.org/picocolors cache-miss
559 http cache https://registry.npmjs.org/cookie 73ms (cache hit)
560 silly packumentCache full:https://registry.npmjs.org/cookie set size:72891 disposed:false
561 silly fetch manifest rettime@^0.7.0
562 silly packumentCache full:https://registry.npmjs.org/rettime cache-miss
563 http cache https://registry.npmjs.org/graphql 85ms (cache hit)
564 silly packumentCache full:https://registry.npmjs.org/graphql set size:800855 disposed:false
565 silly fetch manifest statuses@^2.0.2
566 silly packumentCache full:https://registry.npmjs.org/statuses cache-miss
567 http cache https://registry.npmjs.org/headers-polyfill 97ms (cache hit)
568 silly packumentCache full:https://registry.npmjs.org/headers-polyfill set size:69693 disposed:false
569 silly fetch manifest strict-event-emitter@^0.5.1
570 silly packumentCache full:https://registry.npmjs.org/strict-event-emitter cache-miss
571 http cache https://registry.npmjs.org/is-node-process 91ms (cache hit)
572 silly packumentCache full:https://registry.npmjs.org/is-node-process set size:12779 disposed:false
573 silly fetch manifest tough-cookie@^6.0.0
574 silly packumentCache full:https://registry.npmjs.org/tough-cookie cache-miss
575 http cache https://registry.npmjs.org/outvariant 70ms (cache hit)
576 silly packumentCache full:https://registry.npmjs.org/outvariant set size:39905 disposed:false
577 silly fetch manifest type-fest@^5.2.0
578 silly packumentCache full:https://registry.npmjs.org/type-fest cache-miss
579 http cache https://registry.npmjs.org/path-to-regexp 66ms (cache hit)
580 silly packumentCache full:https://registry.npmjs.org/path-to-regexp set size:207142 disposed:false
581 silly fetch manifest until-async@^3.0.2
582 silly packumentCache full:https://registry.npmjs.org/until-async cache-miss
583 http cache https://registry.npmjs.org/picocolors 75ms (cache hit)
584 silly packumentCache full:https://registry.npmjs.org/picocolors set size:16648 disposed:false
585 silly fetch manifest yargs@^17.7.2
586 silly packumentCache full:https://registry.npmjs.org/yargs cache-miss
587 http cache https://registry.npmjs.org/rettime 74ms (cache hit)
588 silly packumentCache full:https://registry.npmjs.org/rettime set size:40705 disposed:false
589 silly fetch manifest data-uri-to-buffer@^4.0.0
590 silly packumentCache full:https://registry.npmjs.org/data-uri-to-buffer cache-miss
591 http cache https://registry.npmjs.org/statuses 43ms (cache hit)
592 silly packumentCache full:https://registry.npmjs.org/statuses set size:37117 disposed:false
593 silly fetch manifest fetch-blob@^3.1.4
594 silly packumentCache full:https://registry.npmjs.org/fetch-blob cache-miss
595 http cache https://registry.npmjs.org/tough-cookie 39ms (cache hit)
596 silly packumentCache full:https://registry.npmjs.org/tough-cookie set size:145095 disposed:false
597 silly fetch manifest formdata-polyfill@^4.0.10
598 silly packumentCache full:https://registry.npmjs.org/formdata-polyfill cache-miss
599 http cache https://registry.npmjs.org/type-fest 44ms (cache hit)
600 silly packumentCache full:https://registry.npmjs.org/type-fest set size:542005 disposed:false
601 silly fetch manifest default-browser@^5.4.0
602 silly packumentCache full:https://registry.npmjs.org/default-browser cache-miss
603 http cache https://registry.npmjs.org/strict-event-emitter 66ms (cache hit)
604 silly packumentCache full:https://registry.npmjs.org/strict-event-emitter set size:59367 disposed:false
605 silly fetch manifest define-lazy-prop@^3.0.0
606 silly packumentCache full:https://registry.npmjs.org/define-lazy-prop cache-miss
607 http cache https://registry.npmjs.org/until-async 55ms (cache hit)
608 silly packumentCache full:https://registry.npmjs.org/until-async set size:5797 disposed:false
609 silly fetch manifest is-in-ssh@^1.0.0
610 silly packumentCache full:https://registry.npmjs.org/is-in-ssh cache-miss
611 http cache https://registry.npmjs.org/yargs 60ms (cache hit)
612 silly packumentCache full:https://registry.npmjs.org/yargs set size:743056 disposed:false
613 silly fetch manifest is-inside-container@^1.0.0
614 silly packumentCache full:https://registry.npmjs.org/is-inside-container cache-miss
615 http cache https://registry.npmjs.org/data-uri-to-buffer 78ms (cache hit)
616 silly packumentCache full:https://registry.npmjs.org/data-uri-to-buffer set size:43253 disposed:false
617 silly fetch manifest powershell-utils@^0.1.0
618 silly packumentCache full:https://registry.npmjs.org/powershell-utils cache-miss
619 http cache https://registry.npmjs.org/fetch-blob 87ms (cache hit)
620 silly packumentCache full:https://registry.npmjs.org/fetch-blob set size:73704 disposed:false
621 silly fetch manifest wsl-utils@^0.3.0
622 silly packumentCache full:https://registry.npmjs.org/wsl-utils cache-miss
623 http cache https://registry.npmjs.org/formdata-polyfill 86ms (cache hit)
624 silly packumentCache full:https://registry.npmjs.org/formdata-polyfill set size:94446 disposed:false
625 silly fetch manifest chalk@^5.3.0
626 silly packumentCache full:https://registry.npmjs.org/chalk cache-miss
627 http cache https://registry.npmjs.org/default-browser 77ms (cache hit)
628 silly packumentCache full:https://registry.npmjs.org/default-browser set size:29565 disposed:false
629 silly fetch manifest cli-cursor@^5.0.0
630 silly packumentCache full:https://registry.npmjs.org/cli-cursor cache-miss
631 http cache https://registry.npmjs.org/define-lazy-prop 73ms (cache hit)
632 silly packumentCache full:https://registry.npmjs.org/define-lazy-prop set size:9337 disposed:false
633 silly fetch manifest strip-ansi@^7.1.0
634 silly packumentCache full:https://registry.npmjs.org/strip-ansi cache-miss
635 http cache https://registry.npmjs.org/is-in-ssh 70ms (cache hit)
636 silly packumentCache full:https://registry.npmjs.org/is-in-ssh set size:3973 disposed:false
637 silly fetch manifest log-symbols@^6.0.0
638 silly packumentCache full:https://registry.npmjs.org/log-symbols cache-miss
639 http cache https://registry.npmjs.org/is-inside-container 58ms (cache hit)
640 silly packumentCache full:https://registry.npmjs.org/is-inside-container set size:4403 disposed:false
641 silly fetch manifest cli-spinners@^2.9.2
642 silly packumentCache full:https://registry.npmjs.org/cli-spinners cache-miss
643 http cache https://registry.npmjs.org/powershell-utils 48ms (cache hit)
644 silly packumentCache full:https://registry.npmjs.org/powershell-utils set size:6247 disposed:false
645 silly fetch manifest string-width@^7.2.0
646 silly packumentCache full:https://registry.npmjs.org/string-width cache-miss
647 http cache https://registry.npmjs.org/wsl-utils 55ms (cache hit)
648 silly packumentCache full:https://registry.npmjs.org/wsl-utils set size:10927 disposed:false
649 silly fetch manifest is-interactive@^2.0.0
650 silly packumentCache full:https://registry.npmjs.org/is-interactive cache-miss
651 http cache https://registry.npmjs.org/chalk 54ms (cache hit)
652 silly packumentCache full:https://registry.npmjs.org/chalk set size:117861 disposed:false
653 silly fetch manifest stdin-discarder@^0.2.2
654 silly packumentCache full:https://registry.npmjs.org/stdin-discarder cache-miss
655 http cache https://registry.npmjs.org/strip-ansi 55ms (cache hit)
656 silly packumentCache full:https://registry.npmjs.org/strip-ansi set size:41855 disposed:false
657 silly fetch manifest is-unicode-supported@^2.0.0
658 silly packumentCache full:https://registry.npmjs.org/is-unicode-supported cache-miss
659 http cache https://registry.npmjs.org/cli-cursor 62ms (cache hit)
660 silly packumentCache full:https://registry.npmjs.org/cli-cursor set size:18913 disposed:false
661 silly fetch manifest nanoid@^3.3.11
662 silly packumentCache full:https://registry.npmjs.org/nanoid cache-miss
663 http cache https://registry.npmjs.org/log-symbols 59ms (cache hit)
664 silly packumentCache full:https://registry.npmjs.org/log-symbols set size:31977 disposed:false
665 silly fetch manifest source-map-js@^1.2.1
666 silly packumentCache full:https://registry.npmjs.org/source-map-js cache-miss
667 http cache https://registry.npmjs.org/cli-spinners 51ms (cache hit)
668 silly packumentCache full:https://registry.npmjs.org/cli-spinners set size:65427 disposed:false
669 silly fetch manifest cssesc@^3.0.0
670 silly packumentCache full:https://registry.npmjs.org/cssesc cache-miss
671 http cache https://registry.npmjs.org/string-width 58ms (cache hit)
672 silly packumentCache full:https://registry.npmjs.org/string-width set size:64158 disposed:false
673 silly fetch manifest util-deprecate@^1.0.2
674 silly packumentCache full:https://registry.npmjs.org/util-deprecate cache-miss
675 http cache https://registry.npmjs.org/is-interactive 46ms (cache hit)
676 silly packumentCache full:https://registry.npmjs.org/is-interactive set size:10692 disposed:false
677 silly fetch manifest kleur@^3.0.3
678 silly packumentCache full:https://registry.npmjs.org/kleur cache-hit
679 silly fetch manifest sisteransi@^1.0.5
680 silly packumentCache full:https://registry.npmjs.org/sisteransi cache-miss
681 http cache https://registry.npmjs.org/is-unicode-supported 42ms (cache hit)
682 silly packumentCache full:https://registry.npmjs.org/is-unicode-supported set size:19461 disposed:false
683 silly fetch manifest ast-types@^0.16.1
684 silly packumentCache full:https://registry.npmjs.org/ast-types cache-miss
685 http cache https://registry.npmjs.org/stdin-discarder 49ms (cache hit)
686 silly packumentCache full:https://registry.npmjs.org/stdin-discarder set size:11634 disposed:false
687 silly fetch manifest esprima@~4.0.0
688 silly packumentCache full:https://registry.npmjs.org/esprima cache-miss
689 http cache https://registry.npmjs.org/source-map-js 42ms (cache hit)
690 silly packumentCache full:https://registry.npmjs.org/source-map-js set size:62640 disposed:false
691 silly fetch manifest source-map@~0.6.1
692 silly packumentCache full:https://registry.npmjs.org/source-map cache-miss
693 http cache https://registry.npmjs.org/nanoid 51ms (cache hit)
694 silly packumentCache full:https://registry.npmjs.org/nanoid set size:298419 disposed:false
695 silly fetch manifest tiny-invariant@^1.3.3
696 silly packumentCache full:https://registry.npmjs.org/tiny-invariant cache-miss
697 http cache https://registry.npmjs.org/cssesc 57ms (cache hit)
698 silly packumentCache full:https://registry.npmjs.org/cssesc set size:18815 disposed:false
699 silly fetch manifest tslib@^2.0.1
700 silly packumentCache full:https://registry.npmjs.org/tslib cache-miss
701 http cache https://registry.npmjs.org/util-deprecate 52ms (cache hit)
702 silly packumentCache full:https://registry.npmjs.org/util-deprecate set size:6674 disposed:false
703 silly fetch manifest is-obj@^3.0.0
704 silly packumentCache full:https://registry.npmjs.org/is-obj cache-miss
705 http cache https://registry.npmjs.org/esprima 41ms (cache hit)
706 silly packumentCache full:https://registry.npmjs.org/esprima set size:118410 disposed:false
707 silly fetch manifest is-regexp@^3.1.0
708 silly packumentCache full:https://registry.npmjs.org/is-regexp cache-miss
709 http cache https://registry.npmjs.org/ast-types 51ms (cache hit)
710 silly packumentCache full:https://registry.npmjs.org/ast-types set size:443020 disposed:false
711 silly fetch manifest get-own-enumerable-keys@^1.0.0
712 silly packumentCache full:https://registry.npmjs.org/get-own-enumerable-keys cache-miss
713 http cache https://registry.npmjs.org/sisteransi 61ms (cache hit)
714 silly packumentCache full:https://registry.npmjs.org/sisteransi set size:23215 disposed:false
715 silly fetch manifest @ts-morph/common@~0.27.0
716 silly packumentCache full:https://registry.npmjs.org/@ts-morph%2fcommon cache-miss
717 http cache https://registry.npmjs.org/tiny-invariant 40ms (cache hit)
718 silly packumentCache full:https://registry.npmjs.org/tiny-invariant set size:98310 disposed:false
719 silly fetch manifest code-block-writer@^13.0.3
720 silly packumentCache full:https://registry.npmjs.org/code-block-writer cache-miss
721 http cache https://registry.npmjs.org/source-map 64ms (cache hit)
722 silly packumentCache full:https://registry.npmjs.org/source-map set size:226141 disposed:false
723 silly fetch manifest json5@^2.2.2
724 silly packumentCache full:https://registry.npmjs.org/json5 cache-hit
725 silly fetch manifest minimist@^1.2.6
726 silly packumentCache full:https://registry.npmjs.org/minimist cache-miss
727 http cache https://registry.npmjs.org/tslib 57ms (cache hit)
728 silly packumentCache full:https://registry.npmjs.org/tslib set size:108760 disposed:false
729 silly fetch manifest strip-bom@^3.0.0
730 silly packumentCache full:https://registry.npmjs.org/strip-bom cache-miss
731 http cache https://registry.npmjs.org/is-obj 58ms (cache hit)
732 silly packumentCache full:https://registry.npmjs.org/is-obj set size:9560 disposed:false
733 http cache https://registry.npmjs.org/@ts-morph%2fcommon 51ms (cache hit)
734 silly packumentCache full:https://registry.npmjs.org/@ts-morph%2fcommon set size:161186 disposed:false
735 http cache https://registry.npmjs.org/is-regexp 68ms (cache hit)
736 silly packumentCache full:https://registry.npmjs.org/is-regexp set size:12459 disposed:false
737 http cache https://registry.npmjs.org/get-own-enumerable-keys 59ms (cache hit)
738 silly packumentCache full:https://registry.npmjs.org/get-own-enumerable-keys set size:7316 disposed:false
739 http cache https://registry.npmjs.org/code-block-writer 54ms (cache hit)
740 silly packumentCache full:https://registry.npmjs.org/code-block-writer set size:203952 disposed:false
741 http cache https://registry.npmjs.org/minimist 43ms (cache hit)
742 silly packumentCache full:https://registry.npmjs.org/minimist set size:77082 disposed:false
743 http cache https://registry.npmjs.org/strip-bom 40ms (cache hit)
744 silly packumentCache full:https://registry.npmjs.org/strip-bom set size:19359 disposed:false
745 silly placeDep ROOT ansis@4.2.0 OK for: @antfu/ni@25.0.0 want: ^4.0.0
746 silly placeDep ROOT fzf@0.5.2 OK for: @antfu/ni@25.0.0 want: ^0.5.2
747 silly placeDep ROOT package-manager-detector@1.6.0 OK for: @antfu/ni@25.0.0 want: ^1.3.0
748 silly placeDep ROOT tinyexec@1.0.2 OK for: @antfu/ni@25.0.0 want: ^1.0.1
749 silly fetch manifest @babel/core@^7.0.0
750 silly packumentCache full:https://registry.npmjs.org/@babel%2fcore cache-hit
751 silly placeDep ROOT @babel/code-frame@7.27.1 OK for: @babel/core@7.28.5 want: ^7.27.1
752 silly placeDep ROOT @babel/generator@7.28.5 OK for: @babel/core@7.28.5 want: ^7.28.5
753 silly placeDep ROOT @babel/helper-compilation-targets@7.27.2 OK for: @babel/core@7.28.5 want: ^7.27.2
754 silly placeDep ROOT @babel/helper-module-transforms@7.28.3 OK for: @babel/core@7.28.5 want: ^7.28.3
755 silly placeDep ROOT @babel/helpers@7.28.4 OK for: @babel/core@7.28.5 want: ^7.28.4
756 silly placeDep ROOT @babel/template@7.27.2 OK for: @babel/core@7.28.5 want: ^7.27.2
757 silly placeDep ROOT @babel/traverse@7.28.5 OK for: @babel/core@7.28.5 want: ^7.28.5
758 silly placeDep ROOT @babel/types@7.28.5 OK for: @babel/core@7.28.5 want: ^7.28.5
759 silly placeDep ROOT @jridgewell/remapping@2.3.5 OK for: @babel/core@7.28.5 want: ^2.3.5
760 silly placeDep ROOT convert-source-map@2.0.0 OK for: @babel/core@7.28.5 want: ^2.0.0
761 silly placeDep ROOT debug@4.4.3 OK for: @babel/core@7.28.5 want: ^4.1.0
762 silly placeDep ROOT gensync@1.0.0-beta.2 OK for: @babel/core@7.28.5 want: ^1.0.0-beta.2
763 silly placeDep ROOT json5@2.2.3 OK for: @babel/core@7.28.5 want: ^2.2.3
764 silly placeDep ROOT semver@6.3.1 OK for: @babel/core@7.28.5 want: ^6.3.1
765 silly fetch manifest js-tokens@^4.0.0
766 silly packumentCache full:https://registry.npmjs.org/js-tokens cache-miss
767 silly fetch manifest @babel/helper-validator-identifier@^7.27.1
768 silly packumentCache full:https://registry.npmjs.org/@babel%2fhelper-validator-identifier cache-miss
769 silly fetch manifest @jridgewell/gen-mapping@^0.3.12
770 silly packumentCache full:https://registry.npmjs.org/@jridgewell%2fgen-mapping cache-miss
771 silly fetch manifest @jridgewell/trace-mapping@^0.3.28
772 silly packumentCache full:https://registry.npmjs.org/@jridgewell%2ftrace-mapping cache-miss
773 silly fetch manifest jsesc@^3.0.2
774 silly packumentCache full:https://registry.npmjs.org/jsesc cache-miss
775 silly fetch manifest lru-cache@^5.1.1
776 silly packumentCache full:https://registry.npmjs.org/lru-cache cache-miss
777 silly fetch manifest @babel/compat-data@^7.27.2
778 silly packumentCache full:https://registry.npmjs.org/@babel%2fcompat-data cache-miss
779 http cache https://registry.npmjs.org/@babel%2fhelper-validator-identifier 17ms (cache hit)
780 silly packumentCache full:https://registry.npmjs.org/@babel%2fhelper-validator-identifier set size:108996 disposed:false
781 silly fetch manifest @babel/traverse@^7.28.3
782 silly packumentCache full:https://registry.npmjs.org/@babel%2ftraverse cache-hit
783 silly fetch manifest @babel/helper-module-imports@^7.27.1
784 silly packumentCache full:https://registry.npmjs.org/@babel%2fhelper-module-imports cache-miss
785 http cache https://registry.npmjs.org/jsesc 20ms (cache hit)
786 silly packumentCache full:https://registry.npmjs.org/jsesc set size:61512 disposed:false
787 silly fetch manifest @babel/types@^7.28.4
788 silly packumentCache full:https://registry.npmjs.org/@babel%2ftypes cache-hit
789 silly fetch manifest @babel/types@^7.27.1
790 silly packumentCache full:https://registry.npmjs.org/@babel%2ftypes cache-hit
791 silly fetch manifest @babel/helper-globals@^7.28.0
792 silly packumentCache full:https://registry.npmjs.org/@babel%2fhelper-globals cache-miss
793 http cache https://registry.npmjs.org/js-tokens 27ms (cache hit)
794 silly packumentCache full:https://registry.npmjs.org/js-tokens set size:41947 disposed:false
795 silly fetch manifest debug@^4.3.1
796 silly packumentCache full:https://registry.npmjs.org/debug cache-hit
797 silly fetch manifest @babel/helper-string-parser@^7.27.1
798 silly packumentCache full:https://registry.npmjs.org/@babel%2fhelper-string-parser cache-miss
799 http cache https://registry.npmjs.org/@jridgewell%2fgen-mapping 28ms (cache hit)
800 silly packumentCache full:https://registry.npmjs.org/@jridgewell%2fgen-mapping set size:80719 disposed:false
801 silly fetch manifest @babel/helper-validator-identifier@^7.28.5
802 silly packumentCache full:https://registry.npmjs.org/@babel%2fhelper-validator-identifier cache-hit
803 silly fetch manifest @jridgewell/gen-mapping@^0.3.5
804 silly packumentCache full:https://registry.npmjs.org/@jridgewell%2fgen-mapping cache-hit
805 silly fetch manifest @jridgewell/trace-mapping@^0.3.24
806 silly packumentCache full:https://registry.npmjs.org/@jridgewell%2ftrace-mapping cache-miss
807 http cache https://registry.npmjs.org/@jridgewell%2ftrace-mapping 31ms (cache hit)
808 silly packumentCache full:https://registry.npmjs.org/@jridgewell%2ftrace-mapping set size:170909 disposed:false
809 silly fetch manifest ms@^2.1.3
810 silly packumentCache full:https://registry.npmjs.org/ms cache-miss
811 http cache https://registry.npmjs.org/@babel%2fcompat-data 32ms (cache hit)
812 silly packumentCache full:https://registry.npmjs.org/@babel%2fcompat-data set size:292973 disposed:false
813 http cache https://registry.npmjs.org/lru-cache 38ms (cache hit)
814 silly packumentCache full:https://registry.npmjs.org/lru-cache set size:406394 disposed:false
815 http cache https://registry.npmjs.org/@babel%2fhelper-globals 40ms (cache hit)
816 silly packumentCache full:https://registry.npmjs.org/@babel%2fhelper-globals set size:8067 disposed:false
817 http cache https://registry.npmjs.org/@babel%2fhelper-string-parser 38ms (cache hit)
818 silly packumentCache full:https://registry.npmjs.org/@babel%2fhelper-string-parser set size:74749 disposed:false
819 http cache https://registry.npmjs.org/@babel%2fhelper-module-imports 49ms (cache hit)
820 silly packumentCache full:https://registry.npmjs.org/@babel%2fhelper-module-imports set size:183965 disposed:false
821 http cache https://registry.npmjs.org/ms 39ms (cache hit)
822 silly packumentCache full:https://registry.npmjs.org/ms set size:92208 disposed:false
823 http cache https://registry.npmjs.org/@jridgewell%2ftrace-mapping 46ms (cache hit)
824 silly packumentCache full:https://registry.npmjs.org/@jridgewell%2ftrace-mapping set size:170909 disposed:false
825 silly packumentCache full:https://registry.npmjs.org/@jridgewell%2ftrace-mapping dispose
826 silly placeDep ROOT @babel/helper-validator-identifier@7.28.5 OK for: @babel/code-frame@7.27.1 want: ^7.27.1
827 silly placeDep ROOT js-tokens@4.0.0 OK for: @babel/code-frame@7.27.1 want: ^4.0.0
828 silly placeDep ROOT picocolors@1.1.1 OK for: @babel/code-frame@7.27.1 want: ^1.1.1
829 silly placeDep ROOT @jridgewell/gen-mapping@0.3.13 OK for: @babel/generator@7.28.5 want: ^0.3.12
830 silly placeDep ROOT @jridgewell/trace-mapping@0.3.31 OK for: @babel/generator@7.28.5 want: ^0.3.28
831 silly placeDep ROOT jsesc@3.1.0 OK for: @babel/generator@7.28.5 want: ^3.0.2
832 silly fetch manifest @jridgewell/sourcemap-codec@^1.5.0
833 silly packumentCache full:https://registry.npmjs.org/@jridgewell%2fsourcemap-codec cache-miss
834 silly fetch manifest @jridgewell/resolve-uri@^3.1.0
835 silly packumentCache full:https://registry.npmjs.org/@jridgewell%2fresolve-uri cache-miss
836 silly fetch manifest @jridgewell/sourcemap-codec@^1.4.14
837 silly packumentCache full:https://registry.npmjs.org/@jridgewell%2fsourcemap-codec cache-miss
838 http cache https://registry.npmjs.org/@jridgewell%2fresolve-uri 32ms (cache hit)
839 silly packumentCache full:https://registry.npmjs.org/@jridgewell%2fresolve-uri set size:57361 disposed:false
840 http cache https://registry.npmjs.org/@jridgewell%2fsourcemap-codec 34ms (cache hit)
841 silly packumentCache full:https://registry.npmjs.org/@jridgewell%2fsourcemap-codec set size:59275 disposed:false
842 http cache https://registry.npmjs.org/@jridgewell%2fsourcemap-codec 35ms (cache hit)
843 silly packumentCache full:https://registry.npmjs.org/@jridgewell%2fsourcemap-codec set size:59275 disposed:false
844 silly packumentCache full:https://registry.npmjs.org/@jridgewell%2fsourcemap-codec dispose
845 silly placeDep ROOT @babel/compat-data@7.28.5 OK for: @babel/helper-compilation-targets@7.27.2 want: ^7.27.2
846 silly placeDep ROOT @babel/helper-validator-option@7.27.1 OK for: @babel/helper-compilation-targets@7.27.2 want: ^7.27.1
847 silly placeDep ROOT lru-cache@5.1.1 OK for: @babel/helper-compilation-targets@7.27.2 want: ^5.1.1
848 silly fetch manifest yallist@^3.0.2
849 silly packumentCache full:https://registry.npmjs.org/yallist cache-miss
850 http cache https://registry.npmjs.org/yallist 5ms (cache hit)
851 silly packumentCache full:https://registry.npmjs.org/yallist set size:34610 disposed:false
852 silly placeDep ROOT @babel/helper-module-imports@7.27.1 OK for: @babel/helper-module-transforms@7.28.3 want: ^7.27.1
853 silly fetch manifest @babel/core@^7.0.0-0
854 silly packumentCache full:https://registry.npmjs.org/@babel%2fcore cache-hit
855 silly placeDep ROOT @babel/helper-annotate-as-pure@7.27.3 OK for: @babel/plugin-transform-typescript@7.28.5 want: ^7.27.3
856 silly placeDep ROOT @babel/helper-create-class-features-plugin@7.28.5 OK for: @babel/plugin-transform-typescript@7.28.5 want: ^7.28.5
857 silly placeDep ROOT @babel/helper-plugin-utils@7.27.1 OK for: @babel/plugin-transform-typescript@7.28.5 want: ^7.27.1
858 silly placeDep ROOT @babel/helper-skip-transparent-expression-wrappers@7.27.1 OK for: @babel/plugin-transform-typescript@7.28.5 want: ^7.27.1
859 silly placeDep ROOT @babel/plugin-syntax-typescript@7.27.1 OK for: @babel/plugin-transform-typescript@7.28.5 want: ^7.27.1
860 silly fetch manifest @babel/helper-member-expression-to-functions@^7.28.5
861 silly packumentCache full:https://registry.npmjs.org/@babel%2fhelper-member-expression-to-functions cache-miss
862 silly fetch manifest @babel/helper-optimise-call-expression@^7.27.1
863 silly packumentCache full:https://registry.npmjs.org/@babel%2fhelper-optimise-call-expression cache-miss
864 silly fetch manifest @babel/helper-replace-supers@^7.27.1
865 silly packumentCache full:https://registry.npmjs.org/@babel%2fhelper-replace-supers cache-miss
866 http cache https://registry.npmjs.org/@babel%2fhelper-member-expression-to-functions 19ms (cache hit)
867 silly packumentCache full:https://registry.npmjs.org/@babel%2fhelper-member-expression-to-functions set size:210729 disposed:false
868 http cache https://registry.npmjs.org/@babel%2fhelper-optimise-call-expression 24ms (cache hit)
869 silly packumentCache full:https://registry.npmjs.org/@babel%2fhelper-optimise-call-expression set size:174729 disposed:false
870 http cache https://registry.npmjs.org/@babel%2fhelper-replace-supers 30ms (cache hit)
871 silly packumentCache full:https://registry.npmjs.org/@babel%2fhelper-replace-supers set size:247485 disposed:false
872 silly placeDep ROOT @babel/helper-member-expression-to-functions@7.28.5 OK for: @babel/helper-create-class-features-plugin@7.28.5 want: ^7.28.5
873 silly placeDep ROOT @babel/helper-optimise-call-expression@7.27.1 OK for: @babel/helper-create-class-features-plugin@7.28.5 want: ^7.27.1
874 silly placeDep ROOT @babel/helper-replace-supers@7.27.1 OK for: @babel/helper-create-class-features-plugin@7.28.5 want: ^7.27.1
875 silly placeDep ROOT @babel/plugin-syntax-jsx@7.27.1 OK for: @babel/preset-typescript@7.28.5 want: ^7.27.1
876 silly placeDep ROOT @babel/plugin-transform-modules-commonjs@7.27.1 OK for: @babel/preset-typescript@7.28.5 want: ^7.27.1
877 silly placeDep ROOT @babel/helper-globals@7.28.0 OK for: @babel/traverse@7.28.5 want: ^7.28.0
878 silly placeDep ROOT @babel/helper-string-parser@7.27.1 OK for: @babel/types@7.28.5 want: ^7.27.1
879 silly placeDep node_modules/@dotenvx/dotenvx commander@11.1.0 OK for: @dotenvx/dotenvx@1.51.4 want: ^11.1.0
880 silly placeDep ROOT dotenv@17.2.3 OK for: @dotenvx/dotenvx@1.51.4 want: ^17.2.1
881 silly placeDep ROOT eciesjs@0.4.16 OK for: @dotenvx/dotenvx@1.51.4 want: ^0.4.10
882 silly placeDep node_modules/@dotenvx/dotenvx execa@5.1.1 OK for: @dotenvx/dotenvx@1.51.4 want: ^5.1.1
883 silly placeDep ROOT fdir@6.5.0 OK for: @dotenvx/dotenvx@1.51.4 want: ^6.2.0
884 silly placeDep ROOT ignore@5.3.2 OK for: @dotenvx/dotenvx@1.51.4 want: ^5.3.0
885 silly placeDep ROOT object-treeify@1.1.33 OK for: @dotenvx/dotenvx@1.51.4 want: 1.1.33
886 silly placeDep ROOT picomatch@4.0.3 OK for: @dotenvx/dotenvx@1.51.4 want: ^4.0.2
887 silly placeDep ROOT which@4.0.0 OK for: @dotenvx/dotenvx@1.51.4 want: ^4.0.0
888 silly fetch manifest @ecies/ciphers@^0.2.4
889 silly packumentCache full:https://registry.npmjs.org/@ecies%2fciphers cache-miss
890 silly fetch manifest @noble/ciphers@^1.3.0
891 silly packumentCache full:https://registry.npmjs.org/@noble%2fciphers cache-miss
892 silly fetch manifest @noble/curves@^1.9.7
893 silly packumentCache full:https://registry.npmjs.org/@noble%2fcurves cache-miss
894 silly fetch manifest @noble/hashes@^1.8.0
895 silly packumentCache full:https://registry.npmjs.org/@noble%2fhashes cache-miss
896 silly fetch manifest onetime@^5.1.2
897 silly packumentCache full:https://registry.npmjs.org/onetime cache-miss
898 silly fetch manifest is-stream@^2.0.0
899 silly packumentCache full:https://registry.npmjs.org/is-stream cache-hit
900 silly fetch manifest get-stream@^6.0.0
901 silly packumentCache full:https://registry.npmjs.org/get-stream cache-hit
902 silly fetch manifest cross-spawn@^7.0.3
903 silly packumentCache full:https://registry.npmjs.org/cross-spawn cache-hit
904 silly fetch manifest signal-exit@^3.0.3
905 silly packumentCache full:https://registry.npmjs.org/signal-exit cache-hit
906 silly fetch manifest merge-stream@^2.0.0
907 silly packumentCache full:https://registry.npmjs.org/merge-stream cache-miss
908 silly fetch manifest npm-run-path@^4.0.1
909 silly packumentCache full:https://registry.npmjs.org/npm-run-path cache-hit
910 silly fetch manifest human-signals@^2.1.0
911 silly packumentCache full:https://registry.npmjs.org/human-signals cache-hit
912 silly fetch manifest strip-final-newline@^2.0.0
913 silly packumentCache full:https://registry.npmjs.org/strip-final-newline cache-hit
914 silly fetch manifest isexe@^3.1.1
915 silly packumentCache full:https://registry.npmjs.org/isexe cache-miss
916 http cache https://registry.npmjs.org/@ecies%2fciphers 31ms (cache hit)
917 silly packumentCache full:https://registry.npmjs.org/@ecies%2fciphers set size:22510 disposed:false
918 http cache https://registry.npmjs.org/@noble%2fciphers 32ms (cache hit)
919 silly packumentCache full:https://registry.npmjs.org/@noble%2fciphers set size:122703 disposed:false
920 http cache https://registry.npmjs.org/merge-stream 31ms (cache hit)
921 silly packumentCache full:https://registry.npmjs.org/merge-stream set size:22168 disposed:false
922 http cache https://registry.npmjs.org/@noble%2fcurves 38ms (cache hit)
923 silly packumentCache full:https://registry.npmjs.org/@noble%2fcurves set size:306108 disposed:false
924 http cache https://registry.npmjs.org/onetime 44ms (cache hit)
925 silly packumentCache full:https://registry.npmjs.org/onetime set size:30525 disposed:false
926 http cache https://registry.npmjs.org/isexe 39ms (cache hit)
927 silly packumentCache full:https://registry.npmjs.org/isexe set size:19340 disposed:false
928 http cache https://registry.npmjs.org/@noble%2fhashes 47ms (cache hit)
929 silly packumentCache full:https://registry.npmjs.org/@noble%2fhashes set size:214622 disposed:false
930 silly placeDep ROOT @jridgewell/sourcemap-codec@1.5.5 OK for: @jridgewell/gen-mapping@0.3.13 want: ^1.5.0
931 silly placeDep ROOT @jridgewell/resolve-uri@3.1.2 OK for: @jridgewell/trace-mapping@0.3.31 want: ^3.1.0
932 silly fetch manifest hono@^4
933 silly packumentCache full:https://registry.npmjs.org/hono cache-miss
934 http cache https://registry.npmjs.org/hono 24ms (cache hit)
935 silly packumentCache full:https://registry.npmjs.org/hono set size:5197921 disposed:false
936 silly placeDep ROOT @hono/node-server@1.19.7 OK for: @modelcontextprotocol/sdk@1.25.1 want: ^1.19.7
937 silly placeDep ROOT hono@4.11.3 OK for: @hono/node-server@1.19.7 want: ^4
938 silly placeDep ROOT ajv@8.17.1 OK for: @modelcontextprotocol/sdk@1.25.1 want: ^8.17.1
939 silly placeDep ROOT ajv-formats@3.0.1 OK for: @modelcontextprotocol/sdk@1.25.1 want: ^3.0.1
940 silly placeDep ROOT content-type@1.0.5 OK for: @modelcontextprotocol/sdk@1.25.1 want: ^1.0.5
941 silly placeDep ROOT cors@2.8.5 OK for: @modelcontextprotocol/sdk@1.25.1 want: ^2.8.5
942 silly placeDep ROOT cross-spawn@7.0.6 OK for: @modelcontextprotocol/sdk@1.25.1 want: ^7.0.5
943 silly placeDep ROOT eventsource@3.0.7 OK for: @modelcontextprotocol/sdk@1.25.1 want: ^3.0.2
944 silly placeDep ROOT eventsource-parser@3.0.6 OK for: @modelcontextprotocol/sdk@1.25.1 want: ^3.0.0
945 silly placeDep ROOT express@5.2.1 OK for: @modelcontextprotocol/sdk@1.25.1 want: ^5.0.1
946 silly placeDep ROOT express-rate-limit@7.5.1 OK for: @modelcontextprotocol/sdk@1.25.1 want: ^7.5.0
947 silly placeDep ROOT jose@6.1.3 OK for: @modelcontextprotocol/sdk@1.25.1 want: ^6.1.1
948 silly placeDep ROOT json-schema-typed@8.0.2 OK for: @modelcontextprotocol/sdk@1.25.1 want: ^8.0.2
949 silly placeDep ROOT pkce-challenge@5.0.1 OK for: @modelcontextprotocol/sdk@1.25.1 want: ^5.0.0
950 silly placeDep ROOT raw-body@3.0.2 OK for: @modelcontextprotocol/sdk@1.25.1 want: ^3.0.0
951 silly fetch manifest fast-uri@^3.0.1
952 silly packumentCache full:https://registry.npmjs.org/fast-uri cache-miss
953 silly fetch manifest fast-deep-equal@^3.1.3
954 silly packumentCache full:https://registry.npmjs.org/fast-deep-equal cache-miss
955 silly fetch manifest require-from-string@^2.0.2
956 silly packumentCache full:https://registry.npmjs.org/require-from-string cache-miss
957 silly fetch manifest json-schema-traverse@^1.0.0
958 silly packumentCache full:https://registry.npmjs.org/json-schema-traverse cache-miss
959 silly fetch manifest vary@^1
960 silly packumentCache full:https://registry.npmjs.org/vary cache-miss
961 silly fetch manifest object-assign@^4
962 silly packumentCache full:https://registry.npmjs.org/object-assign cache-miss
963 silly fetch manifest which@^2.0.1
964 silly packumentCache full:https://registry.npmjs.org/which cache-hit
965 silly fetch manifest path-key@^3.1.0
966 silly packumentCache full:https://registry.npmjs.org/path-key cache-miss
967 http cache https://registry.npmjs.org/fast-uri 17ms (cache hit)
968 silly packumentCache full:https://registry.npmjs.org/fast-uri set size:61472 disposed:false
969 silly fetch manifest shebang-command@^2.0.0
970 silly packumentCache full:https://registry.npmjs.org/shebang-command cache-miss
971 http cache https://registry.npmjs.org/require-from-string 19ms (cache hit)
972 silly packumentCache full:https://registry.npmjs.org/require-from-string set size:15128 disposed:false
973 silly fetch manifest eventsource-parser@^3.0.1
974 silly packumentCache full:https://registry.npmjs.org/eventsource-parser cache-hit
975 silly fetch manifest qs@^6.14.0
976 silly packumentCache full:https://registry.npmjs.org/qs cache-miss
977 http cache https://registry.npmjs.org/fast-deep-equal 24ms (cache hit)
978 silly packumentCache full:https://registry.npmjs.org/fast-deep-equal set size:48634 disposed:false
979 silly fetch manifest depd@^2.0.0
980 silly packumentCache full:https://registry.npmjs.org/depd cache-miss
981 http cache https://registry.npmjs.org/json-schema-traverse 26ms (cache hit)
982 silly packumentCache full:https://registry.npmjs.org/json-schema-traverse set size:23537 disposed:false
983 silly fetch manifest etag@^1.8.1
984 silly packumentCache full:https://registry.npmjs.org/etag cache-miss
985 http cache https://registry.npmjs.org/object-assign 27ms (cache hit)
986 silly packumentCache full:https://registry.npmjs.org/object-assign set size:28988 disposed:false
987 silly fetch manifest once@^1.4.0
988 silly packumentCache full:https://registry.npmjs.org/once cache-miss
989 http cache https://registry.npmjs.org/vary 35ms (cache hit)
990 silly packumentCache full:https://registry.npmjs.org/vary set size:16018 disposed:false
991 silly fetch manifest send@^1.1.0
992 silly packumentCache full:https://registry.npmjs.org/send cache-miss
993 http cache https://registry.npmjs.org/path-key 34ms (cache hit)
994 silly packumentCache full:https://registry.npmjs.org/path-key set size:16975 disposed:false
995 silly fetch manifest vary@^1.1.2
996 silly packumentCache full:https://registry.npmjs.org/vary cache-hit
997 silly fetch manifest fresh@^2.0.0
998 silly packumentCache full:https://registry.npmjs.org/fresh cache-miss
999 http cache https://registry.npmjs.org/shebang-command 40ms (cache hit)
1000 silly packumentCache full:https://registry.npmjs.org/shebang-command set size:8525 disposed:false
1001 silly fetch manifest cookie@^0.7.1
1002 silly packumentCache full:https://registry.npmjs.org/cookie cache-hit
1003 silly fetch manifest router@^2.2.0
1004 silly packumentCache full:https://registry.npmjs.org/router cache-miss
1005 http cache https://registry.npmjs.org/qs 41ms (cache hit)
1006 silly packumentCache full:https://registry.npmjs.org/qs set size:268000 disposed:false
1007 silly fetch manifest accepts@^2.0.0
1008 silly packumentCache full:https://registry.npmjs.org/accepts cache-miss
1009 http cache https://registry.npmjs.org/depd 45ms (cache hit)
1010 silly packumentCache full:https://registry.npmjs.org/depd set size:40182 disposed:false
1011 silly fetch manifest type-is@^2.0.1
1012 silly packumentCache full:https://registry.npmjs.org/type-is cache-miss
1013 http cache https://registry.npmjs.org/etag 45ms (cache hit)
1014 silly packumentCache full:https://registry.npmjs.org/etag set size:30032 disposed:false
1015 silly fetch manifest parseurl@^1.3.3
1016 silly packumentCache full:https://registry.npmjs.org/parseurl cache-miss
1017 http cache https://registry.npmjs.org/once 41ms (cache hit)
1018 silly packumentCache full:https://registry.npmjs.org/once set size:11768 disposed:false
1019 silly fetch manifest statuses@^2.0.1
1020 silly packumentCache full:https://registry.npmjs.org/statuses cache-hit
1021 silly fetch manifest encodeurl@^2.0.0
1022 silly packumentCache full:https://registry.npmjs.org/encodeurl cache-miss
1023 http cache https://registry.npmjs.org/send 41ms (cache hit)
1024 silly packumentCache full:https://registry.npmjs.org/send set size:152810 disposed:false
1025 silly fetch manifest mime-types@^3.0.0
1026 silly packumentCache full:https://registry.npmjs.org/mime-types cache-miss
1027 http cache https://registry.npmjs.org/fresh 42ms (cache hit)
1028 silly packumentCache full:https://registry.npmjs.org/fresh set size:25427 disposed:false
1029 silly fetch manifest proxy-addr@^2.0.7
1030 silly packumentCache full:https://registry.npmjs.org/proxy-addr cache-miss
1031 http cache https://registry.npmjs.org/accepts 29ms (cache hit)
1032 silly packumentCache full:https://registry.npmjs.org/accepts set size:77054 disposed:false
1033 silly fetch manifest body-parser@^2.2.1
1034 silly packumentCache full:https://registry.npmjs.org/body-parser cache-miss
1035 http cache https://registry.npmjs.org/router 40ms (cache hit)
1036 silly packumentCache full:https://registry.npmjs.org/router set size:116499 disposed:false
1037 silly fetch manifest escape-html@^1.0.3
1038 silly packumentCache full:https://registry.npmjs.org/escape-html cache-miss
1039 http cache https://registry.npmjs.org/type-is 34ms (cache hit)
1040 silly packumentCache full:https://registry.npmjs.org/type-is set size:86196 disposed:false
1041 silly fetch manifest http-errors@^2.0.0
1042 silly packumentCache full:https://registry.npmjs.org/http-errors cache-miss
1043 http cache https://registry.npmjs.org/parseurl 36ms (cache hit)
1044 silly packumentCache full:https://registry.npmjs.org/parseurl set size:24148 disposed:false
1045 silly fetch manifest on-finished@^2.4.1
1046 silly packumentCache full:https://registry.npmjs.org/on-finished cache-miss
1047 http cache https://registry.npmjs.org/encodeurl 36ms (cache hit)
1048 silly packumentCache full:https://registry.npmjs.org/encodeurl set size:12296 disposed:false
1049 silly fetch manifest finalhandler@^2.1.0
1050 silly packumentCache full:https://registry.npmjs.org/finalhandler cache-miss
1051 http cache https://registry.npmjs.org/mime-types 35ms (cache hit)
1052 silly packumentCache full:https://registry.npmjs.org/mime-types set size:139110 disposed:false
1053 silly fetch manifest range-parser@^1.2.1
1054 silly packumentCache full:https://registry.npmjs.org/range-parser cache-miss
1055 http cache https://registry.npmjs.org/proxy-addr 40ms (cache hit)
1056 silly packumentCache full:https://registry.npmjs.org/proxy-addr set size:61619 disposed:false
1057 silly fetch manifest serve-static@^2.2.0
1058 silly packumentCache full:https://registry.npmjs.org/serve-static cache-miss
1059 http cache https://registry.npmjs.org/body-parser 46ms (cache hit)
1060 silly packumentCache full:https://registry.npmjs.org/body-parser set size:194402 disposed:false
1061 silly fetch manifest cookie-signature@^1.2.1
1062 silly packumentCache full:https://registry.npmjs.org/cookie-signature cache-miss
1063 http cache https://registry.npmjs.org/http-errors 42ms (cache hit)
1064 silly packumentCache full:https://registry.npmjs.org/http-errors set size:71987 disposed:false
1065 silly fetch manifest merge-descriptors@^2.0.0
1066 silly packumentCache full:https://registry.npmjs.org/merge-descriptors cache-miss
1067 http cache https://registry.npmjs.org/escape-html 48ms (cache hit)
1068 silly packumentCache full:https://registry.npmjs.org/escape-html set size:7345 disposed:false
1069 silly fetch manifest content-disposition@^1.0.0
1070 silly packumentCache full:https://registry.npmjs.org/content-disposition cache-miss
1071 http cache https://registry.npmjs.org/on-finished 45ms (cache hit)
1072 silly packumentCache full:https://registry.npmjs.org/on-finished set size:23212 disposed:false
1073 silly fetch manifest bytes@~3.1.2
1074 silly packumentCache full:https://registry.npmjs.org/bytes cache-miss
1075 http cache https://registry.npmjs.org/finalhandler 44ms (cache hit)
1076 silly packumentCache full:https://registry.npmjs.org/finalhandler set size:79291 disposed:false
1077 silly fetch manifest unpipe@~1.0.0
1078 silly packumentCache full:https://registry.npmjs.org/unpipe cache-miss
1079 http cache https://registry.npmjs.org/serve-static 35ms (cache hit)
1080 silly packumentCache full:https://registry.npmjs.org/serve-static set size:150391 disposed:false
1081 silly fetch manifest iconv-lite@~0.7.0
1082 silly packumentCache full:https://registry.npmjs.org/iconv-lite cache-miss
1083 http cache https://registry.npmjs.org/range-parser 42ms (cache hit)
1084 silly packumentCache full:https://registry.npmjs.org/range-parser set size:22228 disposed:false
1085 silly fetch manifest http-errors@~2.0.1
1086 silly packumentCache full:https://registry.npmjs.org/http-errors cache-hit
1087 http cache https://registry.npmjs.org/cookie-signature 23ms (cache hit)
1088 silly packumentCache full:https://registry.npmjs.org/cookie-signature set size:21777 disposed:false
1089 http cache https://registry.npmjs.org/unpipe 16ms (cache hit)
1090 silly packumentCache full:https://registry.npmjs.org/unpipe set size:3537 disposed:false
1091 http cache https://registry.npmjs.org/merge-descriptors 23ms (cache hit)
1092 silly packumentCache full:https://registry.npmjs.org/merge-descriptors set size:16527 disposed:false
1093 http cache https://registry.npmjs.org/bytes 20ms (cache hit)
1094 silly packumentCache full:https://registry.npmjs.org/bytes set size:37018 disposed:false
1095 http cache https://registry.npmjs.org/content-disposition 22ms (cache hit)
1096 silly packumentCache full:https://registry.npmjs.org/content-disposition set size:34469 disposed:false
1097 http cache https://registry.npmjs.org/iconv-lite 18ms (cache hit)
1098 silly packumentCache full:https://registry.npmjs.org/iconv-lite set size:121629 disposed:false
1099 silly placeDep ROOT fast-deep-equal@3.1.3 OK for: ajv@8.17.1 want: ^3.1.3
1100 silly placeDep ROOT fast-uri@3.1.0 OK for: ajv@8.17.1 want: ^3.0.1
1101 silly placeDep ROOT json-schema-traverse@1.0.0 OK for: ajv@8.17.1 want: ^1.0.0
1102 silly placeDep ROOT require-from-string@2.0.2 OK for: ajv@8.17.1 want: ^2.0.2
1103 silly fetch manifest browserslist@>= 4.21.0
1104 silly packumentCache full:https://registry.npmjs.org/browserslist cache-hit
1105 silly placeDep ROOT baseline-browser-mapping@2.9.11 OK for: browserslist@4.28.1 want: ^2.9.0
1106 silly placeDep ROOT caniuse-lite@1.0.30001762 OK for: browserslist@4.28.1 want: ^1.0.30001759
1107 silly placeDep ROOT electron-to-chromium@1.5.267 OK for: browserslist@4.28.1 want: ^1.5.263
1108 silly placeDep ROOT node-releases@2.0.27 OK for: browserslist@4.28.1 want: ^2.0.27
1109 silly placeDep ROOT update-browserslist-db@1.2.3 OK for: browserslist@4.28.1 want: ^1.2.0
1110 silly fetch manifest escalade@^3.2.0
1111 silly packumentCache full:https://registry.npmjs.org/escalade cache-miss
1112 http cache https://registry.npmjs.org/escalade 8ms (cache hit)
1113 silly packumentCache full:https://registry.npmjs.org/escalade set size:33724 disposed:false
1114 silly placeDep ROOT object-assign@4.1.1 OK for: cors@2.8.5 want: ^4
1115 silly placeDep ROOT vary@1.1.2 OK for: cors@2.8.5 want: ^1
1116 silly placeDep ROOT env-paths@2.2.1 OK for: cosmiconfig@9.0.0 want: ^2.2.1
1117 silly placeDep ROOT import-fresh@3.3.1 OK for: cosmiconfig@9.0.0 want: ^3.3.0
1118 silly placeDep ROOT js-yaml@4.1.1 OK for: cosmiconfig@9.0.0 want: ^4.1.0
1119 silly placeDep ROOT parse-json@5.2.0 OK for: cosmiconfig@9.0.0 want: ^5.2.0
1120 silly fetch manifest parent-module@^1.0.0
1121 silly packumentCache full:https://registry.npmjs.org/parent-module cache-miss
1122 silly fetch manifest resolve-from@^4.0.0
1123 silly packumentCache full:https://registry.npmjs.org/resolve-from cache-miss
1124 silly fetch manifest argparse@^2.0.1
1125 silly packumentCache full:https://registry.npmjs.org/argparse cache-miss
1126 silly fetch manifest error-ex@^1.3.1
1127 silly packumentCache full:https://registry.npmjs.org/error-ex cache-miss
1128 silly fetch manifest lines-and-columns@^1.1.6
1129 silly packumentCache full:https://registry.npmjs.org/lines-and-columns cache-miss
1130 silly fetch manifest json-parse-even-better-errors@^2.3.0
1131 silly packumentCache full:https://registry.npmjs.org/json-parse-even-better-errors cache-miss
1132 http cache https://registry.npmjs.org/error-ex 13ms (cache hit)
1133 silly packumentCache full:https://registry.npmjs.org/error-ex set size:31684 disposed:false
1134 http cache https://registry.npmjs.org/argparse 14ms (cache hit)
1135 silly packumentCache full:https://registry.npmjs.org/argparse set size:49266 disposed:false
1136 http cache https://registry.npmjs.org/parent-module 16ms (cache hit)
1137 silly packumentCache full:https://registry.npmjs.org/parent-module set size:18255 disposed:false
1138 http cache https://registry.npmjs.org/lines-and-columns 16ms (cache hit)
1139 silly packumentCache full:https://registry.npmjs.org/lines-and-columns set size:73796 disposed:false
1140 http cache https://registry.npmjs.org/resolve-from 20ms (cache hit)
1141 silly packumentCache full:https://registry.npmjs.org/resolve-from set size:12911 disposed:false
1142 http cache https://registry.npmjs.org/json-parse-even-better-errors 21ms (cache hit)
1143 silly packumentCache full:https://registry.npmjs.org/json-parse-even-better-errors set size:34572 disposed:false
1144 silly placeDep ROOT path-key@3.1.1 OK for: cross-spawn@7.0.6 want: ^3.1.0
1145 silly placeDep ROOT shebang-command@2.0.0 OK for: cross-spawn@7.0.6 want: ^2.0.0
1146 silly placeDep node_modules/cross-spawn which@2.0.2 OK for: cross-spawn@7.0.6 want: ^2.0.1
1147 silly fetch manifest shebang-regex@^3.0.0
1148 silly packumentCache full:https://registry.npmjs.org/shebang-regex cache-miss
1149 silly fetch manifest isexe@^2.0.0
1150 silly packumentCache full:https://registry.npmjs.org/isexe cache-hit
1151 http cache https://registry.npmjs.org/shebang-regex 8ms (cache hit)
1152 silly packumentCache full:https://registry.npmjs.org/shebang-regex set size:9763 disposed:false
1153 silly placeDep ROOT ms@2.1.3 OK for: debug@4.4.3 want: ^2.1.3
1154 silly placeDep ROOT @ecies/ciphers@0.2.5 OK for: eciesjs@0.4.16 want: ^0.2.4
1155 silly placeDep ROOT @noble/ciphers@1.3.0 OK for: @ecies/ciphers@0.2.5 want: ^1.0.0
1156 silly placeDep ROOT @noble/curves@1.9.7 OK for: eciesjs@0.4.16 want: ^1.9.7
1157 silly placeDep ROOT @noble/hashes@1.8.0 OK for: eciesjs@0.4.16 want: ^1.8.0
1158 silly fetch manifest @noble/hashes@1.8.0
1159 silly packumentCache full:https://registry.npmjs.org/@noble%2fhashes cache-hit
1160 silly placeDep ROOT @sindresorhus/merge-streams@4.0.0 OK for: execa@9.6.1 want: ^4.0.0
1161 silly placeDep ROOT figures@6.1.0 OK for: execa@9.6.1 want: ^6.1.0
1162 silly placeDep ROOT get-stream@9.0.1 OK for: execa@9.6.1 want: ^9.0.0
1163 silly placeDep ROOT human-signals@8.0.1 OK for: execa@9.6.1 want: ^8.0.1
1164 silly placeDep ROOT is-plain-obj@4.1.0 OK for: execa@9.6.1 want: ^4.1.0
1165 silly placeDep ROOT is-stream@4.0.1 OK for: execa@9.6.1 want: ^4.0.1
1166 silly placeDep ROOT npm-run-path@6.0.0 OK for: execa@9.6.1 want: ^6.0.0
1167 silly placeDep ROOT pretty-ms@9.3.0 OK for: execa@9.6.1 want: ^9.2.0
1168 silly placeDep ROOT signal-exit@4.1.0 OK for: execa@9.6.1 want: ^4.1.0
1169 silly placeDep ROOT strip-final-newline@4.0.0 OK for: execa@9.6.1 want: ^4.0.0
1170 silly placeDep ROOT yoctocolors@2.1.2 OK for: execa@9.6.1 want: ^2.1.1
1171 silly fetch manifest @sec-ant/readable-stream@^0.4.1
1172 silly packumentCache full:https://registry.npmjs.org/@sec-ant%2freadable-stream cache-miss
1173 silly fetch manifest path-key@^4.0.0
1174 silly packumentCache full:https://registry.npmjs.org/path-key cache-hit
1175 silly fetch manifest unicorn-magic@^0.3.0
1176 silly packumentCache full:https://registry.npmjs.org/unicorn-magic cache-miss
1177 silly fetch manifest parse-ms@^4.0.0
1178 silly packumentCache full:https://registry.npmjs.org/parse-ms cache-miss
1179 http cache https://registry.npmjs.org/@sec-ant%2freadable-stream 11ms (cache hit)
1180 silly packumentCache full:https://registry.npmjs.org/@sec-ant%2freadable-stream set size:38723 disposed:false
1181 http cache https://registry.npmjs.org/unicorn-magic 12ms (cache hit)
1182 silly packumentCache full:https://registry.npmjs.org/unicorn-magic set size:9139 disposed:false
1183 http cache https://registry.npmjs.org/parse-ms 13ms (cache hit)
1184 silly packumentCache full:https://registry.npmjs.org/parse-ms set size:18020 disposed:false
1185 silly placeDep ROOT accepts@2.0.0 OK for: express@5.2.1 want: ^2.0.0
1186 silly placeDep ROOT body-parser@2.2.1 OK for: express@5.2.1 want: ^2.2.1
1187 silly placeDep ROOT content-disposition@1.0.1 OK for: express@5.2.1 want: ^1.0.0
1188 silly placeDep ROOT cookie@0.7.2 OK for: express@5.2.1 want: ^0.7.1
1189 silly placeDep ROOT cookie-signature@1.2.2 OK for: express@5.2.1 want: ^1.2.1
1190 silly placeDep ROOT depd@2.0.0 OK for: express@5.2.1 want: ^2.0.0
1191 silly placeDep ROOT encodeurl@2.0.0 OK for: express@5.2.1 want: ^2.0.0
1192 silly placeDep ROOT escape-html@1.0.3 OK for: express@5.2.1 want: ^1.0.3
1193 silly placeDep ROOT etag@1.8.1 OK for: express@5.2.1 want: ^1.8.1
1194 silly placeDep ROOT finalhandler@2.1.1 OK for: express@5.2.1 want: ^2.1.0
1195 silly placeDep ROOT fresh@2.0.0 OK for: express@5.2.1 want: ^2.0.0
1196 silly placeDep ROOT http-errors@2.0.1 OK for: express@5.2.1 want: ^2.0.0
1197 silly placeDep ROOT merge-descriptors@2.0.0 OK for: express@5.2.1 want: ^2.0.0
1198 silly placeDep ROOT mime-types@3.0.2 OK for: express@5.2.1 want: ^3.0.0
1199 silly placeDep ROOT on-finished@2.4.1 OK for: express@5.2.1 want: ^2.4.1
1200 silly placeDep ROOT once@1.4.0 OK for: express@5.2.1 want: ^1.4.0
1201 silly placeDep ROOT parseurl@1.3.3 OK for: express@5.2.1 want: ^1.3.3
1202 silly placeDep ROOT proxy-addr@2.0.7 OK for: express@5.2.1 want: ^2.0.7
1203 silly placeDep ROOT qs@6.14.1 OK for: express@5.2.1 want: ^6.14.0
1204 silly placeDep ROOT range-parser@1.2.1 OK for: express@5.2.1 want: ^1.2.1
1205 silly placeDep ROOT router@2.2.0 OK for: express@5.2.1 want: ^2.2.0
1206 silly placeDep ROOT send@1.2.1 OK for: express@5.2.1 want: ^1.1.0
1207 silly placeDep ROOT serve-static@2.2.1 OK for: express@5.2.1 want: ^2.2.0
1208 silly placeDep ROOT statuses@2.0.2 OK for: express@5.2.1 want: ^2.0.1
1209 silly placeDep ROOT type-is@2.0.1 OK for: express@5.2.1 want: ^2.0.1
1210 silly fetch manifest negotiator@^1.0.0
1211 silly packumentCache full:https://registry.npmjs.org/negotiator cache-miss
1212 silly fetch manifest bytes@^3.1.2
1213 silly packumentCache full:https://registry.npmjs.org/bytes cache-hit
1214 silly fetch manifest iconv-lite@^0.7.0
1215 silly packumentCache full:https://registry.npmjs.org/iconv-lite cache-hit
1216 silly fetch manifest inherits@~2.0.4
1217 silly packumentCache full:https://registry.npmjs.org/inherits cache-miss
1218 silly fetch manifest setprototypeof@~1.2.0
1219 silly packumentCache full:https://registry.npmjs.org/setprototypeof cache-miss
1220 silly fetch manifest statuses@~2.0.2
1221 silly packumentCache full:https://registry.npmjs.org/statuses cache-hit
1222 silly fetch manifest toidentifier@~1.0.1
1223 silly packumentCache full:https://registry.npmjs.org/toidentifier cache-miss
1224 silly fetch manifest mime-db@^1.54.0
1225 silly packumentCache full:https://registry.npmjs.org/mime-db cache-miss
1226 silly fetch manifest ee-first@1.1.1
1227 silly packumentCache full:https://registry.npmjs.org/ee-first cache-miss
1228 silly fetch manifest wrappy@1
1229 silly packumentCache full:https://registry.npmjs.org/wrappy cache-miss
1230 http cache https://registry.npmjs.org/inherits 15ms (cache hit)
1231 silly packumentCache full:https://registry.npmjs.org/inherits set size:12925 disposed:false
1232 silly fetch manifest forwarded@0.2.0
1233 silly packumentCache full:https://registry.npmjs.org/forwarded cache-miss
1234 http cache https://registry.npmjs.org/negotiator 19ms (cache hit)
1235 silly packumentCache full:https://registry.npmjs.org/negotiator set size:48046 disposed:false
1236 silly fetch manifest ipaddr.js@1.9.1
1237 silly packumentCache full:https://registry.npmjs.org/ipaddr.js cache-miss
1238 http cache https://registry.npmjs.org/ee-first 17ms (cache hit)
1239 silly packumentCache full:https://registry.npmjs.org/ee-first set size:15327 disposed:false
1240 silly fetch manifest side-channel@^1.1.0
1241 silly packumentCache full:https://registry.npmjs.org/side-channel cache-miss
1242 http cache https://registry.npmjs.org/toidentifier 19ms (cache hit)
1243 silly packumentCache full:https://registry.npmjs.org/toidentifier set size:12006 disposed:false
1244 silly fetch manifest is-promise@^4.0.0
1245 silly packumentCache full:https://registry.npmjs.org/is-promise cache-miss
1246 http cache https://registry.npmjs.org/setprototypeof 21ms (cache hit)
1247 silly packumentCache full:https://registry.npmjs.org/setprototypeof set size:14532 disposed:false
1248 silly fetch manifest path-to-regexp@^8.0.0
1249 silly packumentCache full:https://registry.npmjs.org/path-to-regexp cache-hit
1250 silly fetch manifest media-typer@^1.1.0
1251 silly packumentCache full:https://registry.npmjs.org/media-typer cache-miss
1252 http cache https://registry.npmjs.org/mime-db 23ms (cache hit)
1253 silly packumentCache full:https://registry.npmjs.org/mime-db set size:164953 disposed:false
1254 http cache https://registry.npmjs.org/wrappy 27ms (cache hit)
1255 silly packumentCache full:https://registry.npmjs.org/wrappy set size:7682 disposed:false
1256 http cache https://registry.npmjs.org/forwarded 27ms (cache hit)
1257 silly packumentCache full:https://registry.npmjs.org/forwarded set size:11229 disposed:false
1258 http cache https://registry.npmjs.org/ipaddr.js 27ms (cache hit)
1259 silly packumentCache full:https://registry.npmjs.org/ipaddr.js set size:67857 disposed:false
1260 http cache https://registry.npmjs.org/side-channel 33ms (cache hit)
1261 silly packumentCache full:https://registry.npmjs.org/side-channel set size:24660 disposed:false
1262 http cache https://registry.npmjs.org/media-typer 31ms (cache hit)
1263 silly packumentCache full:https://registry.npmjs.org/media-typer set size:20873 disposed:false
1264 http cache https://registry.npmjs.org/is-promise 36ms (cache hit)
1265 silly packumentCache full:https://registry.npmjs.org/is-promise set size:18599 disposed:false
1266 silly placeDep ROOT negotiator@1.0.0 OK for: accepts@2.0.0 want: ^1.0.0
1267 silly placeDep ROOT bytes@3.1.2 OK for: body-parser@2.2.1 want: ^3.1.2
1268 silly placeDep ROOT iconv-lite@0.7.1 OK for: body-parser@2.2.1 want: ^0.7.0
1269 silly fetch manifest safer-buffer@>= 2.1.2 < 3.0.0
1270 silly packumentCache full:https://registry.npmjs.org/safer-buffer cache-miss
1271 http cache https://registry.npmjs.org/safer-buffer 9ms (cache hit)
1272 silly packumentCache full:https://registry.npmjs.org/safer-buffer set size:18521 disposed:false
1273 silly placeDep ROOT @nodelib/fs.stat@2.0.5 OK for: fast-glob@3.3.3 want: ^2.0.2
1274 silly placeDep ROOT @nodelib/fs.walk@1.2.8 OK for: fast-glob@3.3.3 want: ^1.2.3
1275 silly placeDep ROOT glob-parent@5.1.2 OK for: fast-glob@3.3.3 want: ^5.1.2
1276 silly placeDep ROOT merge2@1.4.1 OK for: fast-glob@3.3.3 want: ^1.3.0
1277 silly placeDep ROOT micromatch@4.0.8 OK for: fast-glob@3.3.3 want: ^4.0.8
1278 silly fetch manifest fastq@^1.6.0
1279 silly packumentCache full:https://registry.npmjs.org/fastq cache-miss
1280 silly fetch manifest @nodelib/fs.scandir@2.1.5
1281 silly packumentCache full:https://registry.npmjs.org/@nodelib%2ffs.scandir cache-miss
1282 silly fetch manifest is-glob@^4.0.1
1283 silly packumentCache full:https://registry.npmjs.org/is-glob cache-miss
1284 silly fetch manifest braces@^3.0.3
1285 silly packumentCache full:https://registry.npmjs.org/braces cache-miss
1286 silly fetch manifest picomatch@^2.3.1
1287 silly packumentCache full:https://registry.npmjs.org/picomatch cache-hit
1288 http cache https://registry.npmjs.org/is-glob 10ms (cache hit)
1289 silly packumentCache full:https://registry.npmjs.org/is-glob set size:40530 disposed:false
1290 http cache https://registry.npmjs.org/fastq 12ms (cache hit)
1291 silly packumentCache full:https://registry.npmjs.org/fastq set size:78301 disposed:false
1292 http cache https://registry.npmjs.org/braces 13ms (cache hit)
1293 silly packumentCache full:https://registry.npmjs.org/braces set size:114529 disposed:false
1294 http cache https://registry.npmjs.org/@nodelib%2ffs.scandir 15ms (cache hit)
1295 silly packumentCache full:https://registry.npmjs.org/@nodelib%2ffs.scandir set size:49256 disposed:false
1296 silly placeDep ROOT @nodelib/fs.scandir@2.1.5 OK for: @nodelib/fs.walk@1.2.8 want: 2.1.5
1297 silly placeDep ROOT fastq@1.20.1 OK for: @nodelib/fs.walk@1.2.8 want: ^1.6.0
1298 silly fetch manifest run-parallel@^1.1.9
1299 silly packumentCache full:https://registry.npmjs.org/run-parallel cache-miss
1300 silly fetch manifest reusify@^1.0.4
1301 silly packumentCache full:https://registry.npmjs.org/reusify cache-miss
1302 http cache https://registry.npmjs.org/reusify 6ms (cache hit)
1303 silly packumentCache full:https://registry.npmjs.org/reusify set size:14249 disposed:false
1304 http cache https://registry.npmjs.org/run-parallel 7ms (cache hit)
1305 silly packumentCache full:https://registry.npmjs.org/run-parallel set size:35172 disposed:false
1306 silly placeDep ROOT run-parallel@1.2.0 OK for: @nodelib/fs.scandir@2.1.5 want: ^1.1.9
1307 silly fetch manifest queue-microtask@^1.2.2
1308 silly packumentCache full:https://registry.npmjs.org/queue-microtask cache-miss
1309 http cache https://registry.npmjs.org/queue-microtask 5ms (cache hit)
1310 silly packumentCache full:https://registry.npmjs.org/queue-microtask set size:36088 disposed:false
1311 silly placeDep ROOT reusify@1.1.0 OK for: fastq@1.20.1 want: ^1.0.4
1312 silly placeDep ROOT is-unicode-supported@2.1.0 OK for: figures@6.1.0 want: ^2.0.0
1313 silly placeDep ROOT graceful-fs@4.2.11 OK for: fs-extra@11.3.3 want: ^4.2.0
1314 silly placeDep ROOT jsonfile@6.2.0 OK for: fs-extra@11.3.3 want: ^6.0.1
1315 silly placeDep ROOT universalify@2.0.1 OK for: fs-extra@11.3.3 want: ^2.0.0
1316 silly placeDep ROOT @sec-ant/readable-stream@0.4.1 OK for: get-stream@9.0.1 want: ^0.4.1
1317 silly placeDep ROOT is-glob@4.0.3 OK for: glob-parent@5.1.2 want: ^4.0.1
1318 silly fetch manifest is-extglob@^2.1.1
1319 silly packumentCache full:https://registry.npmjs.org/is-extglob cache-miss
1320 http cache https://registry.npmjs.org/is-extglob 5ms (cache hit)
1321 silly packumentCache full:https://registry.npmjs.org/is-extglob set size:11766 disposed:false
1322 silly placeDep ROOT inherits@2.0.4 OK for: http-errors@2.0.1 want: ~2.0.4
1323 silly placeDep ROOT setprototypeof@1.2.0 OK for: http-errors@2.0.1 want: ~1.2.0
1324 silly placeDep ROOT toidentifier@1.0.1 OK for: http-errors@2.0.1 want: ~1.0.1
1325 silly placeDep ROOT agent-base@7.1.4 OK for: https-proxy-agent@7.0.6 want: ^7.1.2
1326 silly placeDep ROOT safer-buffer@2.1.2 OK for: iconv-lite@0.7.1 want: >= 2.1.2 < 3.0.0
1327 silly placeDep ROOT parent-module@1.0.1 OK for: import-fresh@3.3.1 want: ^1.0.0
1328 silly placeDep ROOT resolve-from@4.0.0 OK for: import-fresh@3.3.1 want: ^4.0.0
1329 silly fetch manifest callsites@^3.0.0
1330 silly packumentCache full:https://registry.npmjs.org/callsites cache-miss
1331 http cache https://registry.npmjs.org/callsites 5ms (cache hit)
1332 silly packumentCache full:https://registry.npmjs.org/callsites set size:21349 disposed:false
1333 silly placeDep ROOT is-extglob@2.1.1 OK for: is-glob@4.0.3 want: ^2.1.1
1334 silly placeDep ROOT argparse@2.0.1 OK for: js-yaml@4.1.1 want: ^2.0.1
1335 silly placeDep ROOT yallist@3.1.1 OK for: lru-cache@5.1.1 want: ^3.0.2
1336 silly placeDep ROOT braces@3.0.3 OK for: micromatch@4.0.8 want: ^3.0.3
1337 silly placeDep node_modules/micromatch picomatch@2.3.1 OK for: micromatch@4.0.8 want: ^2.3.1
1338 silly fetch manifest fill-range@^7.1.1
1339 silly packumentCache full:https://registry.npmjs.org/fill-range cache-miss
1340 http cache https://registry.npmjs.org/fill-range 5ms (cache hit)
1341 silly packumentCache full:https://registry.npmjs.org/fill-range set size:90212 disposed:false
1342 silly placeDep ROOT fill-range@7.1.1 OK for: braces@3.0.3 want: ^7.1.1
1343 silly fetch manifest to-regex-range@^5.0.1
1344 silly packumentCache full:https://registry.npmjs.org/to-regex-range cache-miss
1345 http cache https://registry.npmjs.org/to-regex-range 5ms (cache hit)
1346 silly packumentCache full:https://registry.npmjs.org/to-regex-range set size:61569 disposed:false
1347 silly placeDep ROOT to-regex-range@5.0.1 OK for: fill-range@7.1.1 want: ^5.0.1
1348 silly fetch manifest is-number@^7.0.0
1349 silly packumentCache full:https://registry.npmjs.org/is-number cache-miss
1350 http cache https://registry.npmjs.org/is-number 6ms (cache hit)
1351 silly packumentCache full:https://registry.npmjs.org/is-number set size:36183 disposed:false
1352 silly placeDep ROOT mime-db@1.54.0 OK for: mime-types@3.0.2 want: ^1.54.0
1353 silly fetch manifest @types/node@>=18
1354 silly packumentCache full:https://registry.npmjs.org/@types%2fnode cache-miss
1355 http cache https://registry.npmjs.org/@types%2fnode 41ms (cache hit)
1356 silly packumentCache full:https://registry.npmjs.org/@types%2fnode set size:10733106 disposed:false
1357 silly placeDep ROOT @inquirer/confirm@5.1.21 OK for: msw@2.12.7 want: ^5.0.0
1358 silly placeDep ROOT @mswjs/interceptors@0.40.0 OK for: msw@2.12.7 want: ^0.40.0
1359 silly placeDep ROOT @open-draft/deferred-promise@2.2.0 OK for: msw@2.12.7 want: ^2.2.0
1360 silly placeDep ROOT @types/statuses@2.0.6 OK for: msw@2.12.7 want: ^2.0.6
1361 silly placeDep node_modules/msw cookie@1.1.1 OK for: msw@2.12.7 want: ^1.0.2
1362 silly placeDep ROOT graphql@16.12.0 OK for: msw@2.12.7 want: ^16.12.0
1363 silly placeDep ROOT headers-polyfill@4.0.3 OK for: msw@2.12.7 want: ^4.0.2
1364 silly placeDep ROOT is-node-process@1.2.0 OK for: msw@2.12.7 want: ^1.2.0
1365 silly placeDep ROOT outvariant@1.4.3 OK for: msw@2.12.7 want: ^1.4.3
1366 silly placeDep ROOT path-to-regexp@6.3.0 OK for: msw@2.12.7 want: ^6.3.0
1367 silly placeDep ROOT rettime@0.7.0 OK for: msw@2.12.7 want: ^0.7.0
1368 silly placeDep ROOT strict-event-emitter@0.5.1 OK for: msw@2.12.7 want: ^0.5.1
1369 silly placeDep ROOT tough-cookie@6.0.0 OK for: msw@2.12.7 want: ^6.0.0
1370 silly placeDep ROOT type-fest@5.3.1 OK for: msw@2.12.7 want: ^5.2.0
1371 silly placeDep ROOT until-async@3.0.2 OK for: msw@2.12.7 want: ^3.0.2
1372 silly placeDep ROOT yargs@17.7.2 OK for: msw@2.12.7 want: ^17.7.2
1373 silly fetch manifest @inquirer/core@^10.3.2
1374 silly packumentCache full:https://registry.npmjs.org/@inquirer%2fcore cache-miss
1375 silly fetch manifest @inquirer/type@^3.0.10
1376 silly packumentCache full:https://registry.npmjs.org/@inquirer%2ftype cache-miss
1377 silly fetch manifest @open-draft/logger@^0.3.0
1378 silly packumentCache full:https://registry.npmjs.org/@open-draft%2flogger cache-miss
1379 silly fetch manifest @open-draft/until@^2.0.0
1380 silly packumentCache full:https://registry.npmjs.org/@open-draft%2funtil cache-miss
1381 silly fetch manifest tldts@^7.0.5
1382 silly packumentCache full:https://registry.npmjs.org/tldts cache-miss
1383 silly fetch manifest tagged-tag@^1.0.0
1384 silly packumentCache full:https://registry.npmjs.org/tagged-tag cache-miss
1385 silly fetch manifest y18n@^5.0.5
1386 silly packumentCache full:https://registry.npmjs.org/y18n cache-miss
1387 http cache https://registry.npmjs.org/@inquirer%2fcore 17ms (cache hit)
1388 silly packumentCache full:https://registry.npmjs.org/@inquirer%2fcore set size:321565 disposed:false
1389 silly fetch manifest cliui@^8.0.1
1390 silly packumentCache full:https://registry.npmjs.org/cliui cache-miss
1391 http cache https://registry.npmjs.org/@open-draft%2flogger 25ms (cache hit)
1392 silly packumentCache full:https://registry.npmjs.org/@open-draft%2flogger set size:25586 disposed:false
1393 silly fetch manifest escalade@^3.1.1
1394 silly packumentCache full:https://registry.npmjs.org/escalade cache-hit
1395 silly fetch manifest string-width@^4.2.3
1396 silly packumentCache full:https://registry.npmjs.org/string-width cache-hit
1397 silly fetch manifest yargs-parser@^21.1.1
1398 silly packumentCache full:https://registry.npmjs.org/yargs-parser cache-miss
1399 http cache https://registry.npmjs.org/@inquirer%2ftype 29ms (cache hit)
1400 silly packumentCache full:https://registry.npmjs.org/@inquirer%2ftype set size:108145 disposed:false
1401 silly fetch manifest get-caller-file@^2.0.5
1402 silly packumentCache full:https://registry.npmjs.org/get-caller-file cache-miss
1403 http cache https://registry.npmjs.org/@open-draft%2funtil 36ms (cache hit)
1404 silly packumentCache full:https://registry.npmjs.org/@open-draft%2funtil set size:23338 disposed:false
1405 silly fetch manifest require-directory@^2.1.1
1406 silly packumentCache full:https://registry.npmjs.org/require-directory cache-miss
1407 http cache https://registry.npmjs.org/tagged-tag 39ms (cache hit)
1408 silly packumentCache full:https://registry.npmjs.org/tagged-tag set size:4660 disposed:false
1409 http cache https://registry.npmjs.org/tldts 47ms (cache hit)
1410 silly packumentCache full:https://registry.npmjs.org/tldts set size:3351679 disposed:false
1411 http cache https://registry.npmjs.org/y18n 90ms (cache hit)
1412 silly packumentCache full:https://registry.npmjs.org/y18n set size:76155 disposed:false
1413 http cache https://registry.npmjs.org/cliui 80ms (cache hit)
1414 silly packumentCache full:https://registry.npmjs.org/cliui set size:69089 disposed:false
1415 http cache https://registry.npmjs.org/require-directory 66ms (cache hit)
1416 silly packumentCache full:https://registry.npmjs.org/require-directory set size:26866 disposed:false
1417 http cache https://registry.npmjs.org/yargs-parser 82ms (cache hit)
1418 silly packumentCache full:https://registry.npmjs.org/yargs-parser set size:238630 disposed:false
1419 http cache https://registry.npmjs.org/get-caller-file 81ms (cache hit)
1420 silly packumentCache full:https://registry.npmjs.org/get-caller-file set size:26456 disposed:false
1421 silly placeDep ROOT @inquirer/core@10.3.2 OK for: @inquirer/confirm@5.1.21 want: ^10.3.2
1422 silly placeDep ROOT @inquirer/type@3.0.10 OK for: @inquirer/confirm@5.1.21 want: ^3.0.10
1423 silly fetch manifest cli-width@^4.1.0
1424 silly packumentCache full:https://registry.npmjs.org/cli-width cache-miss
1425 silly fetch manifest wrap-ansi@^6.2.0
1426 silly packumentCache full:https://registry.npmjs.org/wrap-ansi cache-miss
1427 silly fetch manifest mute-stream@^2.0.0
1428 silly packumentCache full:https://registry.npmjs.org/mute-stream cache-miss
1429 silly fetch manifest @inquirer/ansi@^1.0.2
1430 silly packumentCache full:https://registry.npmjs.org/@inquirer%2fansi cache-miss
1431 silly fetch manifest yoctocolors-cjs@^2.1.3
1432 silly packumentCache full:https://registry.npmjs.org/yoctocolors-cjs cache-miss
1433 silly fetch manifest @inquirer/figures@^1.0.15
1434 silly packumentCache full:https://registry.npmjs.org/@inquirer%2ffigures cache-miss
1435 http cache https://registry.npmjs.org/wrap-ansi 24ms (cache hit)
1436 silly packumentCache full:https://registry.npmjs.org/wrap-ansi set size:51195 disposed:false
1437 http cache https://registry.npmjs.org/cli-width 31ms (cache hit)
1438 silly packumentCache full:https://registry.npmjs.org/cli-width set size:24976 disposed:false
1439 http cache https://registry.npmjs.org/yoctocolors-cjs 32ms (cache hit)
1440 silly packumentCache full:https://registry.npmjs.org/yoctocolors-cjs set size:12865 disposed:false
1441 http cache https://registry.npmjs.org/mute-stream 33ms (cache hit)
1442 silly packumentCache full:https://registry.npmjs.org/mute-stream set size:21918 disposed:false
1443 http cache https://registry.npmjs.org/@inquirer%2ffigures 35ms (cache hit)
1444 silly packumentCache full:https://registry.npmjs.org/@inquirer%2ffigures set size:45764 disposed:false
1445 http cache https://registry.npmjs.org/@inquirer%2fansi 39ms (cache hit)
1446 silly packumentCache full:https://registry.npmjs.org/@inquirer%2fansi set size:17447 disposed:false
1447 silly placeDep ROOT @inquirer/ansi@1.0.2 OK for: @inquirer/core@10.3.2 want: ^1.0.2
1448 silly placeDep ROOT @inquirer/figures@1.0.15 OK for: @inquirer/core@10.3.2 want: ^1.0.15
1449 silly placeDep ROOT cli-width@4.1.0 OK for: @inquirer/core@10.3.2 want: ^4.1.0
1450 silly placeDep ROOT mute-stream@2.0.0 OK for: @inquirer/core@10.3.2 want: ^2.0.0
1451 silly placeDep ROOT wrap-ansi@6.2.0 OK for: @inquirer/core@10.3.2 want: ^6.2.0
1452 silly placeDep ROOT yoctocolors-cjs@2.1.3 OK for: @inquirer/core@10.3.2 want: ^2.1.3
1453 silly fetch manifest strip-ansi@^6.0.0
1454 silly packumentCache full:https://registry.npmjs.org/strip-ansi cache-hit
1455 silly fetch manifest ansi-styles@^4.0.0
1456 silly packumentCache full:https://registry.npmjs.org/ansi-styles cache-miss
1457 silly fetch manifest string-width@^4.1.0
1458 silly packumentCache full:https://registry.npmjs.org/string-width cache-hit
1459 http cache https://registry.npmjs.org/ansi-styles 13ms (cache hit)
1460 silly packumentCache full:https://registry.npmjs.org/ansi-styles set size:63233 disposed:false
1461 silly placeDep ROOT @open-draft/logger@0.3.0 OK for: @mswjs/interceptors@0.40.0 want: ^0.3.0
1462 silly placeDep ROOT @open-draft/until@2.1.0 OK for: @mswjs/interceptors@0.40.0 want: ^2.0.0
1463 silly placeDep ROOT data-uri-to-buffer@4.0.1 OK for: node-fetch@3.3.2 want: ^4.0.0
1464 silly placeDep ROOT fetch-blob@3.2.0 OK for: node-fetch@3.3.2 want: ^3.1.4
1465 silly placeDep ROOT formdata-polyfill@4.0.10 OK for: node-fetch@3.3.2 want: ^4.0.10
1466 silly fetch manifest node-domexception@^1.0.0
1467 silly packumentCache full:https://registry.npmjs.org/node-domexception cache-miss
1468 silly fetch manifest web-streams-polyfill@^3.0.3
1469 silly packumentCache full:https://registry.npmjs.org/web-streams-polyfill cache-miss
1470 http cache https://registry.npmjs.org/node-domexception 11ms (cache hit)
1471 silly packumentCache full:https://registry.npmjs.org/node-domexception set size:11516 disposed:false
1472 http cache https://registry.npmjs.org/web-streams-polyfill 11ms (cache hit)
1473 silly packumentCache full:https://registry.npmjs.org/web-streams-polyfill set size:136634 disposed:false
1474 silly placeDep ROOT node-domexception@1.0.0 OK for: fetch-blob@3.2.0 want: ^1.0.0
1475 silly placeDep ROOT web-streams-polyfill@3.3.3 OK for: fetch-blob@3.2.0 want: ^3.0.3
1476 silly placeDep node_modules/npm-run-path path-key@4.0.0 OK for: npm-run-path@6.0.0 want: ^4.0.0
1477 silly placeDep ROOT unicorn-magic@0.3.0 OK for: npm-run-path@6.0.0 want: ^0.3.0
1478 silly placeDep ROOT ee-first@1.1.1 OK for: on-finished@2.4.1 want: 1.1.1
1479 silly placeDep ROOT wrappy@1.0.2 OK for: once@1.4.0 want: 1
1480 silly placeDep ROOT default-browser@5.4.0 OK for: open@11.0.0 want: ^5.4.0
1481 silly placeDep ROOT define-lazy-prop@3.0.0 OK for: open@11.0.0 want: ^3.0.0
1482 silly placeDep ROOT is-in-ssh@1.0.0 OK for: open@11.0.0 want: ^1.0.0
1483 silly placeDep ROOT is-inside-container@1.0.0 OK for: open@11.0.0 want: ^1.0.0
1484 silly placeDep ROOT powershell-utils@0.1.0 OK for: open@11.0.0 want: ^0.1.0
1485 silly placeDep ROOT wsl-utils@0.3.1 OK for: open@11.0.0 want: ^0.3.0
1486 silly fetch manifest bundle-name@^4.1.0
1487 silly packumentCache full:https://registry.npmjs.org/bundle-name cache-miss
1488 silly fetch manifest default-browser-id@^5.0.0
1489 silly packumentCache full:https://registry.npmjs.org/default-browser-id cache-miss
1490 silly fetch manifest is-docker@^3.0.0
1491 silly packumentCache full:https://registry.npmjs.org/is-docker cache-miss
1492 silly fetch manifest is-wsl@^3.1.0
1493 silly packumentCache full:https://registry.npmjs.org/is-wsl cache-miss
1494 http cache https://registry.npmjs.org/default-browser-id 13ms (cache hit)
1495 silly packumentCache full:https://registry.npmjs.org/default-browser-id set size:24398 disposed:false
1496 http cache https://registry.npmjs.org/bundle-name 16ms (cache hit)
1497 silly packumentCache full:https://registry.npmjs.org/bundle-name set size:17344 disposed:false
1498 http cache https://registry.npmjs.org/is-docker 16ms (cache hit)
1499 silly packumentCache full:https://registry.npmjs.org/is-docker set size:23690 disposed:false
1500 http cache https://registry.npmjs.org/is-wsl 18ms (cache hit)
1501 silly packumentCache full:https://registry.npmjs.org/is-wsl set size:18741 disposed:false
1502 silly placeDep ROOT bundle-name@4.1.0 OK for: default-browser@5.4.0 want: ^4.1.0
1503 silly placeDep ROOT default-browser-id@5.0.1 OK for: default-browser@5.4.0 want: ^5.0.0
1504 silly fetch manifest run-applescript@^7.0.0
1505 silly packumentCache full:https://registry.npmjs.org/run-applescript cache-miss
1506 http cache https://registry.npmjs.org/run-applescript 6ms (cache hit)
1507 silly packumentCache full:https://registry.npmjs.org/run-applescript set size:27897 disposed:false
1508 silly placeDep ROOT run-applescript@7.1.0 OK for: bundle-name@4.1.0 want: ^7.0.0
1509 silly placeDep ROOT is-docker@3.0.0 OK for: is-inside-container@1.0.0 want: ^3.0.0
1510 silly placeDep ROOT chalk@5.6.2 OK for: ora@8.2.0 want: ^5.3.0
1511 silly placeDep ROOT cli-cursor@5.0.0 OK for: ora@8.2.0 want: ^5.0.0
1512 silly placeDep ROOT cli-spinners@2.9.2 OK for: ora@8.2.0 want: ^2.9.2
1513 silly placeDep ROOT is-interactive@2.0.0 OK for: ora@8.2.0 want: ^2.0.0
1514 silly placeDep ROOT log-symbols@6.0.0 OK for: ora@8.2.0 want: ^6.0.0
1515 silly placeDep ROOT stdin-discarder@0.2.2 OK for: ora@8.2.0 want: ^0.2.2
1516 silly placeDep ROOT string-width@7.2.0 OK for: ora@8.2.0 want: ^7.2.0
1517 silly placeDep ROOT strip-ansi@7.1.2 OK for: ora@8.2.0 want: ^7.1.0
1518 silly fetch manifest restore-cursor@^5.0.0
1519 silly packumentCache full:https://registry.npmjs.org/restore-cursor cache-miss
1520 silly fetch manifest is-unicode-supported@^1.3.0
1521 silly packumentCache full:https://registry.npmjs.org/is-unicode-supported cache-hit
1522 silly fetch manifest emoji-regex@^10.3.0
1523 silly packumentCache full:https://registry.npmjs.org/emoji-regex cache-miss
1524 silly fetch manifest get-east-asian-width@^1.0.0
1525 silly packumentCache full:https://registry.npmjs.org/get-east-asian-width cache-miss
1526 silly fetch manifest ansi-regex@^6.0.1
1527 silly packumentCache full:https://registry.npmjs.org/ansi-regex cache-miss
1528 http cache https://registry.npmjs.org/restore-cursor 15ms (cache hit)
1529 silly packumentCache full:https://registry.npmjs.org/restore-cursor set size:17895 disposed:false
1530 http cache https://registry.npmjs.org/emoji-regex 16ms (cache hit)
1531 silly packumentCache full:https://registry.npmjs.org/emoji-regex set size:89088 disposed:false
1532 http cache https://registry.npmjs.org/get-east-asian-width 18ms (cache hit)
1533 silly packumentCache full:https://registry.npmjs.org/get-east-asian-width set size:16137 disposed:false
1534 http cache https://registry.npmjs.org/ansi-regex 20ms (cache hit)
1535 silly packumentCache full:https://registry.npmjs.org/ansi-regex set size:43572 disposed:false
1536 silly placeDep ROOT restore-cursor@5.1.0 OK for: cli-cursor@5.0.0 want: ^5.0.0
1537 silly fetch manifest onetime@^7.0.0
1538 silly packumentCache full:https://registry.npmjs.org/onetime cache-hit
1539 silly placeDep node_modules/log-symbols is-unicode-supported@1.3.0 OK for: log-symbols@6.0.0 want: ^1.3.0
1540 silly placeDep ROOT callsites@3.1.0 OK for: parent-module@1.0.1 want: ^3.0.0
1541 silly placeDep ROOT error-ex@1.3.4 OK for: parse-json@5.2.0 want: ^1.3.1
1542 silly placeDep ROOT json-parse-even-better-errors@2.3.1 OK for: parse-json@5.2.0 want: ^2.3.0
1543 silly placeDep ROOT lines-and-columns@1.2.4 OK for: parse-json@5.2.0 want: ^1.1.6
1544 silly fetch manifest is-arrayish@^0.2.1
1545 silly packumentCache full:https://registry.npmjs.org/is-arrayish cache-miss
1546 http cache https://registry.npmjs.org/is-arrayish 11ms (cache hit)
1547 silly packumentCache full:https://registry.npmjs.org/is-arrayish set size:15371 disposed:false
1548 silly placeDep ROOT is-arrayish@0.2.1 OK for: error-ex@1.3.4 want: ^0.2.1
1549 silly placeDep ROOT nanoid@3.3.11 OK for: postcss@8.5.6 want: ^3.3.11
1550 silly placeDep ROOT source-map-js@1.2.1 OK for: postcss@8.5.6 want: ^1.2.1
1551 silly placeDep ROOT cssesc@3.0.0 OK for: postcss-selector-parser@7.1.1 want: ^3.0.0
1552 silly placeDep ROOT util-deprecate@1.0.2 OK for: postcss-selector-parser@7.1.1 want: ^1.0.2
1553 silly placeDep ROOT parse-ms@4.0.0 OK for: pretty-ms@9.3.0 want: ^4.0.0
1554 silly placeDep node_modules/prompts kleur@3.0.3 OK for: prompts@2.4.2 want: ^3.0.3
1555 silly placeDep ROOT sisteransi@1.0.5 OK for: prompts@2.4.2 want: ^1.0.5
1556 silly placeDep ROOT forwarded@0.2.0 OK for: proxy-addr@2.0.7 want: 0.2.0
1557 silly placeDep ROOT ipaddr.js@1.9.1 OK for: proxy-addr@2.0.7 want: 1.9.1
1558 silly placeDep ROOT side-channel@1.1.0 OK for: qs@6.14.1 want: ^1.1.0
1559 silly fetch manifest es-errors@^1.3.0
1560 silly packumentCache full:https://registry.npmjs.org/es-errors cache-miss
1561 silly fetch manifest object-inspect@^1.13.3
1562 silly packumentCache full:https://registry.npmjs.org/object-inspect cache-miss
1563 silly fetch manifest side-channel-list@^1.0.0
1564 silly packumentCache full:https://registry.npmjs.org/side-channel-list cache-miss
1565 silly fetch manifest side-channel-map@^1.0.1
1566 silly packumentCache full:https://registry.npmjs.org/side-channel-map cache-miss
1567 silly fetch manifest side-channel-weakmap@^1.0.2
1568 silly packumentCache full:https://registry.npmjs.org/side-channel-weakmap cache-miss
1569 http cache https://registry.npmjs.org/es-errors 18ms (cache hit)
1570 silly packumentCache full:https://registry.npmjs.org/es-errors set size:16918 disposed:false
1571 http cache https://registry.npmjs.org/object-inspect 19ms (cache hit)
1572 silly packumentCache full:https://registry.npmjs.org/object-inspect set size:101912 disposed:false
1573 http cache https://registry.npmjs.org/side-channel-list 22ms (cache hit)
1574 silly packumentCache full:https://registry.npmjs.org/side-channel-list set size:6005 disposed:false
1575 http cache https://registry.npmjs.org/side-channel-map 24ms (cache hit)
1576 silly packumentCache full:https://registry.npmjs.org/side-channel-map set size:9126 disposed:false
1577 http cache https://registry.npmjs.org/side-channel-weakmap 24ms (cache hit)
1578 silly packumentCache full:https://registry.npmjs.org/side-channel-weakmap set size:12620 disposed:false
1579 silly placeDep ROOT unpipe@1.0.0 OK for: raw-body@3.0.2 want: ~1.0.0
1580 silly placeDep ROOT ast-types@0.16.1 OK for: recast@0.23.11 want: ^0.16.1
1581 silly placeDep ROOT esprima@4.0.1 OK for: recast@0.23.11 want: ~4.0.0
1582 silly placeDep ROOT source-map@0.6.1 OK for: recast@0.23.11 want: ~0.6.1
1583 silly placeDep ROOT tiny-invariant@1.3.3 OK for: recast@0.23.11 want: ^1.3.3
1584 silly placeDep ROOT tslib@2.8.1 OK for: recast@0.23.11 want: ^2.0.1
1585 silly placeDep ROOT onetime@7.0.0 OK for: restore-cursor@5.1.0 want: ^7.0.0
1586 silly fetch manifest mimic-function@^5.0.0
1587 silly packumentCache full:https://registry.npmjs.org/mimic-function cache-miss
1588 http cache https://registry.npmjs.org/mimic-function 9ms (cache hit)
1589 silly packumentCache full:https://registry.npmjs.org/mimic-function set size:6356 disposed:false
1590 silly placeDep ROOT mimic-function@5.0.1 OK for: onetime@7.0.0 want: ^5.0.0
1591 silly placeDep ROOT is-promise@4.0.0 OK for: router@2.2.0 want: ^4.0.0
1592 silly placeDep node_modules/router path-to-regexp@8.3.0 OK for: router@2.2.0 want: ^8.0.0
1593 silly placeDep ROOT queue-microtask@1.2.3 OK for: run-parallel@1.2.0 want: ^1.2.2
1594 silly placeDep ROOT shebang-regex@3.0.0 OK for: shebang-command@2.0.0 want: ^3.0.0
1595 silly placeDep ROOT es-errors@1.3.0 OK for: side-channel@1.1.0 want: ^1.3.0
1596 silly placeDep ROOT object-inspect@1.13.4 OK for: side-channel@1.1.0 want: ^1.13.3
1597 silly placeDep ROOT side-channel-list@1.0.0 OK for: side-channel@1.1.0 want: ^1.0.0
1598 silly placeDep ROOT side-channel-map@1.0.1 OK for: side-channel@1.1.0 want: ^1.0.1
1599 silly placeDep ROOT side-channel-weakmap@1.0.2 OK for: side-channel@1.1.0 want: ^1.0.2
1600 silly fetch manifest call-bound@^1.0.2
1601 silly packumentCache full:https://registry.npmjs.org/call-bound cache-miss
1602 silly fetch manifest get-intrinsic@^1.2.5
1603 silly packumentCache full:https://registry.npmjs.org/get-intrinsic cache-miss
1604 silly fetch manifest call-bound@^1.0.2
1605 silly packumentCache full:https://registry.npmjs.org/call-bound cache-miss
1606 silly fetch manifest get-intrinsic@^1.2.5
1607 silly packumentCache full:https://registry.npmjs.org/get-intrinsic cache-miss
1608 http cache https://registry.npmjs.org/get-intrinsic 45ms (cache hit)
1609 silly packumentCache full:https://registry.npmjs.org/get-intrinsic set size:60985 disposed:false
1610 http cache https://registry.npmjs.org/get-intrinsic 47ms (cache hit)
1611 silly packumentCache full:https://registry.npmjs.org/get-intrinsic set size:60985 disposed:false
1612 silly packumentCache full:https://registry.npmjs.org/get-intrinsic dispose
1613 http cache https://registry.npmjs.org/call-bound 50ms (cache hit)
1614 silly packumentCache full:https://registry.npmjs.org/call-bound set size:15317 disposed:false
1615 http cache https://registry.npmjs.org/call-bound 52ms (cache hit)
1616 silly packumentCache full:https://registry.npmjs.org/call-bound set size:15317 disposed:false
1617 silly packumentCache full:https://registry.npmjs.org/call-bound dispose
1618 silly placeDep ROOT call-bound@1.0.4 OK for: side-channel-map@1.0.1 want: ^1.0.2
1619 silly placeDep ROOT get-intrinsic@1.3.0 OK for: side-channel-map@1.0.1 want: ^1.2.5
1620 silly fetch manifest call-bind-apply-helpers@^1.0.2
1621 silly packumentCache full:https://registry.npmjs.org/call-bind-apply-helpers cache-miss
1622 silly fetch manifest get-intrinsic@^1.3.0
1623 silly packumentCache full:https://registry.npmjs.org/get-intrinsic cache-hit
1624 silly fetch manifest gopd@^1.2.0
1625 silly packumentCache full:https://registry.npmjs.org/gopd cache-miss
1626 silly fetch manifest hasown@^2.0.2
1627 silly packumentCache full:https://registry.npmjs.org/hasown cache-miss
1628 silly fetch manifest get-proto@^1.0.1
1629 silly packumentCache full:https://registry.npmjs.org/get-proto cache-miss
1630 silly fetch manifest has-symbols@^1.1.0
1631 silly packumentCache full:https://registry.npmjs.org/has-symbols cache-miss
1632 silly fetch manifest function-bind@^1.1.2
1633 silly packumentCache full:https://registry.npmjs.org/function-bind cache-miss
1634 silly fetch manifest es-object-atoms@^1.1.1
1635 silly packumentCache full:https://registry.npmjs.org/es-object-atoms cache-miss
1636 http cache https://registry.npmjs.org/gopd 19ms (cache hit)
1637 silly packumentCache full:https://registry.npmjs.org/gopd set size:11458 disposed:false
1638 silly fetch manifest math-intrinsics@^1.1.0
1639 silly packumentCache full:https://registry.npmjs.org/math-intrinsics cache-miss
1640 http cache https://registry.npmjs.org/call-bind-apply-helpers 22ms (cache hit)
1641 silly packumentCache full:https://registry.npmjs.org/call-bind-apply-helpers set size:12744 disposed:false
1642 silly fetch manifest es-define-property@^1.0.1
1643 silly packumentCache full:https://registry.npmjs.org/es-define-property cache-miss
1644 http cache https://registry.npmjs.org/has-symbols 24ms (cache hit)
1645 silly packumentCache full:https://registry.npmjs.org/has-symbols set size:21550 disposed:false
1646 http cache https://registry.npmjs.org/hasown 27ms (cache hit)
1647 silly packumentCache full:https://registry.npmjs.org/hasown set size:12476 disposed:false
1648 http cache https://registry.npmjs.org/es-object-atoms 25ms (cache hit)
1649 silly packumentCache full:https://registry.npmjs.org/es-object-atoms set size:15304 disposed:false
1650 http cache https://registry.npmjs.org/function-bind 28ms (cache hit)
1651 silly packumentCache full:https://registry.npmjs.org/function-bind set size:15733 disposed:false
1652 http cache https://registry.npmjs.org/get-proto 30ms (cache hit)
1653 silly packumentCache full:https://registry.npmjs.org/get-proto set size:8300 disposed:false
1654 http cache https://registry.npmjs.org/math-intrinsics 14ms (cache hit)
1655 silly packumentCache full:https://registry.npmjs.org/math-intrinsics set size:9265 disposed:false
1656 http cache https://registry.npmjs.org/es-define-property 12ms (cache hit)
1657 silly packumentCache full:https://registry.npmjs.org/es-define-property set size:8542 disposed:false
1658 silly placeDep ROOT call-bind-apply-helpers@1.0.2 OK for: call-bound@1.0.4 want: ^1.0.2
1659 silly placeDep ROOT function-bind@1.1.2 OK for: call-bind-apply-helpers@1.0.2 want: ^1.1.2
1660 silly placeDep ROOT es-define-property@1.0.1 OK for: get-intrinsic@1.3.0 want: ^1.0.1
1661 silly placeDep ROOT es-object-atoms@1.1.1 OK for: get-intrinsic@1.3.0 want: ^1.1.1
1662 silly placeDep ROOT get-proto@1.0.1 OK for: get-intrinsic@1.3.0 want: ^1.0.1
1663 silly placeDep ROOT gopd@1.2.0 OK for: get-intrinsic@1.3.0 want: ^1.2.0
1664 silly placeDep ROOT has-symbols@1.1.0 OK for: get-intrinsic@1.3.0 want: ^1.1.0
1665 silly placeDep ROOT hasown@2.0.2 OK for: get-intrinsic@1.3.0 want: ^2.0.2
1666 silly placeDep ROOT math-intrinsics@1.1.0 OK for: get-intrinsic@1.3.0 want: ^1.1.0
1667 silly fetch manifest dunder-proto@^1.0.1
1668 silly packumentCache full:https://registry.npmjs.org/dunder-proto cache-miss
1669 http cache https://registry.npmjs.org/dunder-proto 7ms (cache hit)
1670 silly packumentCache full:https://registry.npmjs.org/dunder-proto set size:8256 disposed:false
1671 silly placeDep ROOT dunder-proto@1.0.1 OK for: get-proto@1.0.1 want: ^1.0.1
1672 silly placeDep ROOT emoji-regex@10.6.0 OK for: string-width@7.2.0 want: ^10.3.0
1673 silly placeDep ROOT get-east-asian-width@1.4.0 OK for: string-width@7.2.0 want: ^1.0.0
1674 silly placeDep ROOT get-own-enumerable-keys@1.0.0 OK for: stringify-object@5.0.0 want: ^1.0.0
1675 silly placeDep ROOT is-obj@3.0.0 OK for: stringify-object@5.0.0 want: ^3.0.0
1676 silly placeDep ROOT is-regexp@3.1.0 OK for: stringify-object@5.0.0 want: ^3.1.0
1677 silly placeDep ROOT ansi-regex@6.2.2 OK for: strip-ansi@7.1.2 want: ^6.0.1
1678 silly placeDep ROOT is-number@7.0.0 OK for: to-regex-range@5.0.1 want: ^7.0.0
1679 silly placeDep ROOT tldts@7.0.19 OK for: tough-cookie@6.0.0 want: ^7.0.5
1680 silly fetch manifest tldts-core@^7.0.19
1681 silly packumentCache full:https://registry.npmjs.org/tldts-core cache-miss
1682 http cache https://registry.npmjs.org/tldts-core 11ms (cache hit)
1683 silly packumentCache full:https://registry.npmjs.org/tldts-core set size:3008304 disposed:false
1684 silly placeDep ROOT tldts-core@7.0.19 OK for: tldts@7.0.19 want: ^7.0.19
1685 silly placeDep ROOT @ts-morph/common@0.27.0 OK for: ts-morph@26.0.0 want: ~0.27.0
1686 silly placeDep ROOT code-block-writer@13.0.3 OK for: ts-morph@26.0.0 want: ^13.0.3
1687 silly fetch manifest minimatch@^10.0.1
1688 silly packumentCache full:https://registry.npmjs.org/minimatch cache-miss
1689 silly fetch manifest path-browserify@^1.0.1
1690 silly packumentCache full:https://registry.npmjs.org/path-browserify cache-miss
1691 http cache https://registry.npmjs.org/minimatch 6ms (cache hit)
1692 silly packumentCache full:https://registry.npmjs.org/minimatch set size:303959 disposed:false
1693 http cache https://registry.npmjs.org/path-browserify 9ms (cache hit)
1694 silly packumentCache full:https://registry.npmjs.org/path-browserify set size:17399 disposed:false
1695 silly placeDep ROOT minimatch@10.1.1 OK for: @ts-morph/common@0.27.0 want: ^10.0.1
1696 silly placeDep ROOT path-browserify@1.0.1 OK for: @ts-morph/common@0.27.0 want: ^1.0.1
1697 silly fetch manifest @isaacs/brace-expansion@^5.0.0
1698 silly packumentCache full:https://registry.npmjs.org/@isaacs%2fbrace-expansion cache-miss
1699 http cache https://registry.npmjs.org/@isaacs%2fbrace-expansion 5ms (cache hit)
1700 silly packumentCache full:https://registry.npmjs.org/@isaacs%2fbrace-expansion set size:4999 disposed:false
1701 silly placeDep ROOT @isaacs/brace-expansion@5.0.0 OK for: minimatch@10.1.1 want: ^5.0.0
1702 silly fetch manifest @isaacs/balanced-match@^4.0.1
1703 silly packumentCache full:https://registry.npmjs.org/@isaacs%2fbalanced-match cache-miss
1704 http cache https://registry.npmjs.org/@isaacs%2fbalanced-match 4ms (cache hit)
1705 silly packumentCache full:https://registry.npmjs.org/@isaacs%2fbalanced-match set size:7823 disposed:false
1706 silly placeDep ROOT @isaacs/balanced-match@4.0.1 OK for: @isaacs/brace-expansion@5.0.0 want: ^4.0.1
1707 silly placeDep ROOT minimist@1.2.8 OK for: tsconfig-paths@4.2.0 want: ^1.2.6
1708 silly placeDep ROOT strip-bom@3.0.0 OK for: tsconfig-paths@4.2.0 want: ^3.0.0
1709 silly placeDep ROOT tagged-tag@1.0.0 OK for: type-fest@5.3.1 want: ^1.0.0
1710 silly placeDep ROOT media-typer@1.1.0 OK for: type-is@2.0.1 want: ^1.1.0
1711 silly placeDep ROOT escalade@3.2.0 OK for: update-browserslist-db@1.2.3 want: ^3.2.0
1712 silly placeDep ROOT isexe@3.1.1 OK for: which@4.0.0 want: ^3.1.1
1713 silly placeDep ROOT ansi-styles@4.3.0 OK for: wrap-ansi@6.2.0 want: ^4.0.0
1714 silly placeDep node_modules/wrap-ansi string-width@4.2.3 OK for: wrap-ansi@6.2.0 want: ^4.1.0
1715 silly placeDep node_modules/wrap-ansi strip-ansi@6.0.1 OK for: wrap-ansi@6.2.0 want: ^6.0.0
1716 silly fetch manifest color-convert@^2.0.1
1717 silly packumentCache full:https://registry.npmjs.org/color-convert cache-miss
1718 silly fetch manifest strip-ansi@^6.0.1
1719 silly packumentCache full:https://registry.npmjs.org/strip-ansi cache-hit
1720 silly fetch manifest emoji-regex@^8.0.0
1721 silly packumentCache full:https://registry.npmjs.org/emoji-regex cache-hit
1722 silly fetch manifest is-fullwidth-code-point@^3.0.0
1723 silly packumentCache full:https://registry.npmjs.org/is-fullwidth-code-point cache-miss
1724 silly fetch manifest ansi-regex@^5.0.1
1725 silly packumentCache full:https://registry.npmjs.org/ansi-regex cache-hit
1726 http cache https://registry.npmjs.org/is-fullwidth-code-point 7ms (cache hit)
1727 silly packumentCache full:https://registry.npmjs.org/is-fullwidth-code-point set size:14578 disposed:false
1728 http cache https://registry.npmjs.org/color-convert 8ms (cache hit)
1729 silly packumentCache full:https://registry.npmjs.org/color-convert set size:72663 disposed:false
1730 silly placeDep ROOT color-convert@2.0.1 OK for: ansi-styles@4.3.0 want: ^2.0.1
1731 silly fetch manifest color-name@~1.1.4
1732 silly packumentCache full:https://registry.npmjs.org/color-name cache-miss
1733 http cache https://registry.npmjs.org/color-name 5ms (cache hit)
1734 silly packumentCache full:https://registry.npmjs.org/color-name set size:19467 disposed:false
1735 silly placeDep ROOT color-name@1.1.4 OK for: color-convert@2.0.1 want: ~1.1.4
1736 silly placeDep ROOT is-wsl@3.1.0 OK for: wsl-utils@0.3.1 want: ^3.1.0
1737 silly placeDep ROOT cliui@8.0.1 OK for: yargs@17.7.2 want: ^8.0.1
1738 silly placeDep ROOT get-caller-file@2.0.5 OK for: yargs@17.7.2 want: ^2.0.5
1739 silly placeDep ROOT require-directory@2.1.1 OK for: yargs@17.7.2 want: ^2.1.1
1740 silly placeDep node_modules/yargs string-width@4.2.3 OK for: yargs@17.7.2 want: ^4.2.3
1741 silly placeDep ROOT y18n@5.0.8 OK for: yargs@17.7.2 want: ^5.0.5
1742 silly placeDep ROOT yargs-parser@21.1.1 OK for: yargs@17.7.2 want: ^21.1.1
1743 silly fetch manifest wrap-ansi@^7.0.0
1744 silly packumentCache full:https://registry.npmjs.org/wrap-ansi cache-hit
1745 silly fetch manifest string-width@^4.2.0
1746 silly packumentCache full:https://registry.npmjs.org/string-width cache-hit
1747 silly placeDep node_modules/cliui string-width@4.2.3 OK for: cliui@8.0.1 want: ^4.2.0
1748 silly placeDep node_modules/cliui strip-ansi@6.0.1 OK for: cliui@8.0.1 want: ^6.0.1
1749 silly placeDep node_modules/cliui wrap-ansi@7.0.0 OK for: cliui@8.0.1 want: ^7.0.0
1750 silly placeDep node_modules/@dotenvx/dotenvx get-stream@6.0.1 OK for: execa@5.1.1 want: ^6.0.0
1751 silly placeDep node_modules/@dotenvx/dotenvx human-signals@2.1.0 OK for: execa@5.1.1 want: ^2.1.0
1752 silly placeDep node_modules/@dotenvx/dotenvx is-stream@2.0.1 OK for: execa@5.1.1 want: ^2.0.0
1753 silly placeDep ROOT merge-stream@2.0.0 OK for: execa@5.1.1 want: ^2.0.0
1754 silly placeDep node_modules/@dotenvx/dotenvx npm-run-path@4.0.1 OK for: execa@5.1.1 want: ^4.0.1
1755 silly placeDep node_modules/@dotenvx/dotenvx onetime@5.1.2 OK for: execa@5.1.1 want: ^5.1.2
1756 silly placeDep node_modules/@dotenvx/dotenvx signal-exit@3.0.7 OK for: execa@5.1.1 want: ^3.0.3
1757 silly placeDep node_modules/@dotenvx/dotenvx strip-final-newline@2.0.0 OK for: execa@5.1.1 want: ^2.0.0
1758 silly fetch manifest mimic-fn@^2.1.0
1759 silly packumentCache full:https://registry.npmjs.org/mimic-fn cache-miss
1760 http cache https://registry.npmjs.org/mimic-fn 7ms (cache hit)
1761 silly packumentCache full:https://registry.npmjs.org/mimic-fn set size:22257 disposed:false
1762 silly placeDep ROOT mimic-fn@2.1.0 OK for: onetime@5.1.2 want: ^2.1.0
1763 silly placeDep node_modules/cliui emoji-regex@8.0.0 OK for: string-width@4.2.3 want: ^8.0.0
1764 silly placeDep ROOT is-fullwidth-code-point@3.0.0 OK for: string-width@4.2.3 want: ^3.0.0
1765 silly placeDep node_modules/cliui ansi-regex@5.0.1 OK for: strip-ansi@6.0.1 want: ^5.0.1
1766 silly placeDep node_modules/cross-spawn isexe@2.0.0 OK for: which@2.0.2 want: ^2.0.0
1767 silly placeDep node_modules/wrap-ansi emoji-regex@8.0.0 OK for: string-width@4.2.3 want: ^8.0.0
1768 silly placeDep node_modules/wrap-ansi ansi-regex@5.0.1 OK for: strip-ansi@6.0.1 want: ^5.0.1
1769 silly placeDep node_modules/yargs emoji-regex@8.0.0 OK for: string-width@4.2.3 want: ^8.0.0
1770 silly placeDep node_modules/yargs strip-ansi@6.0.1 OK for: string-width@4.2.3 want: ^6.0.1
1771 silly placeDep node_modules/yargs ansi-regex@5.0.1 OK for: strip-ansi@6.0.1 want: ^5.0.1
1772 silly reify moves {}
1773 silly audit bulk request {
1773 silly audit   shadcn: [ '3.6.2' ],
1773 silly audit   '@antfu/ni': [ '25.0.0' ],
1773 silly audit   '@babel/core': [ '7.28.5' ],
1773 silly audit   '@babel/parser': [ '7.28.5' ],
1773 silly audit   '@babel/plugin-transform-typescript': [ '7.28.5' ],
1773 silly audit   '@babel/preset-typescript': [ '7.28.5' ],
1773 silly audit   '@dotenvx/dotenvx': [ '1.51.4' ],
1773 silly audit   '@modelcontextprotocol/sdk': [ '1.25.1' ],
1773 silly audit   browserslist: [ '4.28.1' ],
1773 silly audit   commander: [ '14.0.2', '11.1.0' ],
1773 silly audit   cosmiconfig: [ '9.0.0' ],
1773 silly audit   dedent: [ '1.7.1' ],
1773 silly audit   deepmerge: [ '4.3.1' ],
1773 silly audit   diff: [ '8.0.2' ],
1773 silly audit   execa: [ '9.6.1', '5.1.1' ],
1773 silly audit   'fast-glob': [ '3.3.3' ],
1773 silly audit   'fs-extra': [ '11.3.3' ],
1773 silly audit   fuzzysort: [ '3.1.0' ],
1773 silly audit   'https-proxy-agent': [ '7.0.6' ],
1773 silly audit   kleur: [ '4.1.5', '3.0.3' ],
1773 silly audit   msw: [ '2.12.7' ],
1773 silly audit   'node-fetch': [ '3.3.2' ],
1773 silly audit   open: [ '11.0.0' ],
1773 silly audit   ora: [ '8.2.0' ],
1773 silly audit   postcss: [ '8.5.6' ],
1773 silly audit   'postcss-selector-parser': [ '7.1.1' ],
1773 silly audit   prompts: [ '2.4.2' ],
1773 silly audit   recast: [ '0.23.11' ],
1773 silly audit   'stringify-object': [ '5.0.0' ],
1773 silly audit   'ts-morph': [ '26.0.0' ],
1773 silly audit   'tsconfig-paths': [ '4.2.0' ],
1773 silly audit   zod: [ '3.25.76' ],
1773 silly audit   'zod-to-json-schema': [ '3.25.1' ],
1773 silly audit   ansis: [ '4.2.0' ],
1773 silly audit   fzf: [ '0.5.2' ],
1773 silly audit   'package-manager-detector': [ '1.6.0' ],
1773 silly audit   tinyexec: [ '1.0.2' ],
1773 silly audit   '@babel/code-frame': [ '7.27.1' ],
1773 silly audit   '@babel/generator': [ '7.28.5' ],
1773 silly audit   '@babel/helper-compilation-targets': [ '7.27.2' ],
1773 silly audit   '@babel/helper-module-transforms': [ '7.28.3' ],
1773 silly audit   '@babel/helpers': [ '7.28.4' ],
1773 silly audit   '@babel/template': [ '7.27.2' ],
1773 silly audit   '@babel/traverse': [ '7.28.5' ],
1773 silly audit   '@babel/types': [ '7.28.5' ],
1773 silly audit   '@jridgewell/remapping': [ '2.3.5' ],
1773 silly audit   'convert-source-map': [ '2.0.0' ],
1773 silly audit   debug: [ '4.4.3' ],
1773 silly audit   gensync: [ '1.0.0-beta.2' ],
1773 silly audit   json5: [ '2.2.3' ],
1773 silly audit   semver: [ '6.3.1' ],
1773 silly audit   '@babel/helper-validator-identifier': [ '7.28.5' ],
1773 silly audit   'js-tokens': [ '4.0.0' ],
1773 silly audit   picocolors: [ '1.1.1' ],
1773 silly audit   '@jridgewell/gen-mapping': [ '0.3.13' ],
1773 silly audit   '@jridgewell/trace-mapping': [ '0.3.31' ],
1773 silly audit   jsesc: [ '3.1.0' ],
1773 silly audit   '@babel/compat-data': [ '7.28.5' ],
1773 silly audit   '@babel/helper-validator-option': [ '7.27.1' ],
1773 silly audit   'lru-cache': [ '5.1.1' ],
1773 silly audit   '@babel/helper-module-imports': [ '7.27.1' ],
1773 silly audit   '@babel/helper-annotate-as-pure': [ '7.27.3' ],
1773 silly audit   '@babel/helper-create-class-features-plugin': [ '7.28.5' ],
1773 silly audit   '@babel/helper-plugin-utils': [ '7.27.1' ],
1773 silly audit   '@babel/helper-skip-transparent-expression-wrappers': [ '7.27.1' ],
1773 silly audit   '@babel/plugin-syntax-typescript': [ '7.27.1' ],
1773 silly audit   '@babel/helper-member-expression-to-functions': [ '7.28.5' ],
1773 silly audit   '@babel/helper-optimise-call-expression': [ '7.27.1' ],
1773 silly audit   '@babel/helper-replace-supers': [ '7.27.1' ],
1773 silly audit   '@babel/plugin-syntax-jsx': [ '7.27.1' ],
1773 silly audit   '@babel/plugin-transform-modules-commonjs': [ '7.27.1' ],
1773 silly audit   '@babel/helper-globals': [ '7.28.0' ],
1773 silly audit   '@babel/helper-string-parser': [ '7.27.1' ],
1773 silly audit   dotenv: [ '17.2.3' ],
1773 silly audit   eciesjs: [ '0.4.16' ],
1773 silly audit   fdir: [ '6.5.0' ],
1773 silly audit   ignore: [ '5.3.2' ],
1773 silly audit   'object-treeify': [ '1.1.33' ],
1773 silly audit   picomatch: [ '4.0.3', '2.3.1' ],
1773 silly audit   which: [ '4.0.0', '2.0.2' ],
1773 silly audit   '@jridgewell/sourcemap-codec': [ '1.5.5' ],
1773 silly audit   '@jridgewell/resolve-uri': [ '3.1.2' ],
1773 silly audit   '@hono/node-server': [ '1.19.7' ],
1773 silly audit   hono: [ '4.11.3' ],
1773 silly audit   ajv: [ '8.17.1' ],
1773 silly audit   'ajv-formats': [ '3.0.1' ],
1773 silly audit   'content-type': [ '1.0.5' ],
1773 silly audit   cors: [ '2.8.5' ],
1773 silly audit   'cross-spawn': [ '7.0.6' ],
1773 silly audit   eventsource: [ '3.0.7' ],
1773 silly audit   'eventsource-parser': [ '3.0.6' ],
1773 silly audit   express: [ '5.2.1' ],
1773 silly audit   'express-rate-limit': [ '7.5.1' ],
1773 silly audit   jose: [ '6.1.3' ],
1773 silly audit   'json-schema-typed': [ '8.0.2' ],
1773 silly audit   'pkce-challenge': [ '5.0.1' ],
1773 silly audit   'raw-body': [ '3.0.2' ],
1773 silly audit   'fast-deep-equal': [ '3.1.3' ],
1773 silly audit   'fast-uri': [ '3.1.0' ],
1773 silly audit   'json-schema-traverse': [ '1.0.0' ],
1773 silly audit   'require-from-string': [ '2.0.2' ],
1773 silly audit   'baseline-browser-mapping': [ '2.9.11' ],
1773 silly audit   'caniuse-lite': [ '1.0.30001762' ],
1773 silly audit   'electron-to-chromium': [ '1.5.267' ],
1773 silly audit   'node-releases': [ '2.0.27' ],
1773 silly audit   'update-browserslist-db': [ '1.2.3' ],
1773 silly audit   'object-assign': [ '4.1.1' ],
1773 silly audit   vary: [ '1.1.2' ],
1773 silly audit   'env-paths': [ '2.2.1' ],
1773 silly audit   'import-fresh': [ '3.3.1' ],
1773 silly audit   'js-yaml': [ '4.1.1' ],
1773 silly audit   'parse-json': [ '5.2.0' ],
1773 silly audit   'path-key': [ '3.1.1', '4.0.0' ],
1773 silly audit   'shebang-command': [ '2.0.0' ],
1773 silly audit   ms: [ '2.1.3' ],
1773 silly audit   '@ecies/ciphers': [ '0.2.5' ],
1773 silly audit   '@noble/ciphers': [ '1.3.0' ],
1773 silly audit   '@noble/curves': [ '1.9.7' ],
1773 silly audit   '@noble/hashes': [ '1.8.0' ],
1773 silly audit   '@sindresorhus/merge-streams': [ '4.0.0' ],
1773 silly audit   figures: [ '6.1.0' ],
1773 silly audit   'get-stream': [ '9.0.1', '6.0.1' ],
1773 silly audit   'human-signals': [ '8.0.1', '2.1.0' ],
1773 silly audit   'is-plain-obj': [ '4.1.0' ],
1773 silly audit   'is-stream': [ '4.0.1', '2.0.1' ],
1773 silly audit   'npm-run-path': [ '6.0.0', '4.0.1' ],
1773 silly audit   'pretty-ms': [ '9.3.0' ],
1773 silly audit   'signal-exit': [ '4.1.0', '3.0.7' ],
1773 silly audit   'strip-final-newline': [ '4.0.0', '2.0.0' ],
1773 silly audit   yoctocolors: [ '2.1.2' ],
1773 silly audit   accepts: [ '2.0.0' ],
1773 silly audit   'body-parser': [ '2.2.1' ],
1773 silly audit   'content-disposition': [ '1.0.1' ],
1773 silly audit   cookie: [ '0.7.2', '1.1.1' ],
1773 silly audit   'cookie-signature': [ '1.2.2' ],
1773 silly audit   depd: [ '2.0.0' ],
1773 silly audit   encodeurl: [ '2.0.0' ],
1773 silly audit   'escape-html': [ '1.0.3' ],
1773 silly audit   etag: [ '1.8.1' ],
1773 silly audit   finalhandler: [ '2.1.1' ],
1773 silly audit   fresh: [ '2.0.0' ],
1773 silly audit   'http-errors': [ '2.0.1' ],
1773 silly audit   'merge-descriptors': [ '2.0.0' ],
1773 silly audit   'mime-types': [ '3.0.2' ],
1773 silly audit   'on-finished': [ '2.4.1' ],
1773 silly audit   once: [ '1.4.0' ],
1773 silly audit   parseurl: [ '1.3.3' ],
1773 silly audit   'proxy-addr': [ '2.0.7' ],
1773 silly audit   qs: [ '6.14.1' ],
1773 silly audit   'range-parser': [ '1.2.1' ],
1773 silly audit   router: [ '2.2.0' ],
1773 silly audit   send: [ '1.2.1' ],
1773 silly audit   'serve-static': [ '2.2.1' ],
1773 silly audit   statuses: [ '2.0.2' ],
1773 silly audit   'type-is': [ '2.0.1' ],
1773 silly audit   negotiator: [ '1.0.0' ],
1773 silly audit   bytes: [ '3.1.2' ],
1773 silly audit   'iconv-lite': [ '0.7.1' ],
1773 silly audit   '@nodelib/fs.stat': [ '2.0.5' ],
1773 silly audit   '@nodelib/fs.walk': [ '1.2.8' ],
1773 silly audit   'glob-parent': [ '5.1.2' ],
1773 silly audit   merge2: [ '1.4.1' ],
1773 silly audit   micromatch: [ '4.0.8' ],
1773 silly audit   '@nodelib/fs.scandir': [ '2.1.5' ],
1773 silly audit   fastq: [ '1.20.1' ],
1773 silly audit   'run-parallel': [ '1.2.0' ],
1773 silly audit   reusify: [ '1.1.0' ],
1773 silly audit   'is-unicode-supported': [ '2.1.0', '1.3.0' ],
1773 silly audit   'graceful-fs': [ '4.2.11' ],
1773 silly audit   jsonfile: [ '6.2.0' ],
1773 silly audit   universalify: [ '2.0.1' ],
1773 silly audit   '@sec-ant/readable-stream': [ '0.4.1' ],
1773 silly audit   'is-glob': [ '4.0.3' ],
1773 silly audit   inherits: [ '2.0.4' ],
1773 silly audit   setprototypeof: [ '1.2.0' ],
1773 silly audit   toidentifier: [ '1.0.1' ],
1773 silly audit   'agent-base': [ '7.1.4' ],
1773 silly audit   'safer-buffer': [ '2.1.2' ],
1773 silly audit   'parent-module': [ '1.0.1' ],
1773 silly audit   'resolve-from': [ '4.0.0' ],
1773 silly audit   'is-extglob': [ '2.1.1' ],
1773 silly audit   argparse: [ '2.0.1' ],
1773 silly audit   yallist: [ '3.1.1' ],
1773 silly audit   braces: [ '3.0.3' ],
1773 silly audit   'fill-range': [ '7.1.1' ],
1773 silly audit   'to-regex-range': [ '5.0.1' ],
1773 silly audit   'mime-db': [ '1.54.0' ],
1773 silly audit   '@inquirer/confirm': [ '5.1.21' ],
1773 silly audit   '@mswjs/interceptors': [ '0.40.0' ],
1773 silly audit   '@open-draft/deferred-promise': [ '2.2.0' ],
1773 silly audit   '@types/statuses': [ '2.0.6' ],
1773 silly audit   graphql: [ '16.12.0' ],
1773 silly audit   'headers-polyfill': [ '4.0.3' ],
1773 silly audit   'is-node-process': [ '1.2.0' ],
1773 silly audit   outvariant: [ '1.4.3' ],
1773 silly audit   'path-to-regexp': [ '6.3.0', '8.3.0' ],
1773 silly audit   rettime: [ '0.7.0' ],
1773 silly audit   'strict-event-emitter': [ '0.5.1' ],
1773 silly audit   'tough-cookie': [ '6.0.0' ],
1773 silly audit   'type-fest': [ '5.3.1' ],
1773 silly audit   'until-async': [ '3.0.2' ],
1773 silly audit   yargs: [ '17.7.2' ],
1773 silly audit   '@inquirer/core': [ '10.3.2' ],
1773 silly audit   '@inquirer/type': [ '3.0.10' ],
1773 silly audit   '@inquirer/ansi': [ '1.0.2' ],
1773 silly audit   '@inquirer/figures': [ '1.0.15' ],
1773 silly audit   'cli-width': [ '4.1.0' ],
1773 silly audit   'mute-stream': [ '2.0.0' ],
1773 silly audit   'wrap-ansi': [ '6.2.0', '7.0.0' ],
1773 silly audit   'yoctocolors-cjs': [ '2.1.3' ],
1773 silly audit   '@open-draft/logger': [ '0.3.0' ],
1773 silly audit   '@open-draft/until': [ '2.1.0' ],
1773 silly audit   'data-uri-to-buffer': [ '4.0.1' ],
1773 silly audit   'fetch-blob': [ '3.2.0' ],
1773 silly audit   'formdata-polyfill': [ '4.0.10' ],
1773 silly audit   'node-domexception': [ '1.0.0' ],
1773 silly audit   'web-streams-polyfill': [ '3.3.3' ],
1773 silly audit   'unicorn-magic': [ '0.3.0' ],
1773 silly audit   'ee-first': [ '1.1.1' ],
1773 silly audit   wrappy: [ '1.0.2' ],
1773 silly audit   'default-browser': [ '5.4.0' ],
1773 silly audit   'define-lazy-prop': [ '3.0.0' ],
1773 silly audit   'is-in-ssh': [ '1.0.0' ],
1773 silly audit   'is-inside-container': [ '1.0.0' ],
1773 silly audit   'powershell-utils': [ '0.1.0' ],
1773 silly audit   'wsl-utils': [ '0.3.1' ],
1773 silly audit   'bundle-name': [ '4.1.0' ],
1773 silly audit   'default-browser-id': [ '5.0.1' ],
1773 silly audit   'run-applescript': [ '7.1.0' ],
1773 silly audit   'is-docker': [ '3.0.0' ],
1773 silly audit   chalk: [ '5.6.2' ],
1773 silly audit   'cli-cursor': [ '5.0.0' ],
1773 silly audit   'cli-spinners': [ '2.9.2' ],
1773 silly audit   'is-interactive': [ '2.0.0' ],
1773 silly audit   'log-symbols': [ '6.0.0' ],
1773 silly audit   'stdin-discarder': [ '0.2.2' ],
1773 silly audit   'string-width': [ '7.2.0', '4.2.3' ],
1773 silly audit   'strip-ansi': [ '7.1.2', '6.0.1' ],
1773 silly audit   'restore-cursor': [ '5.1.0' ],
1773 silly audit   callsites: [ '3.1.0' ],
1773 silly audit   'error-ex': [ '1.3.4' ],
1773 silly audit   'json-parse-even-better-errors': [ '2.3.1' ],
1773 silly audit   'lines-and-columns': [ '1.2.4' ],
1773 silly audit   'is-arrayish': [ '0.2.1' ],
1773 silly audit   nanoid: [ '3.3.11' ],
1773 silly audit   'source-map-js': [ '1.2.1' ],
1773 silly audit   cssesc: [ '3.0.0' ],
1773 silly audit   'util-deprecate': [ '1.0.2' ],
1773 silly audit   'parse-ms': [ '4.0.0' ],
1773 silly audit   sisteransi: [ '1.0.5' ],
1773 silly audit   forwarded: [ '0.2.0' ],
1773 silly audit   'ipaddr.js': [ '1.9.1' ],
1773 silly audit   'side-channel': [ '1.1.0' ],
1773 silly audit   unpipe: [ '1.0.0' ],
1773 silly audit   'ast-types': [ '0.16.1' ],
1773 silly audit   esprima: [ '4.0.1' ],
1773 silly audit   'source-map': [ '0.6.1' ],
1773 silly audit   'tiny-invariant': [ '1.3.3' ],
1773 silly audit   tslib: [ '2.8.1' ],
1773 silly audit   onetime: [ '7.0.0', '5.1.2' ],
1773 silly audit   'mimic-function': [ '5.0.1' ],
1773 silly audit   'is-promise': [ '4.0.0' ],
1773 silly audit   'queue-microtask': [ '1.2.3' ],
1773 silly audit   'shebang-regex': [ '3.0.0' ],
1773 silly audit   'es-errors': [ '1.3.0' ],
1773 silly audit   'object-inspect': [ '1.13.4' ],
1773 silly audit   'side-channel-list': [ '1.0.0' ],
1773 silly audit   'side-channel-map': [ '1.0.1' ],
1773 silly audit   'side-channel-weakmap': [ '1.0.2' ],
1773 silly audit   'call-bound': [ '1.0.4' ],
1773 silly audit   'get-intrinsic': [ '1.3.0' ],
1773 silly audit   'call-bind-apply-helpers': [ '1.0.2' ],
1773 silly audit   'function-bind': [ '1.1.2' ],
1773 silly audit   'es-define-property': [ '1.0.1' ],
1773 silly audit   'es-object-atoms': [ '1.1.1' ],
1773 silly audit   'get-proto': [ '1.0.1' ],
1773 silly audit   gopd: [ '1.2.0' ],
1773 silly audit   'has-symbols': [ '1.1.0' ],
1773 silly audit   hasown: [ '2.0.2' ],
1773 silly audit   'math-intrinsics': [ '1.1.0' ],
1773 silly audit   'dunder-proto': [ '1.0.1' ],
1773 silly audit   'emoji-regex': [ '10.6.0', '8.0.0' ],
1773 silly audit   'get-east-asian-width': [ '1.4.0' ],
1773 silly audit   'get-own-enumerable-keys': [ '1.0.0' ],
1773 silly audit   'is-obj': [ '3.0.0' ],
1773 silly audit   'is-regexp': [ '3.1.0' ],
1773 silly audit   'ansi-regex': [ '6.2.2', '5.0.1' ],
1773 silly audit   'is-number': [ '7.0.0' ],
1773 silly audit   tldts: [ '7.0.19' ],
1773 silly audit   'tldts-core': [ '7.0.19' ],
1773 silly audit   '@ts-morph/common': [ '0.27.0' ],
1773 silly audit   'code-block-writer': [ '13.0.3' ],
1773 silly audit   minimatch: [ '10.1.1' ],
1773 silly audit   'path-browserify': [ '1.0.1' ],
1773 silly audit   '@isaacs/brace-expansion': [ '5.0.0' ],
1773 silly audit   '@isaacs/balanced-match': [ '4.0.1' ],
1773 silly audit   minimist: [ '1.2.8' ],
1773 silly audit   'strip-bom': [ '3.0.0' ],
1773 silly audit   'tagged-tag': [ '1.0.0' ],
1773 silly audit   'media-typer': [ '1.1.0' ],
1773 silly audit   escalade: [ '3.2.0' ],
1773 silly audit   isexe: [ '3.1.1', '2.0.0' ],
1773 silly audit   'ansi-styles': [ '4.3.0' ],
1773 silly audit   'color-convert': [ '2.0.1' ],
1773 silly audit   'color-name': [ '1.1.4' ],
1773 silly audit   'is-wsl': [ '3.1.0' ],
1773 silly audit   cliui: [ '8.0.1' ],
1773 silly audit   'get-caller-file': [ '2.0.5' ],
1773 silly audit   'require-directory': [ '2.1.1' ],
1773 silly audit   y18n: [ '5.0.8' ],
1773 silly audit   'yargs-parser': [ '21.1.1' ],
1773 silly audit   'merge-stream': [ '2.0.0' ],
1773 silly audit   'mimic-fn': [ '2.1.0' ],
1773 silly audit   'is-fullwidth-code-point': [ '3.0.0' ]
1773 silly audit }
1774 http cache is-fullwidth-code-point@https://registry.npmjs.org/is-fullwidth-code-point/-/is-fullwidth-code-point-3.0.0.tgz 0ms (cache hit)
1775 http cache mimic-fn@https://registry.npmjs.org/mimic-fn/-/mimic-fn-2.1.0.tgz 0ms (cache hit)
1776 http cache yargs-parser@https://registry.npmjs.org/yargs-parser/-/yargs-parser-21.1.1.tgz 0ms (cache hit)
1777 http cache merge-stream@https://registry.npmjs.org/merge-stream/-/merge-stream-2.0.0.tgz 0ms (cache hit)
1778 http cache get-caller-file@https://registry.npmjs.org/get-caller-file/-/get-caller-file-2.0.5.tgz 0ms (cache hit)
1779 http cache y18n@https://registry.npmjs.org/y18n/-/y18n-5.0.8.tgz 0ms (cache hit)
1780 http cache require-directory@https://registry.npmjs.org/require-directory/-/require-directory-2.1.1.tgz 0ms (cache hit)
1781 http cache cliui@https://registry.npmjs.org/cliui/-/cliui-8.0.1.tgz 0ms (cache hit)
1782 http cache is-wsl@https://registry.npmjs.org/is-wsl/-/is-wsl-3.1.0.tgz 0ms (cache hit)
1783 http cache color-convert@https://registry.npmjs.org/color-convert/-/color-convert-2.0.1.tgz 1ms (cache hit)
1784 http cache ansi-styles@https://registry.npmjs.org/ansi-styles/-/ansi-styles-4.3.0.tgz 0ms (cache hit)
1785 http cache color-name@https://registry.npmjs.org/color-name/-/color-name-1.1.4.tgz 0ms (cache hit)
1786 http cache isexe@https://registry.npmjs.org/isexe/-/isexe-3.1.1.tgz 0ms (cache hit)
1787 http cache media-typer@https://registry.npmjs.org/media-typer/-/media-typer-1.1.0.tgz 0ms (cache hit)
1788 http cache tagged-tag@https://registry.npmjs.org/tagged-tag/-/tagged-tag-1.0.0.tgz 0ms (cache hit)
1789 http cache escalade@https://registry.npmjs.org/escalade/-/escalade-3.2.0.tgz 0ms (cache hit)
1790 http cache strip-bom@https://registry.npmjs.org/strip-bom/-/strip-bom-3.0.0.tgz 0ms (cache hit)
1791 http cache @isaacs/balanced-match@https://registry.npmjs.org/@isaacs/balanced-match/-/balanced-match-4.0.1.tgz 0ms (cache hit)
1792 http cache minimist@https://registry.npmjs.org/minimist/-/minimist-1.2.8.tgz 0ms (cache hit)
1793 http cache @isaacs/brace-expansion@https://registry.npmjs.org/@isaacs/brace-expansion/-/brace-expansion-5.0.0.tgz 0ms (cache hit)
1794 http cache path-browserify@https://registry.npmjs.org/path-browserify/-/path-browserify-1.0.1.tgz 0ms (cache hit)
1795 http cache @ts-morph/common@https://registry.npmjs.org/@ts-morph/common/-/common-0.27.0.tgz 0ms (cache hit)
1796 http cache code-block-writer@https://registry.npmjs.org/code-block-writer/-/code-block-writer-13.0.3.tgz 0ms (cache hit)
1797 http cache minimatch@https://registry.npmjs.org/minimatch/-/minimatch-10.1.1.tgz 0ms (cache hit)
1798 http cache tldts-core@https://registry.npmjs.org/tldts-core/-/tldts-core-7.0.19.tgz 0ms (cache hit)
1799 http cache tldts@https://registry.npmjs.org/tldts/-/tldts-7.0.19.tgz 0ms (cache hit)
1800 http cache is-number@https://registry.npmjs.org/is-number/-/is-number-7.0.0.tgz 0ms (cache hit)
1801 http cache ansi-regex@https://registry.npmjs.org/ansi-regex/-/ansi-regex-6.2.2.tgz 0ms (cache hit)
1802 http cache get-own-enumerable-keys@https://registry.npmjs.org/get-own-enumerable-keys/-/get-own-enumerable-keys-1.0.0.tgz 0ms (cache hit)
1803 http cache emoji-regex@https://registry.npmjs.org/emoji-regex/-/emoji-regex-10.6.0.tgz 0ms (cache hit)
1804 http cache is-obj@https://registry.npmjs.org/is-obj/-/is-obj-3.0.0.tgz 0ms (cache hit)
1805 http cache dunder-proto@https://registry.npmjs.org/dunder-proto/-/dunder-proto-1.0.1.tgz 0ms (cache hit)
1806 http cache get-east-asian-width@https://registry.npmjs.org/get-east-asian-width/-/get-east-asian-width-1.4.0.tgz 0ms (cache hit)
1807 http cache math-intrinsics@https://registry.npmjs.org/math-intrinsics/-/math-intrinsics-1.1.0.tgz 0ms (cache hit)
1808 http cache has-symbols@https://registry.npmjs.org/has-symbols/-/has-symbols-1.1.0.tgz 0ms (cache hit)
1809 http cache hasown@https://registry.npmjs.org/hasown/-/hasown-2.0.2.tgz 0ms (cache hit)
1810 http cache get-proto@https://registry.npmjs.org/get-proto/-/get-proto-1.0.1.tgz 0ms (cache hit)
1811 http cache gopd@https://registry.npmjs.org/gopd/-/gopd-1.2.0.tgz 0ms (cache hit)
1812 http cache es-object-atoms@https://registry.npmjs.org/es-object-atoms/-/es-object-atoms-1.1.1.tgz 0ms (cache hit)
1813 http cache es-define-property@https://registry.npmjs.org/es-define-property/-/es-define-property-1.0.1.tgz 0ms (cache hit)
1814 http cache function-bind@https://registry.npmjs.org/function-bind/-/function-bind-1.1.2.tgz 0ms (cache hit)
1815 http cache call-bind-apply-helpers@https://registry.npmjs.org/call-bind-apply-helpers/-/call-bind-apply-helpers-1.0.2.tgz 0ms (cache hit)
1816 http cache get-intrinsic@https://registry.npmjs.org/get-intrinsic/-/get-intrinsic-1.3.0.tgz 0ms (cache hit)
1817 http cache call-bound@https://registry.npmjs.org/call-bound/-/call-bound-1.0.4.tgz 0ms (cache hit)
1818 http cache side-channel-weakmap@https://registry.npmjs.org/side-channel-weakmap/-/side-channel-weakmap-1.0.2.tgz 0ms (cache hit)
1819 http cache side-channel-map@https://registry.npmjs.org/side-channel-map/-/side-channel-map-1.0.1.tgz 0ms (cache hit)
1820 http cache side-channel-list@https://registry.npmjs.org/side-channel-list/-/side-channel-list-1.0.0.tgz 0ms (cache hit)
1821 http cache object-inspect@https://registry.npmjs.org/object-inspect/-/object-inspect-1.13.4.tgz 0ms (cache hit)
1822 http cache es-errors@https://registry.npmjs.org/es-errors/-/es-errors-1.3.0.tgz 0ms (cache hit)
1823 http cache shebang-regex@https://registry.npmjs.org/shebang-regex/-/shebang-regex-3.0.0.tgz 0ms (cache hit)
1824 http cache queue-microtask@https://registry.npmjs.org/queue-microtask/-/queue-microtask-1.2.3.tgz 0ms (cache hit)
1825 http cache is-promise@https://registry.npmjs.org/is-promise/-/is-promise-4.0.0.tgz 0ms (cache hit)
1826 http cache mimic-function@https://registry.npmjs.org/mimic-function/-/mimic-function-5.0.1.tgz 0ms (cache hit)
1827 http cache tslib@https://registry.npmjs.org/tslib/-/tslib-2.8.1.tgz 0ms (cache hit)
1828 http cache onetime@https://registry.npmjs.org/onetime/-/onetime-7.0.0.tgz 0ms (cache hit)
1829 http cache tiny-invariant@https://registry.npmjs.org/tiny-invariant/-/tiny-invariant-1.3.3.tgz 0ms (cache hit)
1830 http cache source-map@https://registry.npmjs.org/source-map/-/source-map-0.6.1.tgz 0ms (cache hit)
1831 http cache esprima@https://registry.npmjs.org/esprima/-/esprima-4.0.1.tgz 0ms (cache hit)
1832 http cache ast-types@https://registry.npmjs.org/ast-types/-/ast-types-0.16.1.tgz 0ms (cache hit)
1833 http cache unpipe@https://registry.npmjs.org/unpipe/-/unpipe-1.0.0.tgz 0ms (cache hit)
1834 http cache side-channel@https://registry.npmjs.org/side-channel/-/side-channel-1.1.0.tgz 0ms (cache hit)
1835 http cache ipaddr.js@https://registry.npmjs.org/ipaddr.js/-/ipaddr.js-1.9.1.tgz 0ms (cache hit)
1836 http cache forwarded@https://registry.npmjs.org/forwarded/-/forwarded-0.2.0.tgz 0ms (cache hit)
1837 http cache sisteransi@https://registry.npmjs.org/sisteransi/-/sisteransi-1.0.5.tgz 0ms (cache hit)
1838 http cache parse-ms@https://registry.npmjs.org/parse-ms/-/parse-ms-4.0.0.tgz 0ms (cache hit)
1839 http cache util-deprecate@https://registry.npmjs.org/util-deprecate/-/util-deprecate-1.0.2.tgz 0ms (cache hit)
1840 http cache cssesc@https://registry.npmjs.org/cssesc/-/cssesc-3.0.0.tgz 0ms (cache hit)
1841 http cache nanoid@https://registry.npmjs.org/nanoid/-/nanoid-3.3.11.tgz 0ms (cache hit)
1842 http cache source-map-js@https://registry.npmjs.org/source-map-js/-/source-map-js-1.2.1.tgz 0ms (cache hit)
1843 http cache is-arrayish@https://registry.npmjs.org/is-arrayish/-/is-arrayish-0.2.1.tgz 0ms (cache hit)
1844 http cache lines-and-columns@https://registry.npmjs.org/lines-and-columns/-/lines-and-columns-1.2.4.tgz 0ms (cache hit)
1845 http cache error-ex@https://registry.npmjs.org/error-ex/-/error-ex-1.3.4.tgz 0ms (cache hit)
1846 http cache json-parse-even-better-errors@https://registry.npmjs.org/json-parse-even-better-errors/-/json-parse-even-better-errors-2.3.1.tgz 0ms (cache hit)
1847 http cache callsites@https://registry.npmjs.org/callsites/-/callsites-3.1.0.tgz 0ms (cache hit)
1848 http cache restore-cursor@https://registry.npmjs.org/restore-cursor/-/restore-cursor-5.1.0.tgz 1ms (cache hit)
1849 http cache strip-ansi@https://registry.npmjs.org/strip-ansi/-/strip-ansi-7.1.2.tgz 0ms (cache hit)
1850 http cache string-width@https://registry.npmjs.org/string-width/-/string-width-7.2.0.tgz 0ms (cache hit)
1851 http cache stdin-discarder@https://registry.npmjs.org/stdin-discarder/-/stdin-discarder-0.2.2.tgz 0ms (cache hit)
1852 http cache is-interactive@https://registry.npmjs.org/is-interactive/-/is-interactive-2.0.0.tgz 0ms (cache hit)
1853 http cache log-symbols@https://registry.npmjs.org/log-symbols/-/log-symbols-6.0.0.tgz 0ms (cache hit)
1854 http cache cli-spinners@https://registry.npmjs.org/cli-spinners/-/cli-spinners-2.9.2.tgz 0ms (cache hit)
1855 http cache cli-cursor@https://registry.npmjs.org/cli-cursor/-/cli-cursor-5.0.0.tgz 0ms (cache hit)
1856 http cache chalk@https://registry.npmjs.org/chalk/-/chalk-5.6.2.tgz 0ms (cache hit)
1857 http cache is-docker@https://registry.npmjs.org/is-docker/-/is-docker-3.0.0.tgz 0ms (cache hit)
1858 http cache run-applescript@https://registry.npmjs.org/run-applescript/-/run-applescript-7.1.0.tgz 0ms (cache hit)
1859 http cache default-browser-id@https://registry.npmjs.org/default-browser-id/-/default-browser-id-5.0.1.tgz 0ms (cache hit)
1860 http cache bundle-name@https://registry.npmjs.org/bundle-name/-/bundle-name-4.1.0.tgz 0ms (cache hit)
1861 http cache wsl-utils@https://registry.npmjs.org/wsl-utils/-/wsl-utils-0.3.1.tgz 1ms (cache hit)
1862 http cache powershell-utils@https://registry.npmjs.org/powershell-utils/-/powershell-utils-0.1.0.tgz 0ms (cache hit)
1863 http cache is-inside-container@https://registry.npmjs.org/is-inside-container/-/is-inside-container-1.0.0.tgz 0ms (cache hit)
1864 http cache is-in-ssh@https://registry.npmjs.org/is-in-ssh/-/is-in-ssh-1.0.0.tgz 0ms (cache hit)
1865 http cache define-lazy-prop@https://registry.npmjs.org/define-lazy-prop/-/define-lazy-prop-3.0.0.tgz 0ms (cache hit)
1866 http cache wrappy@https://registry.npmjs.org/wrappy/-/wrappy-1.0.2.tgz 0ms (cache hit)
1867 http cache ee-first@https://registry.npmjs.org/ee-first/-/ee-first-1.1.1.tgz 0ms (cache hit)
1868 http cache default-browser@https://registry.npmjs.org/default-browser/-/default-browser-5.4.0.tgz 0ms (cache hit)
1869 http cache unicorn-magic@https://registry.npmjs.org/unicorn-magic/-/unicorn-magic-0.3.0.tgz 0ms (cache hit)
1870 http cache web-streams-polyfill@https://registry.npmjs.org/web-streams-polyfill/-/web-streams-polyfill-3.3.3.tgz 0ms (cache hit)
1871 http cache formdata-polyfill@https://registry.npmjs.org/formdata-polyfill/-/formdata-polyfill-4.0.10.tgz 0ms (cache hit)
1872 http cache fetch-blob@https://registry.npmjs.org/fetch-blob/-/fetch-blob-3.2.0.tgz 0ms (cache hit)
1873 http cache node-domexception@https://registry.npmjs.org/node-domexception/-/node-domexception-1.0.0.tgz 0ms (cache hit)
1874 http cache @open-draft/until@https://registry.npmjs.org/@open-draft/until/-/until-2.1.0.tgz 0ms (cache hit)
1875 http cache @open-draft/logger@https://registry.npmjs.org/@open-draft/logger/-/logger-0.3.0.tgz 0ms (cache hit)
1876 http cache data-uri-to-buffer@https://registry.npmjs.org/data-uri-to-buffer/-/data-uri-to-buffer-4.0.1.tgz 0ms (cache hit)
1877 http cache yoctocolors-cjs@https://registry.npmjs.org/yoctocolors-cjs/-/yoctocolors-cjs-2.1.3.tgz 0ms (cache hit)
1878 http cache wrap-ansi@https://registry.npmjs.org/wrap-ansi/-/wrap-ansi-6.2.0.tgz 0ms (cache hit)
1879 http cache mute-stream@https://registry.npmjs.org/mute-stream/-/mute-stream-2.0.0.tgz 0ms (cache hit)
1880 http cache cli-width@https://registry.npmjs.org/cli-width/-/cli-width-4.1.0.tgz 0ms (cache hit)
1881 http cache @inquirer/figures@https://registry.npmjs.org/@inquirer/figures/-/figures-1.0.15.tgz 0ms (cache hit)
1882 http cache @inquirer/type@https://registry.npmjs.org/@inquirer/type/-/type-3.0.10.tgz 0ms (cache hit)
1883 http cache @inquirer/core@https://registry.npmjs.org/@inquirer/core/-/core-10.3.2.tgz 0ms (cache hit)
1884 http cache yargs@https://registry.npmjs.org/yargs/-/yargs-17.7.2.tgz 0ms (cache hit)
1885 http cache until-async@https://registry.npmjs.org/until-async/-/until-async-3.0.2.tgz 0ms (cache hit)
1886 http cache @inquirer/ansi@https://registry.npmjs.org/@inquirer/ansi/-/ansi-1.0.2.tgz 0ms (cache hit)
1887 http cache tough-cookie@https://registry.npmjs.org/tough-cookie/-/tough-cookie-6.0.0.tgz 0ms (cache hit)
1888 http cache type-fest@https://registry.npmjs.org/type-fest/-/type-fest-5.3.1.tgz 0ms (cache hit)
1889 http cache strict-event-emitter@https://registry.npmjs.org/strict-event-emitter/-/strict-event-emitter-0.5.1.tgz 0ms (cache hit)
1890 http cache rettime@https://registry.npmjs.org/rettime/-/rettime-0.7.0.tgz 0ms (cache hit)
1891 http cache path-to-regexp@https://registry.npmjs.org/path-to-regexp/-/path-to-regexp-6.3.0.tgz 0ms (cache hit)
1892 http cache is-node-process@https://registry.npmjs.org/is-node-process/-/is-node-process-1.2.0.tgz 0ms (cache hit)
1893 http cache outvariant@https://registry.npmjs.org/outvariant/-/outvariant-1.4.3.tgz 0ms (cache hit)
1894 http cache @open-draft/deferred-promise@https://registry.npmjs.org/@open-draft/deferred-promise/-/deferred-promise-2.2.0.tgz 0ms (cache hit)
1895 http cache @types/statuses@https://registry.npmjs.org/@types/statuses/-/statuses-2.0.6.tgz 0ms (cache hit)
1896 http cache @inquirer/confirm@https://registry.npmjs.org/@inquirer/confirm/-/confirm-5.1.21.tgz 0ms (cache hit)
1897 http cache headers-polyfill@https://registry.npmjs.org/headers-polyfill/-/headers-polyfill-4.0.3.tgz 0ms (cache hit)
1898 http cache graphql@https://registry.npmjs.org/graphql/-/graphql-16.12.0.tgz 0ms (cache hit)
1899 http cache @mswjs/interceptors@https://registry.npmjs.org/@mswjs/interceptors/-/interceptors-0.40.0.tgz 0ms (cache hit)
1900 http cache mime-db@https://registry.npmjs.org/mime-db/-/mime-db-1.54.0.tgz 0ms (cache hit)
1901 http cache to-regex-range@https://registry.npmjs.org/to-regex-range/-/to-regex-range-5.0.1.tgz 0ms (cache hit)
1902 http cache fill-range@https://registry.npmjs.org/fill-range/-/fill-range-7.1.1.tgz 0ms (cache hit)
1903 http cache braces@https://registry.npmjs.org/braces/-/braces-3.0.3.tgz 0ms (cache hit)
1904 http cache yallist@https://registry.npmjs.org/yallist/-/yallist-3.1.1.tgz 0ms (cache hit)
1905 http cache argparse@https://registry.npmjs.org/argparse/-/argparse-2.0.1.tgz 0ms (cache hit)
1906 http cache is-extglob@https://registry.npmjs.org/is-extglob/-/is-extglob-2.1.1.tgz 0ms (cache hit)
1907 http cache resolve-from@https://registry.npmjs.org/resolve-from/-/resolve-from-4.0.0.tgz 0ms (cache hit)
1908 http cache parent-module@https://registry.npmjs.org/parent-module/-/parent-module-1.0.1.tgz 0ms (cache hit)
1909 http cache agent-base@https://registry.npmjs.org/agent-base/-/agent-base-7.1.4.tgz 0ms (cache hit)
1910 http cache safer-buffer@https://registry.npmjs.org/safer-buffer/-/safer-buffer-2.1.2.tgz 0ms (cache hit)
1911 http cache toidentifier@https://registry.npmjs.org/toidentifier/-/toidentifier-1.0.1.tgz 0ms (cache hit)
1912 http cache @sec-ant/readable-stream@https://registry.npmjs.org/@sec-ant/readable-stream/-/readable-stream-0.4.1.tgz 0ms (cache hit)
1913 http cache setprototypeof@https://registry.npmjs.org/setprototypeof/-/setprototypeof-1.2.0.tgz 1ms (cache hit)
1914 http cache inherits@https://registry.npmjs.org/inherits/-/inherits-2.0.4.tgz 0ms (cache hit)
1915 http cache is-glob@https://registry.npmjs.org/is-glob/-/is-glob-4.0.3.tgz 0ms (cache hit)
1916 http cache universalify@https://registry.npmjs.org/universalify/-/universalify-2.0.1.tgz 0ms (cache hit)
1917 http cache jsonfile@https://registry.npmjs.org/jsonfile/-/jsonfile-6.2.0.tgz 0ms (cache hit)
1918 http cache is-unicode-supported@https://registry.npmjs.org/is-unicode-supported/-/is-unicode-supported-2.1.0.tgz 0ms (cache hit)
1919 http cache reusify@https://registry.npmjs.org/reusify/-/reusify-1.1.0.tgz 0ms (cache hit)
1920 http cache graceful-fs@https://registry.npmjs.org/graceful-fs/-/graceful-fs-4.2.11.tgz 0ms (cache hit)
1921 http cache @nodelib/fs.scandir@https://registry.npmjs.org/@nodelib/fs.scandir/-/fs.scandir-2.1.5.tgz 0ms (cache hit)
1922 http cache run-parallel@https://registry.npmjs.org/run-parallel/-/run-parallel-1.2.0.tgz 0ms (cache hit)
1923 http cache fastq@https://registry.npmjs.org/fastq/-/fastq-1.20.1.tgz 0ms (cache hit)
1924 http cache merge2@https://registry.npmjs.org/merge2/-/merge2-1.4.1.tgz 0ms (cache hit)
1925 http cache micromatch@https://registry.npmjs.org/micromatch/-/micromatch-4.0.8.tgz 0ms (cache hit)
1926 http cache @nodelib/fs.stat@https://registry.npmjs.org/@nodelib/fs.stat/-/fs.stat-2.0.5.tgz 0ms (cache hit)
1927 http cache @nodelib/fs.walk@https://registry.npmjs.org/@nodelib/fs.walk/-/fs.walk-1.2.8.tgz 0ms (cache hit)
1928 http cache glob-parent@https://registry.npmjs.org/glob-parent/-/glob-parent-5.1.2.tgz 0ms (cache hit)
1929 http cache iconv-lite@https://registry.npmjs.org/iconv-lite/-/iconv-lite-0.7.1.tgz 0ms (cache hit)
1930 http cache negotiator@https://registry.npmjs.org/negotiator/-/negotiator-1.0.0.tgz 0ms (cache hit)
1931 http cache bytes@https://registry.npmjs.org/bytes/-/bytes-3.1.2.tgz 0ms (cache hit)
1932 http cache type-is@https://registry.npmjs.org/type-is/-/type-is-2.0.1.tgz 0ms (cache hit)
1933 http cache statuses@https://registry.npmjs.org/statuses/-/statuses-2.0.2.tgz 0ms (cache hit)
1934 http cache send@https://registry.npmjs.org/send/-/send-1.2.1.tgz 0ms (cache hit)
1935 http cache serve-static@https://registry.npmjs.org/serve-static/-/serve-static-2.2.1.tgz 0ms (cache hit)
1936 http cache router@https://registry.npmjs.org/router/-/router-2.2.0.tgz 0ms (cache hit)
1937 http cache range-parser@https://registry.npmjs.org/range-parser/-/range-parser-1.2.1.tgz 0ms (cache hit)
1938 http cache qs@https://registry.npmjs.org/qs/-/qs-6.14.1.tgz 0ms (cache hit)
1939 http cache proxy-addr@https://registry.npmjs.org/proxy-addr/-/proxy-addr-2.0.7.tgz 0ms (cache hit)
1940 http cache parseurl@https://registry.npmjs.org/parseurl/-/parseurl-1.3.3.tgz 0ms (cache hit)
1941 http cache on-finished@https://registry.npmjs.org/on-finished/-/on-finished-2.4.1.tgz 0ms (cache hit)
1942 http cache once@https://registry.npmjs.org/once/-/once-1.4.0.tgz 0ms (cache hit)
1943 http cache mime-types@https://registry.npmjs.org/mime-types/-/mime-types-3.0.2.tgz 0ms (cache hit)
1944 http cache merge-descriptors@https://registry.npmjs.org/merge-descriptors/-/merge-descriptors-2.0.0.tgz 0ms (cache hit)
1945 http cache http-errors@https://registry.npmjs.org/http-errors/-/http-errors-2.0.1.tgz 0ms (cache hit)
1946 http cache finalhandler@https://registry.npmjs.org/finalhandler/-/finalhandler-2.1.1.tgz 0ms (cache hit)
1947 http cache fresh@https://registry.npmjs.org/fresh/-/fresh-2.0.0.tgz 0ms (cache hit)
1948 http cache etag@https://registry.npmjs.org/etag/-/etag-1.8.1.tgz 0ms (cache hit)
1949 http cache escape-html@https://registry.npmjs.org/escape-html/-/escape-html-1.0.3.tgz 0ms (cache hit)
1950 http cache depd@https://registry.npmjs.org/depd/-/depd-2.0.0.tgz 0ms (cache hit)
1951 http cache encodeurl@https://registry.npmjs.org/encodeurl/-/encodeurl-2.0.0.tgz 0ms (cache hit)
1952 http cache cookie-signature@https://registry.npmjs.org/cookie-signature/-/cookie-signature-1.2.2.tgz 0ms (cache hit)
1953 http cache content-disposition@https://registry.npmjs.org/content-disposition/-/content-disposition-1.0.1.tgz 0ms (cache hit)
1954 http cache body-parser@https://registry.npmjs.org/body-parser/-/body-parser-2.2.1.tgz 0ms (cache hit)
1955 http cache cookie@https://registry.npmjs.org/cookie/-/cookie-0.7.2.tgz 0ms (cache hit)
1956 http cache is-regexp@https://registry.npmjs.org/is-regexp/-/is-regexp-3.1.0.tgz 0ms (cache hit)
1957 http cache accepts@https://registry.npmjs.org/accepts/-/accepts-2.0.0.tgz 0ms (cache hit)
1958 http cache yoctocolors@https://registry.npmjs.org/yoctocolors/-/yoctocolors-2.1.2.tgz 0ms (cache hit)
1959 http cache strip-final-newline@https://registry.npmjs.org/strip-final-newline/-/strip-final-newline-4.0.0.tgz 0ms (cache hit)
1960 http cache npm-run-path@https://registry.npmjs.org/npm-run-path/-/npm-run-path-6.0.0.tgz 0ms (cache hit)
1961 http cache pretty-ms@https://registry.npmjs.org/pretty-ms/-/pretty-ms-9.3.0.tgz 0ms (cache hit)
1962 http cache signal-exit@https://registry.npmjs.org/signal-exit/-/signal-exit-4.1.0.tgz 0ms (cache hit)
1963 http cache is-stream@https://registry.npmjs.org/is-stream/-/is-stream-4.0.1.tgz 0ms (cache hit)
1964 http cache is-plain-obj@https://registry.npmjs.org/is-plain-obj/-/is-plain-obj-4.1.0.tgz 0ms (cache hit)
1965 http cache human-signals@https://registry.npmjs.org/human-signals/-/human-signals-8.0.1.tgz 0ms (cache hit)
1966 http cache get-stream@https://registry.npmjs.org/get-stream/-/get-stream-9.0.1.tgz 0ms (cache hit)
1967 http cache @sindresorhus/merge-streams@https://registry.npmjs.org/@sindresorhus/merge-streams/-/merge-streams-4.0.0.tgz 0ms (cache hit)
1968 http cache figures@https://registry.npmjs.org/figures/-/figures-6.1.0.tgz 0ms (cache hit)
1969 http cache @noble/curves@https://registry.npmjs.org/@noble/curves/-/curves-1.9.7.tgz 0ms (cache hit)
1970 http cache @noble/hashes@https://registry.npmjs.org/@noble/hashes/-/hashes-1.8.0.tgz 0ms (cache hit)
1971 http cache @ecies/ciphers@https://registry.npmjs.org/@ecies/ciphers/-/ciphers-0.2.5.tgz 0ms (cache hit)
1972 http cache @noble/ciphers@https://registry.npmjs.org/@noble/ciphers/-/ciphers-1.3.0.tgz 0ms (cache hit)
1973 http cache ms@https://registry.npmjs.org/ms/-/ms-2.1.3.tgz 0ms (cache hit)
1974 http cache shebang-command@https://registry.npmjs.org/shebang-command/-/shebang-command-2.0.0.tgz 0ms (cache hit)
1975 http cache path-key@https://registry.npmjs.org/path-key/-/path-key-3.1.1.tgz 0ms (cache hit)
1976 http cache parse-json@https://registry.npmjs.org/parse-json/-/parse-json-5.2.0.tgz 0ms (cache hit)
1977 http cache js-yaml@https://registry.npmjs.org/js-yaml/-/js-yaml-4.1.1.tgz 0ms (cache hit)
1978 http cache import-fresh@https://registry.npmjs.org/import-fresh/-/import-fresh-3.3.1.tgz 0ms (cache hit)
1979 http cache env-paths@https://registry.npmjs.org/env-paths/-/env-paths-2.2.1.tgz 0ms (cache hit)
1980 http cache vary@https://registry.npmjs.org/vary/-/vary-1.1.2.tgz 0ms (cache hit)
1981 http cache object-assign@https://registry.npmjs.org/object-assign/-/object-assign-4.1.1.tgz 0ms (cache hit)
1982 http cache electron-to-chromium@https://registry.npmjs.org/electron-to-chromium/-/electron-to-chromium-1.5.267.tgz 0ms (cache hit)
1983 http cache node-releases@https://registry.npmjs.org/node-releases/-/node-releases-2.0.27.tgz 0ms (cache hit)
1984 http cache update-browserslist-db@https://registry.npmjs.org/update-browserslist-db/-/update-browserslist-db-1.2.3.tgz 0ms (cache hit)
1985 http cache baseline-browser-mapping@https://registry.npmjs.org/baseline-browser-mapping/-/baseline-browser-mapping-2.9.11.tgz 0ms (cache hit)
1986 http cache require-from-string@https://registry.npmjs.org/require-from-string/-/require-from-string-2.0.2.tgz 0ms (cache hit)
1987 http cache json-schema-traverse@https://registry.npmjs.org/json-schema-traverse/-/json-schema-traverse-1.0.0.tgz 0ms (cache hit)
1988 http cache fast-uri@https://registry.npmjs.org/fast-uri/-/fast-uri-3.1.0.tgz 0ms (cache hit)
1989 http cache fast-deep-equal@https://registry.npmjs.org/fast-deep-equal/-/fast-deep-equal-3.1.3.tgz 0ms (cache hit)
1990 http cache caniuse-lite@https://registry.npmjs.org/caniuse-lite/-/caniuse-lite-1.0.30001762.tgz 0ms (cache hit)
1991 http cache pkce-challenge@https://registry.npmjs.org/pkce-challenge/-/pkce-challenge-5.0.1.tgz 0ms (cache hit)
1992 http cache json-schema-typed@https://registry.npmjs.org/json-schema-typed/-/json-schema-typed-8.0.2.tgz 0ms (cache hit)
1993 http cache raw-body@https://registry.npmjs.org/raw-body/-/raw-body-3.0.2.tgz 0ms (cache hit)
1994 http cache express-rate-limit@https://registry.npmjs.org/express-rate-limit/-/express-rate-limit-7.5.1.tgz 0ms (cache hit)
1995 http cache jose@https://registry.npmjs.org/jose/-/jose-6.1.3.tgz 0ms (cache hit)
1996 http cache express@https://registry.npmjs.org/express/-/express-5.2.1.tgz 0ms (cache hit)
1997 http cache eventsource-parser@https://registry.npmjs.org/eventsource-parser/-/eventsource-parser-3.0.6.tgz 0ms (cache hit)
1998 http cache eventsource@https://registry.npmjs.org/eventsource/-/eventsource-3.0.7.tgz 0ms (cache hit)
1999 http cache cross-spawn@https://registry.npmjs.org/cross-spawn/-/cross-spawn-7.0.6.tgz 0ms (cache hit)
2000 http cache content-type@https://registry.npmjs.org/content-type/-/content-type-1.0.5.tgz 0ms (cache hit)
2001 http cache cors@https://registry.npmjs.org/cors/-/cors-2.8.5.tgz 0ms (cache hit)
2002 http cache ajv-formats@https://registry.npmjs.org/ajv-formats/-/ajv-formats-3.0.1.tgz 0ms (cache hit)
2003 http cache @hono/node-server@https://registry.npmjs.org/@hono/node-server/-/node-server-1.19.7.tgz 0ms (cache hit)
2004 http cache ajv@https://registry.npmjs.org/ajv/-/ajv-8.17.1.tgz 0ms (cache hit)
2005 http cache hono@https://registry.npmjs.org/hono/-/hono-4.11.3.tgz 0ms (cache hit)
2006 http cache @jridgewell/resolve-uri@https://registry.npmjs.org/@jridgewell/resolve-uri/-/resolve-uri-3.1.2.tgz 0ms (cache hit)
2007 http cache @jridgewell/sourcemap-codec@https://registry.npmjs.org/@jridgewell/sourcemap-codec/-/sourcemap-codec-1.5.5.tgz 0ms (cache hit)
2008 http cache picomatch@https://registry.npmjs.org/picomatch/-/picomatch-4.0.3.tgz 0ms (cache hit)
2009 http cache which@https://registry.npmjs.org/which/-/which-4.0.0.tgz 0ms (cache hit)
2010 http cache ignore@https://registry.npmjs.org/ignore/-/ignore-5.3.2.tgz 0ms (cache hit)
2011 http cache object-treeify@https://registry.npmjs.org/object-treeify/-/object-treeify-1.1.33.tgz 0ms (cache hit)
2012 http cache eciesjs@https://registry.npmjs.org/eciesjs/-/eciesjs-0.4.16.tgz 0ms (cache hit)
2013 http cache fdir@https://registry.npmjs.org/fdir/-/fdir-6.5.0.tgz 0ms (cache hit)
2014 http cache @babel/helper-string-parser@https://registry.npmjs.org/@babel/helper-string-parser/-/helper-string-parser-7.27.1.tgz 0ms (cache hit)
2015 http cache dotenv@https://registry.npmjs.org/dotenv/-/dotenv-17.2.3.tgz 0ms (cache hit)
2016 http cache @babel/helper-globals@https://registry.npmjs.org/@babel/helper-globals/-/helper-globals-7.28.0.tgz 0ms (cache hit)
2017 http cache @babel/plugin-transform-modules-commonjs@https://registry.npmjs.org/@babel/plugin-transform-modules-commonjs/-/plugin-transform-modules-commonjs-7.27.1.tgz 0ms (cache hit)
2018 http cache @babel/plugin-syntax-jsx@https://registry.npmjs.org/@babel/plugin-syntax-jsx/-/plugin-syntax-jsx-7.27.1.tgz 0ms (cache hit)
2019 http cache @babel/helper-replace-supers@https://registry.npmjs.org/@babel/helper-replace-supers/-/helper-replace-supers-7.27.1.tgz 1ms (cache hit)
2020 http cache @babel/helper-optimise-call-expression@https://registry.npmjs.org/@babel/helper-optimise-call-expression/-/helper-optimise-call-expression-7.27.1.tgz 0ms (cache hit)
2021 http cache @babel/helper-member-expression-to-functions@https://registry.npmjs.org/@babel/helper-member-expression-to-functions/-/helper-member-expression-to-functions-7.28.5.tgz 0ms (cache hit)
2022 http cache @babel/plugin-syntax-typescript@https://registry.npmjs.org/@babel/plugin-syntax-typescript/-/plugin-syntax-typescript-7.27.1.tgz 0ms (cache hit)
2023 http cache @babel/helper-skip-transparent-expression-wrappers@https://registry.npmjs.org/@babel/helper-skip-transparent-expression-wrappers/-/helper-skip-transparent-expression-wrappers-7.27.1.tgz 0ms (cache hit)
2024 http cache @babel/helper-plugin-utils@https://registry.npmjs.org/@babel/helper-plugin-utils/-/helper-plugin-utils-7.27.1.tgz 0ms (cache hit)
2025 http cache @babel/helper-create-class-features-plugin@https://registry.npmjs.org/@babel/helper-create-class-features-plugin/-/helper-create-class-features-plugin-7.28.5.tgz 0ms (cache hit)
2026 http cache @babel/helper-annotate-as-pure@https://registry.npmjs.org/@babel/helper-annotate-as-pure/-/helper-annotate-as-pure-7.27.3.tgz 0ms (cache hit)
2027 http cache @babel/helper-module-imports@https://registry.npmjs.org/@babel/helper-module-imports/-/helper-module-imports-7.27.1.tgz 0ms (cache hit)
2028 http cache @babel/helper-validator-option@https://registry.npmjs.org/@babel/helper-validator-option/-/helper-validator-option-7.27.1.tgz 0ms (cache hit)
2029 http cache lru-cache@https://registry.npmjs.org/lru-cache/-/lru-cache-5.1.1.tgz 0ms (cache hit)
2030 http cache jsesc@https://registry.npmjs.org/jsesc/-/jsesc-3.1.0.tgz 0ms (cache hit)
2031 http cache @jridgewell/trace-mapping@https://registry.npmjs.org/@jridgewell/trace-mapping/-/trace-mapping-0.3.31.tgz 0ms (cache hit)
2032 http cache @jridgewell/gen-mapping@https://registry.npmjs.org/@jridgewell/gen-mapping/-/gen-mapping-0.3.13.tgz 0ms (cache hit)
2033 http cache @babel/compat-data@https://registry.npmjs.org/@babel/compat-data/-/compat-data-7.28.5.tgz 0ms (cache hit)
2034 http cache @babel/helper-validator-identifier@https://registry.npmjs.org/@babel/helper-validator-identifier/-/helper-validator-identifier-7.28.5.tgz 0ms (cache hit)
2035 http cache picocolors@https://registry.npmjs.org/picocolors/-/picocolors-1.1.1.tgz 0ms (cache hit)
2036 http cache json5@https://registry.npmjs.org/json5/-/json5-2.2.3.tgz 1ms (cache hit)
2037 http cache js-tokens@https://registry.npmjs.org/js-tokens/-/js-tokens-4.0.0.tgz 0ms (cache hit)
2038 http cache gensync@https://registry.npmjs.org/gensync/-/gensync-1.0.0-beta.2.tgz 0ms (cache hit)
2039 http cache semver@https://registry.npmjs.org/semver/-/semver-6.3.1.tgz 0ms (cache hit)
2040 http cache @jridgewell/remapping@https://registry.npmjs.org/@jridgewell/remapping/-/remapping-2.3.5.tgz 0ms (cache hit)
2041 http cache convert-source-map@https://registry.npmjs.org/convert-source-map/-/convert-source-map-2.0.0.tgz 0ms (cache hit)
2042 http cache @babel/types@https://registry.npmjs.org/@babel/types/-/types-7.28.5.tgz 0ms (cache hit)
2043 http cache debug@https://registry.npmjs.org/debug/-/debug-4.4.3.tgz 0ms (cache hit)
2044 http cache @babel/traverse@https://registry.npmjs.org/@babel/traverse/-/traverse-7.28.5.tgz 0ms (cache hit)
2045 http cache @babel/template@https://registry.npmjs.org/@babel/template/-/template-7.27.2.tgz 0ms (cache hit)
2046 http cache @babel/helpers@https://registry.npmjs.org/@babel/helpers/-/helpers-7.28.4.tgz 0ms (cache hit)
2047 http cache @babel/helper-module-transforms@https://registry.npmjs.org/@babel/helper-module-transforms/-/helper-module-transforms-7.28.3.tgz 0ms (cache hit)
2048 http cache tinyexec@https://registry.npmjs.org/tinyexec/-/tinyexec-1.0.2.tgz 0ms (cache hit)
2049 http cache @babel/helper-compilation-targets@https://registry.npmjs.org/@babel/helper-compilation-targets/-/helper-compilation-targets-7.27.2.tgz 0ms (cache hit)
2050 http cache fzf@https://registry.npmjs.org/fzf/-/fzf-0.5.2.tgz 0ms (cache hit)
2051 http cache @babel/generator@https://registry.npmjs.org/@babel/generator/-/generator-7.28.5.tgz 0ms (cache hit)
2052 http cache @babel/code-frame@https://registry.npmjs.org/@babel/code-frame/-/code-frame-7.27.1.tgz 0ms (cache hit)
2053 http cache package-manager-detector@https://registry.npmjs.org/package-manager-detector/-/package-manager-detector-1.6.0.tgz 1ms (cache hit)
2054 http cache zod-to-json-schema@https://registry.npmjs.org/zod-to-json-schema/-/zod-to-json-schema-3.25.1.tgz 0ms (cache hit)
2055 http cache ansis@https://registry.npmjs.org/ansis/-/ansis-4.2.0.tgz 0ms (cache hit)
2056 http cache zod@https://registry.npmjs.org/zod/-/zod-3.25.76.tgz 0ms (cache hit)
2057 http cache tsconfig-paths@https://registry.npmjs.org/tsconfig-paths/-/tsconfig-paths-4.2.0.tgz 0ms (cache hit)
2058 http cache stringify-object@https://registry.npmjs.org/stringify-object/-/stringify-object-5.0.0.tgz 0ms (cache hit)
2059 http cache ts-morph@https://registry.npmjs.org/ts-morph/-/ts-morph-26.0.0.tgz 0ms (cache hit)
2060 http cache recast@https://registry.npmjs.org/recast/-/recast-0.23.11.tgz 0ms (cache hit)
2061 http cache prompts@https://registry.npmjs.org/prompts/-/prompts-2.4.2.tgz 0ms (cache hit)
2062 http cache ora@https://registry.npmjs.org/ora/-/ora-8.2.0.tgz 0ms (cache hit)
2063 http cache postcss@https://registry.npmjs.org/postcss/-/postcss-8.5.6.tgz 0ms (cache hit)
2064 http cache postcss-selector-parser@https://registry.npmjs.org/postcss-selector-parser/-/postcss-selector-parser-7.1.1.tgz 0ms (cache hit)
2065 http cache open@https://registry.npmjs.org/open/-/open-11.0.0.tgz 0ms (cache hit)
2066 http cache node-fetch@https://registry.npmjs.org/node-fetch/-/node-fetch-3.3.2.tgz 0ms (cache hit)
2067 http cache https-proxy-agent@https://registry.npmjs.org/https-proxy-agent/-/https-proxy-agent-7.0.6.tgz 0ms (cache hit)
2068 http cache msw@https://registry.npmjs.org/msw/-/msw-2.12.7.tgz 0ms (cache hit)
2069 http cache kleur@https://registry.npmjs.org/kleur/-/kleur-4.1.5.tgz 0ms (cache hit)
2070 http cache fuzzysort@https://registry.npmjs.org/fuzzysort/-/fuzzysort-3.1.0.tgz 0ms (cache hit)
2071 http cache fs-extra@https://registry.npmjs.org/fs-extra/-/fs-extra-11.3.3.tgz 0ms (cache hit)
2072 http cache execa@https://registry.npmjs.org/execa/-/execa-9.6.1.tgz 0ms (cache hit)
2073 http cache fast-glob@https://registry.npmjs.org/fast-glob/-/fast-glob-3.3.3.tgz 0ms (cache hit)
2074 http cache diff@https://registry.npmjs.org/diff/-/diff-8.0.2.tgz 0ms (cache hit)
2075 http cache deepmerge@https://registry.npmjs.org/deepmerge/-/deepmerge-4.3.1.tgz 0ms (cache hit)
2076 http cache dedent@https://registry.npmjs.org/dedent/-/dedent-1.7.1.tgz 0ms (cache hit)
2077 http cache cosmiconfig@https://registry.npmjs.org/cosmiconfig/-/cosmiconfig-9.0.0.tgz 0ms (cache hit)
2078 http cache @dotenvx/dotenvx@https://registry.npmjs.org/@dotenvx/dotenvx/-/dotenvx-1.51.4.tgz 0ms (cache hit)
2079 http cache @modelcontextprotocol/sdk@https://registry.npmjs.org/@modelcontextprotocol/sdk/-/sdk-1.25.1.tgz 0ms (cache hit)
2080 http cache @babel/preset-typescript@https://registry.npmjs.org/@babel/preset-typescript/-/preset-typescript-7.28.5.tgz 0ms (cache hit)
2081 http cache browserslist@https://registry.npmjs.org/browserslist/-/browserslist-4.28.1.tgz 0ms (cache hit)
2082 http cache commander@https://registry.npmjs.org/commander/-/commander-14.0.2.tgz 0ms (cache hit)
2083 http cache @babel/plugin-transform-typescript@https://registry.npmjs.org/@babel/plugin-transform-typescript/-/plugin-transform-typescript-7.28.5.tgz 0ms (cache hit)
2084 http cache @babel/parser@https://registry.npmjs.org/@babel/parser/-/parser-7.28.5.tgz 0ms (cache hit)
2085 http cache @antfu/ni@https://registry.npmjs.org/@antfu/ni/-/ni-25.0.0.tgz 0ms (cache hit)
2086 http cache @babel/core@https://registry.npmjs.org/@babel/core/-/core-7.28.5.tgz 0ms (cache hit)
2087 http cache shadcn@https://registry.npmjs.org/shadcn/-/shadcn-3.6.2.tgz 0ms (cache hit)
2088 http cache emoji-regex@https://registry.npmjs.org/emoji-regex/-/emoji-regex-8.0.0.tgz 0ms (cache hit)
2089 http cache ansi-regex@https://registry.npmjs.org/ansi-regex/-/ansi-regex-5.0.1.tgz 0ms (cache hit)
2090 http cache wrap-ansi@https://registry.npmjs.org/wrap-ansi/-/wrap-ansi-7.0.0.tgz 0ms (cache hit)
2091 http cache strip-ansi@https://registry.npmjs.org/strip-ansi/-/strip-ansi-6.0.1.tgz 0ms (cache hit)
2092 http cache is-unicode-supported@https://registry.npmjs.org/is-unicode-supported/-/is-unicode-supported-1.3.0.tgz 0ms (cache hit)
2093 http cache ansi-regex@https://registry.npmjs.org/ansi-regex/-/ansi-regex-5.0.1.tgz 0ms (cache hit)
2094 http cache string-width@https://registry.npmjs.org/string-width/-/string-width-4.2.3.tgz 0ms (cache hit)
2095 http cache emoji-regex@https://registry.npmjs.org/emoji-regex/-/emoji-regex-8.0.0.tgz 0ms (cache hit)
2096 http cache string-width@https://registry.npmjs.org/string-width/-/string-width-4.2.3.tgz 0ms (cache hit)
2097 http cache strip-ansi@https://registry.npmjs.org/strip-ansi/-/strip-ansi-6.0.1.tgz 0ms (cache hit)
2098 http cache strip-ansi@https://registry.npmjs.org/strip-ansi/-/strip-ansi-6.0.1.tgz 0ms (cache hit)
2099 http cache string-width@https://registry.npmjs.org/string-width/-/string-width-4.2.3.tgz 0ms (cache hit)
2100 http cache emoji-regex@https://registry.npmjs.org/emoji-regex/-/emoji-regex-8.0.0.tgz 0ms (cache hit)
2101 http cache picomatch@https://registry.npmjs.org/picomatch/-/picomatch-2.3.1.tgz 0ms (cache hit)
2102 http cache path-to-regexp@https://registry.npmjs.org/path-to-regexp/-/path-to-regexp-8.3.0.tgz 0ms (cache hit)
2103 http cache path-key@https://registry.npmjs.org/path-key/-/path-key-4.0.0.tgz 0ms (cache hit)
2104 http cache kleur@https://registry.npmjs.org/kleur/-/kleur-3.0.3.tgz 0ms (cache hit)
2105 http cache ansi-regex@https://registry.npmjs.org/ansi-regex/-/ansi-regex-5.0.1.tgz 0ms (cache hit)
2106 http cache cookie@https://registry.npmjs.org/cookie/-/cookie-1.1.1.tgz 0ms (cache hit)
2107 http cache isexe@https://registry.npmjs.org/isexe/-/isexe-2.0.0.tgz 0ms (cache hit)
2108 http cache which@https://registry.npmjs.org/which/-/which-2.0.2.tgz 0ms (cache hit)
2109 http cache signal-exit@https://registry.npmjs.org/signal-exit/-/signal-exit-3.0.7.tgz 0ms (cache hit)
2110 http cache strip-final-newline@https://registry.npmjs.org/strip-final-newline/-/strip-final-newline-2.0.0.tgz 0ms (cache hit)
2111 http cache onetime@https://registry.npmjs.org/onetime/-/onetime-5.1.2.tgz 0ms (cache hit)
2112 http cache npm-run-path@https://registry.npmjs.org/npm-run-path/-/npm-run-path-4.0.1.tgz 0ms (cache hit)
2113 http cache human-signals@https://registry.npmjs.org/human-signals/-/human-signals-2.1.0.tgz 0ms (cache hit)
2114 http cache is-stream@https://registry.npmjs.org/is-stream/-/is-stream-2.0.1.tgz 0ms (cache hit)
2115 http cache get-stream@https://registry.npmjs.org/get-stream/-/get-stream-6.0.1.tgz 0ms (cache hit)
2116 http cache execa@https://registry.npmjs.org/execa/-/execa-5.1.1.tgz 0ms (cache hit)
2117 http cache commander@https://registry.npmjs.org/commander/-/commander-11.1.0.tgz 0ms (cache hit)
2118 silly tarball no local data for ansi-regex@https://registry.npmjs.org/ansi-regex/-/ansi-regex-5.0.1.tgz. Extracting by manifest.
2119 silly tarball no local data for ansi-regex@https://registry.npmjs.org/ansi-regex/-/ansi-regex-5.0.1.tgz. Extracting by manifest.
2120 silly tarball no local data for ansi-regex@https://registry.npmjs.org/ansi-regex/-/ansi-regex-5.0.1.tgz. Extracting by manifest.
2121 http fetch POST 200 https://registry.npmjs.org/-/npm/v1/security/advisories/bulk 1030ms
2122 silly audit report {}
2123 http fetch GET 200 https://registry.npmjs.org/ansi-regex/-/ansi-regex-5.0.1.tgz 2170ms (cache miss)
2124 http fetch GET 200 https://registry.npmjs.org/ansi-regex/-/ansi-regex-5.0.1.tgz 2198ms (cache miss)
2125 http fetch GET 200 https://registry.npmjs.org/ansi-regex/-/ansi-regex-5.0.1.tgz 2195ms (cache miss)
2126 warn deprecated node-domexception@1.0.0: Use your platform's native DOMException instead
2127 info run msw@2.12.7 postinstall node_modules/msw node -e "import('./config/scripts/postinstall.js').catch(() => void 0)"
2128 info run msw@2.12.7 postinstall { code: 0, signal: null }
2129 verbose cwd D:\REVAMP\gwc-website-revamp
2130 verbose os Windows_NT 10.0.26200
2131 verbose node v22.17.0
2132 verbose npm  v10.9.2
2133 verbose exit 0
2134 info ok
