0 verbose cli C:\Program Files\nodejs\node.exe C:\Program Files\nodejs\node_modules\npm\bin\npm-cli.js
1 info using npm@10.9.2
2 info using node@v22.17.0
3 silly config load:file:C:\Program Files\nodejs\node_modules\npm\npmrc
4 silly config load:file:D:\REVAMP\gwc-website-revamp\.npmrc
5 silly config load:file:C:\Users\ahars\.npmrc
6 silly config load:file:C:\Users\ahars\AppData\Roaming\npm\etc\npmrc
7 verbose title npm exec shadcn@latest init
8 verbose argv "exec" "--" "shadcn@latest" "init"
9 verbose logfile logs-max:10 dir:D:\REVAMP\gwc-website-revamp\npm-cache\_logs\2026-01-06T09_43_28_653Z-
10 verbose logfile D:\REVAMP\gwc-website-revamp\npm-cache\_logs\2026-01-06T09_43_28_653Z-debug-0.log
11 silly logfile start cleaning logs, removing 1 files
12 silly logfile done cleaning log files
13 silly packumentCache heap:4345298944 maxSize:1086324736 maxEntrySize:543162368
14 http fetch GET 200 https://registry.npmjs.org/shadcn 574ms (cache miss)
15 silly packumentCache heap:4345298944 maxSize:1086324736 maxEntrySize:543162368
16 silly packumentCache heap:4345298944 maxSize:1086324736 maxEntrySize:543162368
17 silly idealTree buildDeps
18 silly fetch manifest shadcn@3.6.2
19 silly packumentCache full:https://registry.npmjs.org/shadcn cache-miss
20 http fetch GET 200 https://registry.npmjs.org/shadcn 120ms (cache miss)
21 silly packumentCache full:https://registry.npmjs.org/shadcn set size:undefined disposed:false
22 silly placeDep ROOT shadcn@3.6.2 OK for:  want: 3.6.2
23 silly fetch manifest @antfu/ni@^25.0.0
24 silly packumentCache full:https://registry.npmjs.org/@antfu%2fni cache-miss
25 silly fetch manifest @babel/core@^7.28.0
26 silly packumentCache full:https://registry.npmjs.org/@babel%2fcore cache-miss
27 silly fetch manifest @babel/parser@^7.28.0
28 silly packumentCache full:https://registry.npmjs.org/@babel%2fparser cache-miss
29 silly fetch manifest @babel/plugin-transform-typescript@^7.28.0
30 silly packumentCache full:https://registry.npmjs.org/@babel%2fplugin-transform-typescript cache-miss
31 silly fetch manifest @babel/preset-typescript@^7.27.1
32 silly packumentCache full:https://registry.npmjs.org/@babel%2fpreset-typescript cache-miss
33 silly fetch manifest @dotenvx/dotenvx@^1.48.4
34 silly packumentCache full:https://registry.npmjs.org/@dotenvx%2fdotenvx cache-miss
35 silly fetch manifest @modelcontextprotocol/sdk@^1.17.2
36 silly packumentCache full:https://registry.npmjs.org/@modelcontextprotocol%2fsdk cache-miss
37 http fetch GET 200 https://registry.npmjs.org/@babel%2fpreset-typescript 285ms (cache miss)
38 silly packumentCache full:https://registry.npmjs.org/@babel%2fpreset-typescript set size:undefined disposed:false
39 silly fetch manifest browserslist@^4.26.2
40 silly packumentCache full:https://registry.npmjs.org/browserslist cache-miss
41 http fetch GET 200 https://registry.npmjs.org/@modelcontextprotocol%2fsdk 338ms (cache miss)
42 silly packumentCache full:https://registry.npmjs.org/@modelcontextprotocol%2fsdk set size:undefined disposed:false
43 silly fetch manifest commander@^14.0.0
44 silly packumentCache full:https://registry.npmjs.org/commander cache-miss
45 http fetch GET 200 https://registry.npmjs.org/@babel%2fplugin-transform-typescript 452ms (cache miss)
46 silly packumentCache full:https://registry.npmjs.org/@babel%2fplugin-transform-typescript set size:undefined disposed:false
47 silly fetch manifest cosmiconfig@^9.0.0
48 silly packumentCache full:https://registry.npmjs.org/cosmiconfig cache-miss
49 http fetch GET 200 https://registry.npmjs.org/@babel%2fcore 475ms (cache miss)
50 silly packumentCache full:https://registry.npmjs.org/@babel%2fcore set size:undefined disposed:false
51 silly fetch manifest dedent@^1.6.0
52 silly packumentCache full:https://registry.npmjs.org/dedent cache-miss
53 http fetch GET 200 https://registry.npmjs.org/@babel%2fparser 501ms (cache miss)
54 silly packumentCache full:https://registry.npmjs.org/@babel%2fparser set size:undefined disposed:false
55 silly fetch manifest deepmerge@^4.3.1
56 silly packumentCache full:https://registry.npmjs.org/deepmerge cache-miss
57 http fetch GET 200 https://registry.npmjs.org/commander 192ms (cache miss)
58 silly packumentCache full:https://registry.npmjs.org/commander set size:undefined disposed:false
59 silly fetch manifest diff@^8.0.2
60 silly packumentCache full:https://registry.npmjs.org/diff cache-miss
61 http fetch GET 200 https://registry.npmjs.org/browserslist 257ms (cache miss)
62 silly packumentCache full:https://registry.npmjs.org/browserslist set size:undefined disposed:false
63 silly fetch manifest execa@^9.6.0
64 silly packumentCache full:https://registry.npmjs.org/execa cache-miss
65 http fetch GET 200 https://registry.npmjs.org/cosmiconfig 116ms (cache miss)
66 silly packumentCache full:https://registry.npmjs.org/cosmiconfig set size:undefined disposed:false
67 silly fetch manifest fast-glob@^3.3.3
68 silly packumentCache full:https://registry.npmjs.org/fast-glob cache-miss
69 http fetch GET 200 https://registry.npmjs.org/dedent 169ms (cache miss)
70 silly packumentCache full:https://registry.npmjs.org/dedent set size:undefined disposed:false
71 silly fetch manifest fs-extra@^11.3.1
72 silly packumentCache full:https://registry.npmjs.org/fs-extra cache-miss
73 http fetch GET 200 https://registry.npmjs.org/diff 115ms (cache miss)
74 silly packumentCache full:https://registry.npmjs.org/diff set size:undefined disposed:false
75 silly fetch manifest fuzzysort@^3.1.0
76 silly packumentCache full:https://registry.npmjs.org/fuzzysort cache-miss
77 http fetch GET 200 https://registry.npmjs.org/execa 147ms (cache miss)
78 silly packumentCache full:https://registry.npmjs.org/execa set size:undefined disposed:false
79 silly fetch manifest https-proxy-agent@^7.0.6
80 silly packumentCache full:https://registry.npmjs.org/https-proxy-agent cache-miss
81 http fetch GET 200 https://registry.npmjs.org/fast-glob 139ms (cache miss)
82 silly packumentCache full:https://registry.npmjs.org/fast-glob set size:undefined disposed:false
83 silly fetch manifest kleur@^4.1.5
84 silly packumentCache full:https://registry.npmjs.org/kleur cache-miss
85 http fetch GET 200 https://registry.npmjs.org/deepmerge 222ms (cache miss)
86 silly packumentCache full:https://registry.npmjs.org/deepmerge set size:undefined disposed:false
87 silly fetch manifest msw@^2.10.4
88 silly packumentCache full:https://registry.npmjs.org/msw cache-miss
89 http fetch GET 200 https://registry.npmjs.org/fs-extra 108ms (cache miss)
90 silly packumentCache full:https://registry.npmjs.org/fs-extra set size:undefined disposed:false
91 silly fetch manifest node-fetch@^3.3.2
92 silly packumentCache full:https://registry.npmjs.org/node-fetch cache-miss
93 http fetch GET 200 https://registry.npmjs.org/fuzzysort 113ms (cache miss)
94 silly packumentCache full:https://registry.npmjs.org/fuzzysort set size:undefined disposed:false
95 silly fetch manifest open@^11.0.0
96 silly packumentCache full:https://registry.npmjs.org/open cache-miss
97 http fetch GET 200 https://registry.npmjs.org/@dotenvx%2fdotenvx 802ms (cache miss)
98 silly packumentCache full:https://registry.npmjs.org/@dotenvx%2fdotenvx set size:undefined disposed:false
99 silly fetch manifest ora@^8.2.0
100 silly packumentCache full:https://registry.npmjs.org/ora cache-miss
101 http fetch GET 200 https://registry.npmjs.org/https-proxy-agent 117ms (cache miss)
102 silly packumentCache full:https://registry.npmjs.org/https-proxy-agent set size:undefined disposed:false
103 silly fetch manifest postcss@^8.5.6
104 silly packumentCache full:https://registry.npmjs.org/postcss cache-miss
105 http fetch GET 200 https://registry.npmjs.org/kleur 127ms (cache miss)
106 silly packumentCache full:https://registry.npmjs.org/kleur set size:undefined disposed:false
107 silly fetch manifest postcss-selector-parser@^7.1.0
108 silly packumentCache full:https://registry.npmjs.org/postcss-selector-parser cache-miss
109 http fetch GET 200 https://registry.npmjs.org/msw 234ms (cache miss)
110 silly packumentCache full:https://registry.npmjs.org/msw set size:undefined disposed:false
111 silly fetch manifest prompts@^2.4.2
112 silly packumentCache full:https://registry.npmjs.org/prompts cache-miss
113 http fetch GET 200 https://registry.npmjs.org/open 315ms (cache miss)
114 silly packumentCache full:https://registry.npmjs.org/open set size:undefined disposed:false
115 silly fetch manifest recast@^0.23.11
116 silly packumentCache full:https://registry.npmjs.org/recast cache-miss
117 http fetch GET 200 https://registry.npmjs.org/ora 319ms (cache miss)
118 silly packumentCache full:https://registry.npmjs.org/ora set size:undefined disposed:false
119 silly fetch manifest stringify-object@^5.0.0
120 silly packumentCache full:https://registry.npmjs.org/stringify-object cache-miss
121 http fetch GET 200 https://registry.npmjs.org/postcss-selector-parser 294ms (cache miss)
122 silly packumentCache full:https://registry.npmjs.org/postcss-selector-parser set size:undefined disposed:false
123 silly fetch manifest ts-morph@^26.0.0
124 silly packumentCache full:https://registry.npmjs.org/ts-morph cache-miss
125 http fetch GET 200 https://registry.npmjs.org/postcss 341ms (cache miss)
126 silly packumentCache full:https://registry.npmjs.org/postcss set size:undefined disposed:false
127 silly fetch manifest tsconfig-paths@^4.2.0
128 silly packumentCache full:https://registry.npmjs.org/tsconfig-paths cache-miss
129 http fetch GET 200 https://registry.npmjs.org/node-fetch 417ms (cache miss)
130 silly packumentCache full:https://registry.npmjs.org/node-fetch set size:undefined disposed:false
131 silly fetch manifest zod@^3.24.1
132 silly packumentCache full:https://registry.npmjs.org/zod cache-miss
133 http fetch GET 200 https://registry.npmjs.org/prompts 176ms (cache miss)
134 silly packumentCache full:https://registry.npmjs.org/prompts set size:undefined disposed:false
135 silly fetch manifest zod-to-json-schema@^3.24.6
136 silly packumentCache full:https://registry.npmjs.org/zod-to-json-schema cache-miss
137 http fetch GET 200 https://registry.npmjs.org/recast 133ms (cache miss)
138 silly packumentCache full:https://registry.npmjs.org/recast set size:undefined disposed:false
139 http fetch GET 200 https://registry.npmjs.org/stringify-object 140ms (cache miss)
140 silly packumentCache full:https://registry.npmjs.org/stringify-object set size:undefined disposed:false
141 http fetch GET 200 https://registry.npmjs.org/ts-morph 179ms (cache miss)
142 silly packumentCache full:https://registry.npmjs.org/ts-morph set size:undefined disposed:false
143 http fetch GET 200 https://registry.npmjs.org/tsconfig-paths 164ms (cache miss)
144 silly packumentCache full:https://registry.npmjs.org/tsconfig-paths set size:undefined disposed:false
145 http fetch GET 200 https://registry.npmjs.org/zod-to-json-schema 211ms (cache miss)
146 silly packumentCache full:https://registry.npmjs.org/zod-to-json-schema set size:undefined disposed:false
147 http fetch GET 200 https://registry.npmjs.org/zod 338ms (cache miss)
148 silly packumentCache full:https://registry.npmjs.org/zod set size:undefined disposed:false
149 http fetch GET 200 https://registry.npmjs.org/@antfu%2fni 2402ms (cache miss)
150 silly packumentCache full:https://registry.npmjs.org/@antfu%2fni set size:undefined disposed:false
151 silly fetch manifest @cfworker/json-schema@^4.1.1
152 silly packumentCache full:https://registry.npmjs.org/@cfworker%2fjson-schema cache-miss
153 http fetch GET 200 https://registry.npmjs.org/@cfworker%2fjson-schema 97ms (cache miss)
154 silly packumentCache full:https://registry.npmjs.org/@cfworker%2fjson-schema set size:undefined disposed:false
155 silly fetch manifest typescript@>=4.9.5
156 silly packumentCache full:https://registry.npmjs.org/typescript cache-miss
157 http fetch GET 200 https://registry.npmjs.org/typescript 799ms (cache miss)
158 silly packumentCache full:https://registry.npmjs.org/typescript set size:undefined disposed:false
159 silly fetch manifest babel-plugin-macros@^3.1.0
160 silly packumentCache full:https://registry.npmjs.org/babel-plugin-macros cache-miss
161 http fetch GET 200 https://registry.npmjs.org/babel-plugin-macros 72ms (cache miss)
162 silly packumentCache full:https://registry.npmjs.org/babel-plugin-macros set size:undefined disposed:false
163 silly fetch manifest typescript@>= 4.8.x
164 silly packumentCache full:https://registry.npmjs.org/typescript cache-miss
165 http cache https://registry.npmjs.org/typescript 43ms (cache hit)
166 silly packumentCache full:https://registry.npmjs.org/typescript set size:15095775 disposed:false
167 silly placeDep ROOT @antfu/ni@25.0.0 OK for: shadcn@3.6.2 want: ^25.0.0
168 silly placeDep ROOT @babel/core@7.28.5 OK for: shadcn@3.6.2 want: ^7.28.0
169 silly placeDep ROOT @babel/parser@7.28.5 OK for: shadcn@3.6.2 want: ^7.28.0
170 silly placeDep ROOT @babel/plugin-transform-typescript@7.28.5 OK for: shadcn@3.6.2 want: ^7.28.0
171 silly placeDep ROOT @babel/preset-typescript@7.28.5 OK for: shadcn@3.6.2 want: ^7.27.1
172 silly placeDep ROOT @dotenvx/dotenvx@1.51.4 OK for: shadcn@3.6.2 want: ^1.48.4
173 silly placeDep ROOT @modelcontextprotocol/sdk@1.25.1 OK for: shadcn@3.6.2 want: ^1.17.2
174 silly placeDep ROOT browserslist@4.28.1 OK for: shadcn@3.6.2 want: ^4.26.2
175 silly placeDep ROOT commander@14.0.2 OK for: shadcn@3.6.2 want: ^14.0.0
176 silly placeDep ROOT cosmiconfig@9.0.0 OK for: shadcn@3.6.2 want: ^9.0.0
177 silly placeDep ROOT dedent@1.7.1 OK for: shadcn@3.6.2 want: ^1.6.0
178 silly placeDep ROOT deepmerge@4.3.1 OK for: shadcn@3.6.2 want: ^4.3.1
179 silly placeDep ROOT diff@8.0.2 OK for: shadcn@3.6.2 want: ^8.0.2
180 silly placeDep ROOT execa@9.6.1 OK for: shadcn@3.6.2 want: ^9.6.0
181 silly placeDep ROOT fast-glob@3.3.3 OK for: shadcn@3.6.2 want: ^3.3.3
182 silly placeDep ROOT fs-extra@11.3.3 OK for: shadcn@3.6.2 want: ^11.3.1
183 silly placeDep ROOT fuzzysort@3.1.0 OK for: shadcn@3.6.2 want: ^3.1.0
184 silly placeDep ROOT https-proxy-agent@7.0.6 OK for: shadcn@3.6.2 want: ^7.0.6
185 silly placeDep ROOT kleur@4.1.5 OK for: shadcn@3.6.2 want: ^4.1.5
186 silly placeDep ROOT msw@2.12.7 OK for: shadcn@3.6.2 want: ^2.10.4
187 silly placeDep ROOT node-fetch@3.3.2 OK for: shadcn@3.6.2 want: ^3.3.2
188 silly placeDep ROOT open@11.0.0 OK for: shadcn@3.6.2 want: ^11.0.0
189 silly placeDep ROOT ora@8.2.0 OK for: shadcn@3.6.2 want: ^8.2.0
190 silly placeDep ROOT postcss@8.5.6 OK for: shadcn@3.6.2 want: ^8.5.6
191 silly placeDep ROOT postcss-selector-parser@7.1.1 OK for: shadcn@3.6.2 want: ^7.1.0
192 silly placeDep ROOT prompts@2.4.2 OK for: shadcn@3.6.2 want: ^2.4.2
193 silly placeDep ROOT recast@0.23.11 OK for: shadcn@3.6.2 want: ^0.23.11
194 silly placeDep ROOT stringify-object@5.0.0 OK for: shadcn@3.6.2 want: ^5.0.0
195 silly placeDep ROOT ts-morph@26.0.0 OK for: shadcn@3.6.2 want: ^26.0.0
196 silly placeDep ROOT tsconfig-paths@4.2.0 OK for: shadcn@3.6.2 want: ^4.2.0
197 silly placeDep ROOT zod@3.25.76 OK for: shadcn@3.6.2 want: ^3.24.1
198 silly placeDep ROOT zod-to-json-schema@3.25.1 OK for: shadcn@3.6.2 want: ^3.24.6
199 silly fetch manifest fzf@^0.5.2
200 silly packumentCache full:https://registry.npmjs.org/fzf cache-miss
201 silly fetch manifest ansis@^4.0.0
202 silly packumentCache full:https://registry.npmjs.org/ansis cache-miss
203 silly fetch manifest tinyexec@^1.0.1
204 silly packumentCache full:https://registry.npmjs.org/tinyexec cache-miss
205 silly fetch manifest package-manager-detector@^1.3.0
206 silly packumentCache full:https://registry.npmjs.org/package-manager-detector cache-miss
207 silly fetch manifest @babel/code-frame@^7.27.1
208 silly packumentCache full:https://registry.npmjs.org/@babel%2fcode-frame cache-miss
209 silly fetch manifest @babel/generator@^7.28.5
210 silly packumentCache full:https://registry.npmjs.org/@babel%2fgenerator cache-miss
211 silly fetch manifest @babel/helper-compilation-targets@^7.27.2
212 silly packumentCache full:https://registry.npmjs.org/@babel%2fhelper-compilation-targets cache-miss
213 http fetch GET 200 https://registry.npmjs.org/tinyexec 44ms (cache miss)
214 silly packumentCache full:https://registry.npmjs.org/tinyexec set size:undefined disposed:false
215 silly fetch manifest @babel/helper-module-transforms@^7.28.3
216 silly packumentCache full:https://registry.npmjs.org/@babel%2fhelper-module-transforms cache-miss
217 http fetch GET 200 https://registry.npmjs.org/package-manager-detector 60ms (cache miss)
218 silly packumentCache full:https://registry.npmjs.org/package-manager-detector set size:undefined disposed:false
219 silly fetch manifest @babel/helpers@^7.28.4
220 silly packumentCache full:https://registry.npmjs.org/@babel%2fhelpers cache-miss
221 http fetch GET 200 https://registry.npmjs.org/@babel%2fcode-frame 85ms (cache miss)
222 silly packumentCache full:https://registry.npmjs.org/@babel%2fcode-frame set size:undefined disposed:false
223 silly fetch manifest @babel/parser@^7.28.5
224 silly packumentCache full:https://registry.npmjs.org/@babel%2fparser cache-miss
225 http fetch GET 200 https://registry.npmjs.org/ansis 91ms (cache miss)
226 silly packumentCache full:https://registry.npmjs.org/ansis set size:undefined disposed:false
227 silly fetch manifest @babel/template@^7.27.2
228 silly packumentCache full:https://registry.npmjs.org/@babel%2ftemplate cache-miss
229 http cache https://registry.npmjs.org/@babel%2fparser 13ms (cache hit)
230 silly packumentCache full:https://registry.npmjs.org/@babel%2fparser set size:702781 disposed:false
231 silly fetch manifest @babel/traverse@^7.28.5
232 silly packumentCache full:https://registry.npmjs.org/@babel%2ftraverse cache-miss
233 http fetch GET 200 https://registry.npmjs.org/@babel%2fhelper-compilation-targets 118ms (cache miss)
234 silly packumentCache full:https://registry.npmjs.org/@babel%2fhelper-compilation-targets set size:undefined disposed:false
235 silly fetch manifest @babel/types@^7.28.5
236 silly packumentCache full:https://registry.npmjs.org/@babel%2ftypes cache-miss
237 http fetch GET 200 https://registry.npmjs.org/@babel%2fgenerator 140ms (cache miss)
238 silly packumentCache full:https://registry.npmjs.org/@babel%2fgenerator set size:undefined disposed:false
239 silly fetch manifest @jridgewell/remapping@^2.3.5
240 silly packumentCache full:https://registry.npmjs.org/@jridgewell%2fremapping cache-miss
241 http fetch GET 200 https://registry.npmjs.org/@babel%2fhelper-module-transforms 113ms (cache miss)
242 silly packumentCache full:https://registry.npmjs.org/@babel%2fhelper-module-transforms set size:undefined disposed:false
243 silly fetch manifest convert-source-map@^2.0.0
244 silly packumentCache full:https://registry.npmjs.org/convert-source-map cache-miss
245 http fetch GET 200 https://registry.npmjs.org/@babel%2ftemplate 112ms (cache miss)
246 silly packumentCache full:https://registry.npmjs.org/@babel%2ftemplate set size:undefined disposed:false
247 silly fetch manifest debug@^4.1.0
248 silly packumentCache full:https://registry.npmjs.org/debug cache-miss
249 http fetch GET 200 https://registry.npmjs.org/@babel%2fhelpers 191ms (cache miss)
250 silly packumentCache full:https://registry.npmjs.org/@babel%2fhelpers set size:undefined disposed:false
251 silly fetch manifest gensync@^1.0.0-beta.2
252 silly packumentCache full:https://registry.npmjs.org/gensync cache-miss
253 http fetch GET 200 https://registry.npmjs.org/@babel%2ftraverse 192ms (cache miss)
254 silly packumentCache full:https://registry.npmjs.org/@babel%2ftraverse set size:undefined disposed:false
255 silly fetch manifest json5@^2.2.3
256 silly packumentCache full:https://registry.npmjs.org/json5 cache-miss
257 http fetch GET 200 https://registry.npmjs.org/@jridgewell%2fremapping 168ms (cache miss)
258 silly packumentCache full:https://registry.npmjs.org/@jridgewell%2fremapping set size:undefined disposed:false
259 silly fetch manifest semver@^6.3.1
260 silly packumentCache full:https://registry.npmjs.org/semver cache-miss
261 http fetch GET 200 https://registry.npmjs.org/@babel%2ftypes 198ms (cache miss)
262 silly packumentCache full:https://registry.npmjs.org/@babel%2ftypes set size:undefined disposed:false
263 silly fetch manifest @babel/helper-annotate-as-pure@^7.27.3
264 silly packumentCache full:https://registry.npmjs.org/@babel%2fhelper-annotate-as-pure cache-miss
265 http fetch GET 200 https://registry.npmjs.org/convert-source-map 168ms (cache miss)
266 silly packumentCache full:https://registry.npmjs.org/convert-source-map set size:undefined disposed:false
267 silly fetch manifest @babel/helper-create-class-features-plugin@^7.28.5
268 silly packumentCache full:https://registry.npmjs.org/@babel%2fhelper-create-class-features-plugin cache-miss
269 http fetch GET 200 https://registry.npmjs.org/gensync 104ms (cache miss)
270 silly packumentCache full:https://registry.npmjs.org/gensync set size:undefined disposed:false
271 silly fetch manifest @babel/helper-plugin-utils@^7.27.1
272 silly packumentCache full:https://registry.npmjs.org/@babel%2fhelper-plugin-utils cache-miss
273 http fetch GET 200 https://registry.npmjs.org/fzf 375ms (cache miss)
274 silly packumentCache full:https://registry.npmjs.org/fzf set size:undefined disposed:false
275 silly fetch manifest @babel/helper-skip-transparent-expression-wrappers@^7.27.1
276 silly packumentCache full:https://registry.npmjs.org/@babel%2fhelper-skip-transparent-expression-wrappers cache-miss
277 http fetch GET 200 https://registry.npmjs.org/debug 163ms (cache miss)
278 silly packumentCache full:https://registry.npmjs.org/debug set size:undefined disposed:false
279 silly fetch manifest @babel/plugin-syntax-typescript@^7.27.1
280 silly packumentCache full:https://registry.npmjs.org/@babel%2fplugin-syntax-typescript cache-miss
281 http fetch GET 200 https://registry.npmjs.org/json5 92ms (cache miss)
282 silly packumentCache full:https://registry.npmjs.org/json5 set size:undefined disposed:false
283 silly fetch manifest @babel/helper-plugin-utils@^7.27.1
284 silly packumentCache full:https://registry.npmjs.org/@babel%2fhelper-plugin-utils cache-miss
285 http fetch GET 200 https://registry.npmjs.org/semver 98ms (cache miss)
286 silly packumentCache full:https://registry.npmjs.org/semver set size:undefined disposed:false
287 silly fetch manifest @babel/helper-validator-option@^7.27.1
288 silly packumentCache full:https://registry.npmjs.org/@babel%2fhelper-validator-option cache-miss
289 http fetch GET 200 https://registry.npmjs.org/@babel%2fhelper-annotate-as-pure 103ms (cache miss)
290 silly packumentCache full:https://registry.npmjs.org/@babel%2fhelper-annotate-as-pure set size:undefined disposed:false
291 silly fetch manifest @babel/plugin-syntax-jsx@^7.27.1
292 silly packumentCache full:https://registry.npmjs.org/@babel%2fplugin-syntax-jsx cache-miss
293 http fetch GET 200 https://registry.npmjs.org/@babel%2fhelper-plugin-utils 89ms (cache miss)
294 silly packumentCache full:https://registry.npmjs.org/@babel%2fhelper-plugin-utils set size:undefined disposed:false
295 silly fetch manifest @babel/plugin-transform-modules-commonjs@^7.27.1
296 silly packumentCache full:https://registry.npmjs.org/@babel%2fplugin-transform-modules-commonjs cache-miss
297 http fetch GET 200 https://registry.npmjs.org/@babel%2fhelper-plugin-utils 129ms (cache miss)
298 silly packumentCache full:https://registry.npmjs.org/@babel%2fhelper-plugin-utils set size:undefined disposed:false
299 silly fetch manifest commander@^11.1.0
300 silly packumentCache full:https://registry.npmjs.org/commander cache-miss
301 http fetch GET 200 https://registry.npmjs.org/@babel%2fhelper-skip-transparent-expression-wrappers 129ms (cache miss)
302 silly packumentCache full:https://registry.npmjs.org/@babel%2fhelper-skip-transparent-expression-wrappers set size:undefined disposed:false
303 silly fetch manifest dotenv@^17.2.1
304 silly packumentCache full:https://registry.npmjs.org/dotenv cache-miss
305 http cache https://registry.npmjs.org/commander 23ms (cache hit)
306 silly packumentCache full:https://registry.npmjs.org/commander set size:345426 disposed:false
307 silly fetch manifest eciesjs@^0.4.10
308 silly packumentCache full:https://registry.npmjs.org/eciesjs cache-miss
309 http fetch GET 200 https://registry.npmjs.org/@babel%2fplugin-syntax-jsx 102ms (cache miss)
310 silly packumentCache full:https://registry.npmjs.org/@babel%2fplugin-syntax-jsx set size:undefined disposed:false
311 silly fetch manifest execa@^5.1.1
312 silly packumentCache full:https://registry.npmjs.org/execa cache-miss
313 http fetch GET 200 https://registry.npmjs.org/@babel%2fhelper-create-class-features-plugin 210ms (cache miss)
314 silly packumentCache full:https://registry.npmjs.org/@babel%2fhelper-create-class-features-plugin set size:undefined disposed:false
315 silly fetch manifest fdir@^6.2.0
316 silly packumentCache full:https://registry.npmjs.org/fdir cache-miss
317 http fetch GET 200 https://registry.npmjs.org/@babel%2fhelper-validator-option 118ms (cache miss)
318 silly packumentCache full:https://registry.npmjs.org/@babel%2fhelper-validator-option set size:undefined disposed:false
319 silly fetch manifest ignore@^5.3.0
320 silly packumentCache full:https://registry.npmjs.org/ignore cache-miss
321 http cache https://registry.npmjs.org/execa 16ms (cache hit)
322 silly packumentCache full:https://registry.npmjs.org/execa set size:181234 disposed:false
323 silly fetch manifest object-treeify@1.1.33
324 silly packumentCache full:https://registry.npmjs.org/object-treeify cache-miss
325 http fetch GET 200 https://registry.npmjs.org/@babel%2fplugin-syntax-typescript 227ms (cache miss)
326 silly packumentCache full:https://registry.npmjs.org/@babel%2fplugin-syntax-typescript set size:undefined disposed:false
327 silly fetch manifest picomatch@^4.0.2
328 silly packumentCache full:https://registry.npmjs.org/picomatch cache-miss
329 http fetch GET 200 https://registry.npmjs.org/@babel%2fplugin-transform-modules-commonjs 135ms (cache miss)
330 silly packumentCache full:https://registry.npmjs.org/@babel%2fplugin-transform-modules-commonjs set size:undefined disposed:false
331 silly fetch manifest which@^4.0.0
332 silly packumentCache full:https://registry.npmjs.org/which cache-miss
333 http fetch GET 200 https://registry.npmjs.org/dotenv 148ms (cache miss)
334 silly packumentCache full:https://registry.npmjs.org/dotenv set size:undefined disposed:false
335 silly fetch manifest @hono/node-server@^1.19.7
336 silly packumentCache full:https://registry.npmjs.org/@hono%2fnode-server cache-miss
337 http fetch GET 200 https://registry.npmjs.org/fdir 122ms (cache miss)
338 silly packumentCache full:https://registry.npmjs.org/fdir set size:undefined disposed:false
339 silly fetch manifest ajv@^8.17.1
340 silly packumentCache full:https://registry.npmjs.org/ajv cache-miss
341 http fetch GET 200 https://registry.npmjs.org/ignore 155ms (cache miss)
342 silly packumentCache full:https://registry.npmjs.org/ignore set size:undefined disposed:false
343 silly fetch manifest ajv-formats@^3.0.1
344 silly packumentCache full:https://registry.npmjs.org/ajv-formats cache-miss
345 http fetch GET 200 https://registry.npmjs.org/object-treeify 171ms (cache miss)
346 silly packumentCache full:https://registry.npmjs.org/object-treeify set size:undefined disposed:false
347 silly fetch manifest content-type@^1.0.5
348 silly packumentCache full:https://registry.npmjs.org/content-type cache-miss
349 http fetch GET 200 https://registry.npmjs.org/which 94ms (cache miss)
350 silly packumentCache full:https://registry.npmjs.org/which set size:undefined disposed:false
351 silly fetch manifest cors@^2.8.5
352 silly packumentCache full:https://registry.npmjs.org/cors cache-miss
353 http fetch GET 200 https://registry.npmjs.org/picomatch 122ms (cache miss)
354 silly packumentCache full:https://registry.npmjs.org/picomatch set size:undefined disposed:false
355 silly fetch manifest cross-spawn@^7.0.5
356 silly packumentCache full:https://registry.npmjs.org/cross-spawn cache-miss
357 http fetch GET 200 https://registry.npmjs.org/ajv 166ms (cache miss)
358 silly packumentCache full:https://registry.npmjs.org/ajv set size:undefined disposed:false
359 silly fetch manifest eventsource@^3.0.2
360 silly packumentCache full:https://registry.npmjs.org/eventsource cache-miss
361 http fetch GET 200 https://registry.npmjs.org/content-type 166ms (cache miss)
362 silly packumentCache full:https://registry.npmjs.org/content-type set size:undefined disposed:false
363 silly fetch manifest eventsource-parser@^3.0.0
364 silly packumentCache full:https://registry.npmjs.org/eventsource-parser cache-miss
365 http fetch GET 200 https://registry.npmjs.org/eciesjs 378ms (cache miss)
366 silly packumentCache full:https://registry.npmjs.org/eciesjs set size:undefined disposed:false
367 silly fetch manifest express@^5.0.1
368 silly packumentCache full:https://registry.npmjs.org/express cache-miss
369 http fetch GET 200 https://registry.npmjs.org/ajv-formats 215ms (cache miss)
370 silly packumentCache full:https://registry.npmjs.org/ajv-formats set size:undefined disposed:false
371 silly fetch manifest express-rate-limit@^7.5.0
372 silly packumentCache full:https://registry.npmjs.org/express-rate-limit cache-miss
373 http fetch GET 200 https://registry.npmjs.org/cors 210ms (cache miss)
374 silly packumentCache full:https://registry.npmjs.org/cors set size:undefined disposed:false
375 silly fetch manifest jose@^6.1.1
376 silly packumentCache full:https://registry.npmjs.org/jose cache-miss
377 http fetch GET 200 https://registry.npmjs.org/cross-spawn 210ms (cache miss)
378 silly packumentCache full:https://registry.npmjs.org/cross-spawn set size:undefined disposed:false
379 silly fetch manifest json-schema-typed@^8.0.2
380 silly packumentCache full:https://registry.npmjs.org/json-schema-typed cache-miss
381 http fetch GET 200 https://registry.npmjs.org/eventsource 102ms (cache miss)
382 silly packumentCache full:https://registry.npmjs.org/eventsource set size:undefined disposed:false
383 silly fetch manifest pkce-challenge@^5.0.0
384 silly packumentCache full:https://registry.npmjs.org/pkce-challenge cache-miss
385 http fetch GET 200 https://registry.npmjs.org/eventsource-parser 76ms (cache miss)
386 silly packumentCache full:https://registry.npmjs.org/eventsource-parser set size:undefined disposed:false
387 silly fetch manifest raw-body@^3.0.0
388 silly packumentCache full:https://registry.npmjs.org/raw-body cache-miss
389 http fetch GET 200 https://registry.npmjs.org/express 98ms (cache miss)
390 silly packumentCache full:https://registry.npmjs.org/express set size:undefined disposed:false
391 silly fetch manifest zod@^3.25 || ^4.0
392 silly packumentCache full:https://registry.npmjs.org/zod cache-miss
393 http cache https://registry.npmjs.org/zod 25ms (cache hit)
394 silly packumentCache full:https://registry.npmjs.org/zod set size:3462856 disposed:false
395 silly fetch manifest zod-to-json-schema@^3.25.0
396 silly packumentCache full:https://registry.npmjs.org/zod-to-json-schema cache-miss
397 http fetch GET 200 https://registry.npmjs.org/express-rate-limit 168ms (cache miss)
398 silly packumentCache full:https://registry.npmjs.org/express-rate-limit set size:undefined disposed:false
399 silly fetch manifest baseline-browser-mapping@^2.9.0
400 silly packumentCache full:https://registry.npmjs.org/baseline-browser-mapping cache-miss
401 http cache https://registry.npmjs.org/zod-to-json-schema 32ms (cache hit)
402 silly packumentCache full:https://registry.npmjs.org/zod-to-json-schema set size:301404 disposed:false
403 silly fetch manifest caniuse-lite@^1.0.30001759
404 silly packumentCache full:https://registry.npmjs.org/caniuse-lite cache-miss
405 http fetch GET 200 https://registry.npmjs.org/pkce-challenge 155ms (cache miss)
406 silly packumentCache full:https://registry.npmjs.org/pkce-challenge set size:undefined disposed:false
407 silly fetch manifest electron-to-chromium@^1.5.263
408 silly packumentCache full:https://registry.npmjs.org/electron-to-chromium cache-miss
409 http fetch GET 200 https://registry.npmjs.org/json-schema-typed 168ms (cache miss)
410 silly packumentCache full:https://registry.npmjs.org/json-schema-typed set size:undefined disposed:false
411 silly fetch manifest node-releases@^2.0.27
412 silly packumentCache full:https://registry.npmjs.org/node-releases cache-miss
413 http fetch GET 200 https://registry.npmjs.org/raw-body 153ms (cache miss)
414 silly packumentCache full:https://registry.npmjs.org/raw-body set size:undefined disposed:false
415 silly fetch manifest update-browserslist-db@^1.2.0
416 silly packumentCache full:https://registry.npmjs.org/update-browserslist-db cache-miss
417 http fetch GET 200 https://registry.npmjs.org/@hono%2fnode-server 481ms (cache miss)
418 silly packumentCache full:https://registry.npmjs.org/@hono%2fnode-server set size:undefined disposed:false
419 silly fetch manifest env-paths@^2.2.1
420 silly packumentCache full:https://registry.npmjs.org/env-paths cache-miss
421 http fetch GET 200 https://registry.npmjs.org/jose 209ms (cache miss)
422 silly packumentCache full:https://registry.npmjs.org/jose set size:undefined disposed:false
423 silly fetch manifest import-fresh@^3.3.0
424 silly packumentCache full:https://registry.npmjs.org/import-fresh cache-miss
425 http fetch GET 200 https://registry.npmjs.org/node-releases 96ms (cache miss)
426 silly packumentCache full:https://registry.npmjs.org/node-releases set size:undefined disposed:false
427 silly fetch manifest js-yaml@^4.1.0
428 silly packumentCache full:https://registry.npmjs.org/js-yaml cache-miss
429 http fetch GET 200 https://registry.npmjs.org/update-browserslist-db 119ms (cache miss)
430 silly packumentCache full:https://registry.npmjs.org/update-browserslist-db set size:undefined disposed:false
431 silly fetch manifest parse-json@^5.2.0
432 silly packumentCache full:https://registry.npmjs.org/parse-json cache-miss
433 http fetch GET 200 https://registry.npmjs.org/env-paths 156ms (cache miss)
434 silly packumentCache full:https://registry.npmjs.org/env-paths set size:undefined disposed:false
435 silly fetch manifest @sindresorhus/merge-streams@^4.0.0
436 silly packumentCache full:https://registry.npmjs.org/@sindresorhus%2fmerge-streams cache-miss
437 http fetch GET 200 https://registry.npmjs.org/import-fresh 174ms (cache miss)
438 silly packumentCache full:https://registry.npmjs.org/import-fresh set size:undefined disposed:false
439 silly fetch manifest cross-spawn@^7.0.6
440 silly packumentCache full:https://registry.npmjs.org/cross-spawn cache-miss
441 http cache https://registry.npmjs.org/cross-spawn 5ms (cache hit)
442 silly packumentCache full:https://registry.npmjs.org/cross-spawn set size:109066 disposed:false
443 silly fetch manifest figures@^6.1.0
444 silly packumentCache full:https://registry.npmjs.org/figures cache-miss
445 http fetch GET 200 https://registry.npmjs.org/baseline-browser-mapping 276ms (cache miss)
446 silly packumentCache full:https://registry.npmjs.org/baseline-browser-mapping set size:undefined disposed:false
447 silly fetch manifest get-stream@^9.0.0
448 silly packumentCache full:https://registry.npmjs.org/get-stream cache-miss
449 http fetch GET 200 https://registry.npmjs.org/js-yaml 160ms (cache miss)
450 silly packumentCache full:https://registry.npmjs.org/js-yaml set size:undefined disposed:false
451 silly fetch manifest human-signals@^8.0.1
452 silly packumentCache full:https://registry.npmjs.org/human-signals cache-miss
453 http fetch GET 200 https://registry.npmjs.org/figures 240ms (cache miss)
454 silly packumentCache full:https://registry.npmjs.org/figures set size:undefined disposed:false
455 silly fetch manifest is-plain-obj@^4.1.0
456 silly packumentCache full:https://registry.npmjs.org/is-plain-obj cache-miss
457 http fetch GET 200 https://registry.npmjs.org/parse-json 349ms (cache miss)
458 silly packumentCache full:https://registry.npmjs.org/parse-json set size:undefined disposed:false
459 silly fetch manifest is-stream@^4.0.1
460 silly packumentCache full:https://registry.npmjs.org/is-stream cache-miss
461 http fetch GET 200 https://registry.npmjs.org/human-signals 240ms (cache miss)
462 silly packumentCache full:https://registry.npmjs.org/human-signals set size:undefined disposed:false
463 silly fetch manifest npm-run-path@^6.0.0
464 silly packumentCache full:https://registry.npmjs.org/npm-run-path cache-miss
465 http fetch GET 200 https://registry.npmjs.org/@sindresorhus%2fmerge-streams 338ms (cache miss)
466 silly packumentCache full:https://registry.npmjs.org/@sindresorhus%2fmerge-streams set size:undefined disposed:false
467 silly fetch manifest pretty-ms@^9.2.0
468 silly packumentCache full:https://registry.npmjs.org/pretty-ms cache-miss
469 http fetch GET 200 https://registry.npmjs.org/get-stream 266ms (cache miss)
470 silly packumentCache full:https://registry.npmjs.org/get-stream set size:undefined disposed:false
471 silly fetch manifest signal-exit@^4.1.0
472 silly packumentCache full:https://registry.npmjs.org/signal-exit cache-miss
473 http fetch GET 200 https://registry.npmjs.org/caniuse-lite 538ms (cache miss)
474 silly packumentCache full:https://registry.npmjs.org/caniuse-lite set size:undefined disposed:false
475 silly fetch manifest strip-final-newline@^4.0.0
476 silly packumentCache full:https://registry.npmjs.org/strip-final-newline cache-miss
477 http fetch GET 200 https://registry.npmjs.org/is-plain-obj 271ms (cache miss)
478 silly packumentCache full:https://registry.npmjs.org/is-plain-obj set size:undefined disposed:false
479 silly fetch manifest yoctocolors@^2.1.1
480 silly packumentCache full:https://registry.npmjs.org/yoctocolors cache-miss
481 http fetch GET 200 https://registry.npmjs.org/npm-run-path 238ms (cache miss)
482 silly packumentCache full:https://registry.npmjs.org/npm-run-path set size:undefined disposed:false
483 silly fetch manifest @nodelib/fs.stat@^2.0.2
484 silly packumentCache full:https://registry.npmjs.org/@nodelib%2ffs.stat cache-miss
485 http fetch GET 200 https://registry.npmjs.org/is-stream 270ms (cache miss)
486 silly packumentCache full:https://registry.npmjs.org/is-stream set size:undefined disposed:false
487 silly fetch manifest @nodelib/fs.walk@^1.2.3
488 silly packumentCache full:https://registry.npmjs.org/@nodelib%2ffs.walk cache-miss
489 http fetch GET 200 https://registry.npmjs.org/pretty-ms 243ms (cache miss)
490 silly packumentCache full:https://registry.npmjs.org/pretty-ms set size:undefined disposed:false
491 silly fetch manifest glob-parent@^5.1.2
492 silly packumentCache full:https://registry.npmjs.org/glob-parent cache-miss
493 http fetch GET 200 https://registry.npmjs.org/strip-final-newline 237ms (cache miss)
494 silly packumentCache full:https://registry.npmjs.org/strip-final-newline set size:undefined disposed:false
495 silly fetch manifest merge2@^1.3.0
496 silly packumentCache full:https://registry.npmjs.org/merge2 cache-miss
497 http fetch GET 200 https://registry.npmjs.org/electron-to-chromium 890ms (cache miss)
498 silly packumentCache full:https://registry.npmjs.org/electron-to-chromium set size:undefined disposed:false
499 silly fetch manifest micromatch@^4.0.8
500 silly packumentCache full:https://registry.npmjs.org/micromatch cache-miss
501 http fetch GET 200 https://registry.npmjs.org/glob-parent 196ms (cache miss)
502 silly packumentCache full:https://registry.npmjs.org/glob-parent set size:undefined disposed:false
503 silly fetch manifest graceful-fs@^4.2.0
504 silly packumentCache full:https://registry.npmjs.org/graceful-fs cache-miss
505 http fetch GET 200 https://registry.npmjs.org/yoctocolors 217ms (cache miss)
506 silly packumentCache full:https://registry.npmjs.org/yoctocolors set size:undefined disposed:false
507 silly fetch manifest jsonfile@^6.0.1
508 silly packumentCache full:https://registry.npmjs.org/jsonfile cache-miss
509 http fetch GET 200 https://registry.npmjs.org/@nodelib%2ffs.walk 209ms (cache miss)
510 silly packumentCache full:https://registry.npmjs.org/@nodelib%2ffs.walk set size:undefined disposed:false
511 silly fetch manifest universalify@^2.0.0
512 silly packumentCache full:https://registry.npmjs.org/universalify cache-miss
513 http fetch GET 200 https://registry.npmjs.org/@nodelib%2ffs.stat 217ms (cache miss)
514 silly packumentCache full:https://registry.npmjs.org/@nodelib%2ffs.stat set size:undefined disposed:false
515 silly fetch manifest debug@4
516 silly packumentCache full:https://registry.npmjs.org/debug cache-miss
517 http fetch GET 200 https://registry.npmjs.org/signal-exit 450ms (cache miss)
518 silly packumentCache full:https://registry.npmjs.org/signal-exit set size:undefined disposed:false
519 silly fetch manifest agent-base@^7.1.2
520 silly packumentCache full:https://registry.npmjs.org/agent-base cache-miss
521 http fetch GET 200 https://registry.npmjs.org/merge2 188ms (cache miss)
522 silly packumentCache full:https://registry.npmjs.org/merge2 set size:undefined disposed:false
523 silly fetch manifest @inquirer/confirm@^5.0.0
524 silly packumentCache full:https://registry.npmjs.org/@inquirer%2fconfirm cache-miss
525 http cache https://registry.npmjs.org/debug 19ms (cache hit)
526 silly packumentCache full:https://registry.npmjs.org/debug set size:195840 disposed:false
527 silly fetch manifest @mswjs/interceptors@^0.40.0
528 silly packumentCache full:https://registry.npmjs.org/@mswjs%2finterceptors cache-miss
529 http fetch GET 200 https://registry.npmjs.org/micromatch 73ms (cache miss)
530 silly packumentCache full:https://registry.npmjs.org/micromatch set size:undefined disposed:false
531 silly fetch manifest @open-draft/deferred-promise@^2.2.0
532 silly packumentCache full:https://registry.npmjs.org/@open-draft%2fdeferred-promise cache-miss
533 http fetch GET 200 https://registry.npmjs.org/graceful-fs 71ms (cache miss)
534 silly packumentCache full:https://registry.npmjs.org/graceful-fs set size:undefined disposed:false
535 silly fetch manifest @types/statuses@^2.0.6
536 silly packumentCache full:https://registry.npmjs.org/@types%2fstatuses cache-miss
537 http fetch GET 200 https://registry.npmjs.org/universalify 84ms (cache miss)
538 silly packumentCache full:https://registry.npmjs.org/universalify set size:undefined disposed:false
539 silly fetch manifest cookie@^1.0.2
540 silly packumentCache full:https://registry.npmjs.org/cookie cache-miss
541 http fetch GET 200 https://registry.npmjs.org/jsonfile 87ms (cache miss)
542 silly packumentCache full:https://registry.npmjs.org/jsonfile set size:undefined disposed:false
543 silly fetch manifest graphql@^16.12.0
544 silly packumentCache full:https://registry.npmjs.org/graphql cache-miss
545 http fetch GET 200 https://registry.npmjs.org/@inquirer%2fconfirm 99ms (cache miss)
546 silly packumentCache full:https://registry.npmjs.org/@inquirer%2fconfirm set size:undefined disposed:false
547 silly fetch manifest headers-polyfill@^4.0.2
548 silly packumentCache full:https://registry.npmjs.org/headers-polyfill cache-miss
549 http fetch GET 200 https://registry.npmjs.org/agent-base 119ms (cache miss)
550 silly packumentCache full:https://registry.npmjs.org/agent-base set size:undefined disposed:false
551 silly fetch manifest is-node-process@^1.2.0
552 silly packumentCache full:https://registry.npmjs.org/is-node-process cache-miss
553 http fetch GET 200 https://registry.npmjs.org/@open-draft%2fdeferred-promise 135ms (cache miss)
554 silly packumentCache full:https://registry.npmjs.org/@open-draft%2fdeferred-promise set size:undefined disposed:false
555 silly fetch manifest outvariant@^1.4.3
556 silly packumentCache full:https://registry.npmjs.org/outvariant cache-miss
557 http fetch GET 200 https://registry.npmjs.org/@mswjs%2finterceptors 163ms (cache miss)
558 silly packumentCache full:https://registry.npmjs.org/@mswjs%2finterceptors set size:undefined disposed:false
559 silly fetch manifest path-to-regexp@^6.3.0
560 silly packumentCache full:https://registry.npmjs.org/path-to-regexp cache-miss
561 http fetch GET 200 https://registry.npmjs.org/headers-polyfill 113ms (cache miss)
562 silly packumentCache full:https://registry.npmjs.org/headers-polyfill set size:undefined disposed:false
563 silly fetch manifest picocolors@^1.1.1
564 silly packumentCache full:https://registry.npmjs.org/picocolors cache-miss
565 http fetch GET 200 https://registry.npmjs.org/cookie 154ms (cache miss)
566 silly packumentCache full:https://registry.npmjs.org/cookie set size:undefined disposed:false
567 silly fetch manifest rettime@^0.7.0
568 silly packumentCache full:https://registry.npmjs.org/rettime cache-miss
569 http fetch GET 200 https://registry.npmjs.org/is-node-process 128ms (cache miss)
570 silly packumentCache full:https://registry.npmjs.org/is-node-process set size:undefined disposed:false
571 silly fetch manifest statuses@^2.0.2
572 silly packumentCache full:https://registry.npmjs.org/statuses cache-miss
573 http fetch GET 200 https://registry.npmjs.org/outvariant 95ms (cache miss)
574 silly packumentCache full:https://registry.npmjs.org/outvariant set size:undefined disposed:false
575 silly fetch manifest strict-event-emitter@^0.5.1
576 silly packumentCache full:https://registry.npmjs.org/strict-event-emitter cache-miss
577 http fetch GET 200 https://registry.npmjs.org/graphql 205ms (cache miss)
578 silly packumentCache full:https://registry.npmjs.org/graphql set size:undefined disposed:false
579 silly fetch manifest tough-cookie@^6.0.0
580 silly packumentCache full:https://registry.npmjs.org/tough-cookie cache-miss
581 http fetch GET 200 https://registry.npmjs.org/rettime 73ms (cache miss)
582 silly packumentCache full:https://registry.npmjs.org/rettime set size:undefined disposed:false
583 silly fetch manifest type-fest@^5.2.0
584 silly packumentCache full:https://registry.npmjs.org/type-fest cache-miss
585 http fetch GET 200 https://registry.npmjs.org/picocolors 82ms (cache miss)
586 silly packumentCache full:https://registry.npmjs.org/picocolors set size:undefined disposed:false
587 silly fetch manifest until-async@^3.0.2
588 silly packumentCache full:https://registry.npmjs.org/until-async cache-miss
589 http fetch GET 200 https://registry.npmjs.org/path-to-regexp 121ms (cache miss)
590 silly packumentCache full:https://registry.npmjs.org/path-to-regexp set size:undefined disposed:false
591 silly fetch manifest yargs@^17.7.2
592 silly packumentCache full:https://registry.npmjs.org/yargs cache-miss
593 http fetch GET 200 https://registry.npmjs.org/strict-event-emitter 106ms (cache miss)
594 silly packumentCache full:https://registry.npmjs.org/strict-event-emitter set size:undefined disposed:false
595 silly fetch manifest data-uri-to-buffer@^4.0.0
596 silly packumentCache full:https://registry.npmjs.org/data-uri-to-buffer cache-miss
597 http fetch GET 200 https://registry.npmjs.org/tough-cookie 93ms (cache miss)
598 silly packumentCache full:https://registry.npmjs.org/tough-cookie set size:undefined disposed:false
599 silly fetch manifest fetch-blob@^3.1.4
600 silly packumentCache full:https://registry.npmjs.org/fetch-blob cache-miss
601 http fetch GET 200 https://registry.npmjs.org/statuses 151ms (cache miss)
602 silly packumentCache full:https://registry.npmjs.org/statuses set size:undefined disposed:false
603 silly fetch manifest formdata-polyfill@^4.0.10
604 silly packumentCache full:https://registry.npmjs.org/formdata-polyfill cache-miss
605 http fetch GET 200 https://registry.npmjs.org/until-async 122ms (cache miss)
606 silly packumentCache full:https://registry.npmjs.org/until-async set size:undefined disposed:false
607 silly fetch manifest default-browser@^5.4.0
608 silly packumentCache full:https://registry.npmjs.org/default-browser cache-miss
609 http fetch GET 200 https://registry.npmjs.org/type-fest 154ms (cache miss)
610 silly packumentCache full:https://registry.npmjs.org/type-fest set size:undefined disposed:false
611 silly fetch manifest define-lazy-prop@^3.0.0
612 silly packumentCache full:https://registry.npmjs.org/define-lazy-prop cache-miss
613 http fetch GET 200 https://registry.npmjs.org/data-uri-to-buffer 131ms (cache miss)
614 silly packumentCache full:https://registry.npmjs.org/data-uri-to-buffer set size:undefined disposed:false
615 silly fetch manifest is-in-ssh@^1.0.0
616 silly packumentCache full:https://registry.npmjs.org/is-in-ssh cache-miss
617 http fetch GET 200 https://registry.npmjs.org/yargs 193ms (cache miss)
618 silly packumentCache full:https://registry.npmjs.org/yargs set size:undefined disposed:false
619 silly fetch manifest is-inside-container@^1.0.0
620 silly packumentCache full:https://registry.npmjs.org/is-inside-container cache-miss
621 http fetch GET 200 https://registry.npmjs.org/fetch-blob 168ms (cache miss)
622 silly packumentCache full:https://registry.npmjs.org/fetch-blob set size:undefined disposed:false
623 silly fetch manifest powershell-utils@^0.1.0
624 silly packumentCache full:https://registry.npmjs.org/powershell-utils cache-miss
625 http fetch GET 200 https://registry.npmjs.org/default-browser 134ms (cache miss)
626 silly packumentCache full:https://registry.npmjs.org/default-browser set size:undefined disposed:false
627 silly fetch manifest wsl-utils@^0.3.0
628 silly packumentCache full:https://registry.npmjs.org/wsl-utils cache-miss
629 http fetch GET 200 https://registry.npmjs.org/formdata-polyfill 172ms (cache miss)
630 silly packumentCache full:https://registry.npmjs.org/formdata-polyfill set size:undefined disposed:false
631 silly fetch manifest chalk@^5.3.0
632 silly packumentCache full:https://registry.npmjs.org/chalk cache-miss
633 http fetch GET 200 https://registry.npmjs.org/define-lazy-prop 109ms (cache miss)
634 silly packumentCache full:https://registry.npmjs.org/define-lazy-prop set size:undefined disposed:false
635 silly fetch manifest cli-cursor@^5.0.0
636 silly packumentCache full:https://registry.npmjs.org/cli-cursor cache-miss
637 http fetch GET 200 https://registry.npmjs.org/is-inside-container 79ms (cache miss)
638 silly packumentCache full:https://registry.npmjs.org/is-inside-container set size:undefined disposed:false
639 silly fetch manifest strip-ansi@^7.1.0
640 silly packumentCache full:https://registry.npmjs.org/strip-ansi cache-miss
641 http fetch GET 200 https://registry.npmjs.org/is-in-ssh 103ms (cache miss)
642 silly packumentCache full:https://registry.npmjs.org/is-in-ssh set size:undefined disposed:false
643 silly fetch manifest log-symbols@^6.0.0
644 silly packumentCache full:https://registry.npmjs.org/log-symbols cache-miss
645 http fetch GET 200 https://registry.npmjs.org/powershell-utils 71ms (cache miss)
646 silly packumentCache full:https://registry.npmjs.org/powershell-utils set size:undefined disposed:false
647 silly fetch manifest cli-spinners@^2.9.2
648 silly packumentCache full:https://registry.npmjs.org/cli-spinners cache-miss
649 http fetch GET 200 https://registry.npmjs.org/cli-cursor 68ms (cache miss)
650 silly packumentCache full:https://registry.npmjs.org/cli-cursor set size:undefined disposed:false
651 silly fetch manifest string-width@^7.2.0
652 silly packumentCache full:https://registry.npmjs.org/string-width cache-miss
653 http fetch GET 200 https://registry.npmjs.org/chalk 88ms (cache miss)
654 silly packumentCache full:https://registry.npmjs.org/chalk set size:undefined disposed:false
655 silly fetch manifest is-interactive@^2.0.0
656 silly packumentCache full:https://registry.npmjs.org/is-interactive cache-miss
657 http fetch GET 200 https://registry.npmjs.org/wsl-utils 110ms (cache miss)
658 silly packumentCache full:https://registry.npmjs.org/wsl-utils set size:undefined disposed:false
659 silly fetch manifest stdin-discarder@^0.2.2
660 silly packumentCache full:https://registry.npmjs.org/stdin-discarder cache-miss
661 http fetch GET 200 https://registry.npmjs.org/log-symbols 87ms (cache miss)
662 silly packumentCache full:https://registry.npmjs.org/log-symbols set size:undefined disposed:false
663 silly fetch manifest is-unicode-supported@^2.0.0
664 silly packumentCache full:https://registry.npmjs.org/is-unicode-supported cache-miss
665 http fetch GET 200 https://registry.npmjs.org/cli-spinners 74ms (cache miss)
666 silly packumentCache full:https://registry.npmjs.org/cli-spinners set size:undefined disposed:false
667 silly fetch manifest nanoid@^3.3.11
668 silly packumentCache full:https://registry.npmjs.org/nanoid cache-miss
669 http fetch GET 200 https://registry.npmjs.org/strip-ansi 103ms (cache miss)
670 silly packumentCache full:https://registry.npmjs.org/strip-ansi set size:undefined disposed:false
671 silly fetch manifest source-map-js@^1.2.1
672 silly packumentCache full:https://registry.npmjs.org/source-map-js cache-miss
673 http fetch GET 200 https://registry.npmjs.org/is-interactive 69ms (cache miss)
674 silly packumentCache full:https://registry.npmjs.org/is-interactive set size:undefined disposed:false
675 silly fetch manifest cssesc@^3.0.0
676 silly packumentCache full:https://registry.npmjs.org/cssesc cache-miss
677 http fetch GET 200 https://registry.npmjs.org/string-width 95ms (cache miss)
678 silly packumentCache full:https://registry.npmjs.org/string-width set size:undefined disposed:false
679 silly fetch manifest util-deprecate@^1.0.2
680 silly packumentCache full:https://registry.npmjs.org/util-deprecate cache-miss
681 http fetch GET 200 https://registry.npmjs.org/stdin-discarder 90ms (cache miss)
682 silly packumentCache full:https://registry.npmjs.org/stdin-discarder set size:undefined disposed:false
683 silly fetch manifest kleur@^3.0.3
684 silly packumentCache full:https://registry.npmjs.org/kleur cache-miss
685 http fetch GET 200 https://registry.npmjs.org/is-unicode-supported 80ms (cache miss)
686 silly packumentCache full:https://registry.npmjs.org/is-unicode-supported set size:undefined disposed:false
687 silly fetch manifest sisteransi@^1.0.5
688 silly packumentCache full:https://registry.npmjs.org/sisteransi cache-miss
689 http cache https://registry.npmjs.org/kleur 27ms (cache hit)
690 silly packumentCache full:https://registry.npmjs.org/kleur set size:61853 disposed:false
691 silly fetch manifest ast-types@^0.16.1
692 silly packumentCache full:https://registry.npmjs.org/ast-types cache-miss
693 http fetch GET 200 https://registry.npmjs.org/source-map-js 92ms (cache miss)
694 silly packumentCache full:https://registry.npmjs.org/source-map-js set size:undefined disposed:false
695 silly fetch manifest esprima@~4.0.0
696 silly packumentCache full:https://registry.npmjs.org/esprima cache-miss
697 http fetch GET 200 https://registry.npmjs.org/cssesc 98ms (cache miss)
698 silly packumentCache full:https://registry.npmjs.org/cssesc set size:undefined disposed:false
699 silly fetch manifest source-map@~0.6.1
700 silly packumentCache full:https://registry.npmjs.org/source-map cache-miss
701 http fetch GET 200 https://registry.npmjs.org/util-deprecate 96ms (cache miss)
702 silly packumentCache full:https://registry.npmjs.org/util-deprecate set size:undefined disposed:false
703 silly fetch manifest tiny-invariant@^1.3.3
704 silly packumentCache full:https://registry.npmjs.org/tiny-invariant cache-miss
705 http fetch GET 200 https://registry.npmjs.org/nanoid 164ms (cache miss)
706 silly packumentCache full:https://registry.npmjs.org/nanoid set size:undefined disposed:false
707 silly fetch manifest tslib@^2.0.1
708 silly packumentCache full:https://registry.npmjs.org/tslib cache-miss
709 http fetch GET 200 https://registry.npmjs.org/sisteransi 119ms (cache miss)
710 silly packumentCache full:https://registry.npmjs.org/sisteransi set size:undefined disposed:false
711 silly fetch manifest is-obj@^3.0.0
712 silly packumentCache full:https://registry.npmjs.org/is-obj cache-miss
713 http fetch GET 200 https://registry.npmjs.org/esprima 106ms (cache miss)
714 silly packumentCache full:https://registry.npmjs.org/esprima set size:undefined disposed:false
715 silly fetch manifest is-regexp@^3.1.0
716 silly packumentCache full:https://registry.npmjs.org/is-regexp cache-miss
717 http fetch GET 200 https://registry.npmjs.org/tiny-invariant 91ms (cache miss)
718 silly packumentCache full:https://registry.npmjs.org/tiny-invariant set size:undefined disposed:false
719 silly fetch manifest get-own-enumerable-keys@^1.0.0
720 silly packumentCache full:https://registry.npmjs.org/get-own-enumerable-keys cache-miss
721 http fetch GET 200 https://registry.npmjs.org/source-map 105ms (cache miss)
722 silly packumentCache full:https://registry.npmjs.org/source-map set size:undefined disposed:false
723 silly fetch manifest @ts-morph/common@~0.27.0
724 silly packumentCache full:https://registry.npmjs.org/@ts-morph%2fcommon cache-miss
725 http fetch GET 200 https://registry.npmjs.org/ast-types 160ms (cache miss)
726 silly packumentCache full:https://registry.npmjs.org/ast-types set size:undefined disposed:false
727 silly fetch manifest code-block-writer@^13.0.3
728 silly packumentCache full:https://registry.npmjs.org/code-block-writer cache-miss
729 http fetch GET 200 https://registry.npmjs.org/is-obj 89ms (cache miss)
730 silly packumentCache full:https://registry.npmjs.org/is-obj set size:undefined disposed:false
731 silly fetch manifest json5@^2.2.2
732 silly packumentCache full:https://registry.npmjs.org/json5 cache-miss
733 http fetch GET 200 https://registry.npmjs.org/is-regexp 75ms (cache miss)
734 silly packumentCache full:https://registry.npmjs.org/is-regexp set size:undefined disposed:false
735 silly fetch manifest minimist@^1.2.6
736 silly packumentCache full:https://registry.npmjs.org/minimist cache-miss
737 http cache https://registry.npmjs.org/json5 27ms (cache hit)
738 silly packumentCache full:https://registry.npmjs.org/json5 set size:86136 disposed:false
739 silly fetch manifest strip-bom@^3.0.0
740 silly packumentCache full:https://registry.npmjs.org/strip-bom cache-miss
741 http fetch GET 200 https://registry.npmjs.org/tslib 145ms (cache miss)
742 silly packumentCache full:https://registry.npmjs.org/tslib set size:undefined disposed:false
743 http fetch GET 200 https://registry.npmjs.org/@ts-morph%2fcommon 86ms (cache miss)
744 silly packumentCache full:https://registry.npmjs.org/@ts-morph%2fcommon set size:undefined disposed:false
745 http fetch GET 200 https://registry.npmjs.org/code-block-writer 79ms (cache miss)
746 silly packumentCache full:https://registry.npmjs.org/code-block-writer set size:undefined disposed:false
747 http fetch GET 200 https://registry.npmjs.org/minimist 70ms (cache miss)
748 silly packumentCache full:https://registry.npmjs.org/minimist set size:undefined disposed:false
749 http fetch GET 200 https://registry.npmjs.org/strip-bom 74ms (cache miss)
750 silly packumentCache full:https://registry.npmjs.org/strip-bom set size:undefined disposed:false
751 http fetch GET 200 https://registry.npmjs.org/get-own-enumerable-keys 326ms (cache miss)
752 silly packumentCache full:https://registry.npmjs.org/get-own-enumerable-keys set size:undefined disposed:false
753 http fetch GET 200 https://registry.npmjs.org/@types%2fstatuses 1795ms (cache miss)
754 silly packumentCache full:https://registry.npmjs.org/@types%2fstatuses set size:undefined disposed:false
755 silly placeDep ROOT ansis@4.2.0 OK for: @antfu/ni@25.0.0 want: ^4.0.0
756 silly placeDep ROOT fzf@0.5.2 OK for: @antfu/ni@25.0.0 want: ^0.5.2
757 silly placeDep ROOT package-manager-detector@1.6.0 OK for: @antfu/ni@25.0.0 want: ^1.3.0
758 silly placeDep ROOT tinyexec@1.0.2 OK for: @antfu/ni@25.0.0 want: ^1.0.1
759 silly fetch manifest @babel/core@^7.0.0
760 silly packumentCache full:https://registry.npmjs.org/@babel%2fcore cache-miss
761 http cache https://registry.npmjs.org/@babel%2fcore 10ms (cache hit)
762 silly packumentCache full:https://registry.npmjs.org/@babel%2fcore set size:738278 disposed:false
763 silly placeDep ROOT @babel/code-frame@7.27.1 OK for: @babel/core@7.28.5 want: ^7.27.1
764 silly placeDep ROOT @babel/generator@7.28.5 OK for: @babel/core@7.28.5 want: ^7.28.5
765 silly placeDep ROOT @babel/helper-compilation-targets@7.27.2 OK for: @babel/core@7.28.5 want: ^7.27.2
766 silly placeDep ROOT @babel/helper-module-transforms@7.28.3 OK for: @babel/core@7.28.5 want: ^7.28.3
767 silly placeDep ROOT @babel/helpers@7.28.4 OK for: @babel/core@7.28.5 want: ^7.28.4
768 silly placeDep ROOT @babel/template@7.27.2 OK for: @babel/core@7.28.5 want: ^7.27.2
769 silly placeDep ROOT @babel/traverse@7.28.5 OK for: @babel/core@7.28.5 want: ^7.28.5
770 silly placeDep ROOT @babel/types@7.28.5 OK for: @babel/core@7.28.5 want: ^7.28.5
771 silly placeDep ROOT @jridgewell/remapping@2.3.5 OK for: @babel/core@7.28.5 want: ^2.3.5
772 silly placeDep ROOT convert-source-map@2.0.0 OK for: @babel/core@7.28.5 want: ^2.0.0
773 silly placeDep ROOT debug@4.4.3 OK for: @babel/core@7.28.5 want: ^4.1.0
774 silly placeDep ROOT gensync@1.0.0-beta.2 OK for: @babel/core@7.28.5 want: ^1.0.0-beta.2
775 silly placeDep ROOT json5@2.2.3 OK for: @babel/core@7.28.5 want: ^2.2.3
776 silly placeDep ROOT semver@6.3.1 OK for: @babel/core@7.28.5 want: ^6.3.1
777 silly fetch manifest js-tokens@^4.0.0
778 silly packumentCache full:https://registry.npmjs.org/js-tokens cache-miss
779 silly fetch manifest @babel/helper-validator-identifier@^7.27.1
780 silly packumentCache full:https://registry.npmjs.org/@babel%2fhelper-validator-identifier cache-miss
781 silly fetch manifest @jridgewell/gen-mapping@^0.3.12
782 silly packumentCache full:https://registry.npmjs.org/@jridgewell%2fgen-mapping cache-miss
783 silly fetch manifest @jridgewell/trace-mapping@^0.3.28
784 silly packumentCache full:https://registry.npmjs.org/@jridgewell%2ftrace-mapping cache-miss
785 silly fetch manifest jsesc@^3.0.2
786 silly packumentCache full:https://registry.npmjs.org/jsesc cache-miss
787 silly fetch manifest lru-cache@^5.1.1
788 silly packumentCache full:https://registry.npmjs.org/lru-cache cache-miss
789 silly fetch manifest @babel/compat-data@^7.27.2
790 silly packumentCache full:https://registry.npmjs.org/@babel%2fcompat-data cache-miss
791 http fetch GET 200 https://registry.npmjs.org/js-tokens 62ms (cache miss)
792 silly packumentCache full:https://registry.npmjs.org/js-tokens set size:undefined disposed:false
793 silly fetch manifest @babel/traverse@^7.28.3
794 silly packumentCache full:https://registry.npmjs.org/@babel%2ftraverse cache-miss
795 http cache https://registry.npmjs.org/@babel%2ftraverse 8ms (cache hit)
796 silly packumentCache full:https://registry.npmjs.org/@babel%2ftraverse set size:535703 disposed:false
797 silly fetch manifest @babel/helper-module-imports@^7.27.1
798 silly packumentCache full:https://registry.npmjs.org/@babel%2fhelper-module-imports cache-miss
799 http fetch GET 200 https://registry.npmjs.org/@babel%2fhelper-validator-identifier 93ms (cache miss)
800 silly packumentCache full:https://registry.npmjs.org/@babel%2fhelper-validator-identifier set size:undefined disposed:false
801 silly fetch manifest @babel/types@^7.28.4
802 silly packumentCache full:https://registry.npmjs.org/@babel%2ftypes cache-miss
803 http fetch GET 200 https://registry.npmjs.org/jsesc 100ms (cache miss)
804 silly packumentCache full:https://registry.npmjs.org/jsesc set size:undefined disposed:false
805 silly fetch manifest @babel/types@^7.27.1
806 silly packumentCache full:https://registry.npmjs.org/@babel%2ftypes cache-miss
807 http cache https://registry.npmjs.org/@babel%2ftypes 20ms (cache hit)
808 silly packumentCache full:https://registry.npmjs.org/@babel%2ftypes set size:475698 disposed:false
809 silly fetch manifest @babel/helper-globals@^7.28.0
810 silly packumentCache full:https://registry.npmjs.org/@babel%2fhelper-globals cache-miss
811 http cache https://registry.npmjs.org/@babel%2ftypes 28ms (cache hit)
812 silly packumentCache full:https://registry.npmjs.org/@babel%2ftypes set size:475698 disposed:false
813 silly packumentCache full:https://registry.npmjs.org/@babel%2ftypes dispose
814 silly fetch manifest debug@^4.3.1
815 silly packumentCache full:https://registry.npmjs.org/debug cache-hit
816 silly fetch manifest @babel/helper-string-parser@^7.27.1
817 silly packumentCache full:https://registry.npmjs.org/@babel%2fhelper-string-parser cache-miss
818 http fetch GET 200 https://registry.npmjs.org/@babel%2fcompat-data 137ms (cache miss)
819 silly packumentCache full:https://registry.npmjs.org/@babel%2fcompat-data set size:undefined disposed:false
820 silly fetch manifest @babel/helper-validator-identifier@^7.28.5
821 silly packumentCache full:https://registry.npmjs.org/@babel%2fhelper-validator-identifier cache-miss
822 http fetch GET 200 https://registry.npmjs.org/@jridgewell%2fgen-mapping 148ms (cache miss)
823 silly packumentCache full:https://registry.npmjs.org/@jridgewell%2fgen-mapping set size:undefined disposed:false
824 silly fetch manifest @jridgewell/gen-mapping@^0.3.5
825 silly packumentCache full:https://registry.npmjs.org/@jridgewell%2fgen-mapping cache-miss
826 http fetch GET 200 https://registry.npmjs.org/@jridgewell%2ftrace-mapping 162ms (cache miss)
827 silly packumentCache full:https://registry.npmjs.org/@jridgewell%2ftrace-mapping set size:undefined disposed:false
828 silly fetch manifest @jridgewell/trace-mapping@^0.3.24
829 silly packumentCache full:https://registry.npmjs.org/@jridgewell%2ftrace-mapping cache-miss
830 http cache https://registry.npmjs.org/@babel%2fhelper-validator-identifier 20ms (cache hit)
831 silly packumentCache full:https://registry.npmjs.org/@babel%2fhelper-validator-identifier set size:108996 disposed:false
832 silly fetch manifest ms@^2.1.3
833 silly packumentCache full:https://registry.npmjs.org/ms cache-miss
834 http cache https://registry.npmjs.org/@jridgewell%2fgen-mapping 19ms (cache hit)
835 silly packumentCache full:https://registry.npmjs.org/@jridgewell%2fgen-mapping set size:80719 disposed:false
836 http fetch GET 200 https://registry.npmjs.org/lru-cache 174ms (cache miss)
837 silly packumentCache full:https://registry.npmjs.org/lru-cache set size:undefined disposed:false
838 http cache https://registry.npmjs.org/@jridgewell%2ftrace-mapping 21ms (cache hit)
839 silly packumentCache full:https://registry.npmjs.org/@jridgewell%2ftrace-mapping set size:170909 disposed:false
840 http fetch GET 200 https://registry.npmjs.org/@babel%2fhelper-globals 77ms (cache miss)
841 silly packumentCache full:https://registry.npmjs.org/@babel%2fhelper-globals set size:undefined disposed:false
842 http fetch GET 200 https://registry.npmjs.org/@babel%2fhelper-module-imports 126ms (cache miss)
843 silly packumentCache full:https://registry.npmjs.org/@babel%2fhelper-module-imports set size:undefined disposed:false
844 http fetch GET 200 https://registry.npmjs.org/ms 54ms (cache miss)
845 silly packumentCache full:https://registry.npmjs.org/ms set size:undefined disposed:false
846 http fetch GET 200 https://registry.npmjs.org/@babel%2fhelper-string-parser 85ms (cache miss)
847 silly packumentCache full:https://registry.npmjs.org/@babel%2fhelper-string-parser set size:undefined disposed:false
848 silly placeDep ROOT @babel/helper-validator-identifier@7.28.5 OK for: @babel/code-frame@7.27.1 want: ^7.27.1
849 silly placeDep ROOT js-tokens@4.0.0 OK for: @babel/code-frame@7.27.1 want: ^4.0.0
850 silly placeDep ROOT picocolors@1.1.1 OK for: @babel/code-frame@7.27.1 want: ^1.1.1
851 silly placeDep ROOT @jridgewell/gen-mapping@0.3.13 OK for: @babel/generator@7.28.5 want: ^0.3.12
852 silly placeDep ROOT @jridgewell/trace-mapping@0.3.31 OK for: @babel/generator@7.28.5 want: ^0.3.28
853 silly placeDep ROOT jsesc@3.1.0 OK for: @babel/generator@7.28.5 want: ^3.0.2
854 silly fetch manifest @jridgewell/sourcemap-codec@^1.5.0
855 silly packumentCache full:https://registry.npmjs.org/@jridgewell%2fsourcemap-codec cache-miss
856 silly fetch manifest @jridgewell/resolve-uri@^3.1.0
857 silly packumentCache full:https://registry.npmjs.org/@jridgewell%2fresolve-uri cache-miss
858 silly fetch manifest @jridgewell/sourcemap-codec@^1.4.14
859 silly packumentCache full:https://registry.npmjs.org/@jridgewell%2fsourcemap-codec cache-miss
860 http fetch GET 200 https://registry.npmjs.org/@jridgewell%2fsourcemap-codec 65ms (cache miss)
861 silly packumentCache full:https://registry.npmjs.org/@jridgewell%2fsourcemap-codec set size:undefined disposed:false
862 http fetch GET 200 https://registry.npmjs.org/@jridgewell%2fresolve-uri 72ms (cache miss)
863 silly packumentCache full:https://registry.npmjs.org/@jridgewell%2fresolve-uri set size:undefined disposed:false
864 http fetch GET 200 https://registry.npmjs.org/@jridgewell%2fsourcemap-codec 93ms (cache miss)
865 silly packumentCache full:https://registry.npmjs.org/@jridgewell%2fsourcemap-codec set size:undefined disposed:false
866 silly placeDep ROOT @babel/compat-data@7.28.5 OK for: @babel/helper-compilation-targets@7.27.2 want: ^7.27.2
867 silly placeDep ROOT @babel/helper-validator-option@7.27.1 OK for: @babel/helper-compilation-targets@7.27.2 want: ^7.27.1
868 silly placeDep ROOT lru-cache@5.1.1 OK for: @babel/helper-compilation-targets@7.27.2 want: ^5.1.1
869 silly fetch manifest yallist@^3.0.2
870 silly packumentCache full:https://registry.npmjs.org/yallist cache-miss
871 http fetch GET 200 https://registry.npmjs.org/yallist 45ms (cache miss)
872 silly packumentCache full:https://registry.npmjs.org/yallist set size:undefined disposed:false
873 silly placeDep ROOT @babel/helper-module-imports@7.27.1 OK for: @babel/helper-module-transforms@7.28.3 want: ^7.27.1
874 silly fetch manifest @babel/core@^7.0.0-0
875 silly packumentCache full:https://registry.npmjs.org/@babel%2fcore cache-hit
876 silly placeDep ROOT @babel/helper-annotate-as-pure@7.27.3 OK for: @babel/plugin-transform-typescript@7.28.5 want: ^7.27.3
877 silly placeDep ROOT @babel/helper-create-class-features-plugin@7.28.5 OK for: @babel/plugin-transform-typescript@7.28.5 want: ^7.28.5
878 silly placeDep ROOT @babel/helper-plugin-utils@7.27.1 OK for: @babel/plugin-transform-typescript@7.28.5 want: ^7.27.1
879 silly placeDep ROOT @babel/helper-skip-transparent-expression-wrappers@7.27.1 OK for: @babel/plugin-transform-typescript@7.28.5 want: ^7.27.1
880 silly placeDep ROOT @babel/plugin-syntax-typescript@7.27.1 OK for: @babel/plugin-transform-typescript@7.28.5 want: ^7.27.1
881 silly fetch manifest @babel/helper-member-expression-to-functions@^7.28.5
882 silly packumentCache full:https://registry.npmjs.org/@babel%2fhelper-member-expression-to-functions cache-miss
883 silly fetch manifest @babel/helper-optimise-call-expression@^7.27.1
884 silly packumentCache full:https://registry.npmjs.org/@babel%2fhelper-optimise-call-expression cache-miss
885 silly fetch manifest @babel/helper-replace-supers@^7.27.1
886 silly packumentCache full:https://registry.npmjs.org/@babel%2fhelper-replace-supers cache-miss
887 http fetch GET 200 https://registry.npmjs.org/@babel%2fhelper-replace-supers 110ms (cache miss)
888 silly packumentCache full:https://registry.npmjs.org/@babel%2fhelper-replace-supers set size:undefined disposed:false
889 http fetch GET 200 https://registry.npmjs.org/@babel%2fhelper-optimise-call-expression 119ms (cache miss)
890 silly packumentCache full:https://registry.npmjs.org/@babel%2fhelper-optimise-call-expression set size:undefined disposed:false
891 http fetch GET 200 https://registry.npmjs.org/@babel%2fhelper-member-expression-to-functions 128ms (cache miss)
892 silly packumentCache full:https://registry.npmjs.org/@babel%2fhelper-member-expression-to-functions set size:undefined disposed:false
893 silly placeDep ROOT @babel/helper-member-expression-to-functions@7.28.5 OK for: @babel/helper-create-class-features-plugin@7.28.5 want: ^7.28.5
894 silly placeDep ROOT @babel/helper-optimise-call-expression@7.27.1 OK for: @babel/helper-create-class-features-plugin@7.28.5 want: ^7.27.1
895 silly placeDep ROOT @babel/helper-replace-supers@7.27.1 OK for: @babel/helper-create-class-features-plugin@7.28.5 want: ^7.27.1
896 silly placeDep ROOT @babel/plugin-syntax-jsx@7.27.1 OK for: @babel/preset-typescript@7.28.5 want: ^7.27.1
897 silly placeDep ROOT @babel/plugin-transform-modules-commonjs@7.27.1 OK for: @babel/preset-typescript@7.28.5 want: ^7.27.1
898 silly placeDep ROOT @babel/helper-globals@7.28.0 OK for: @babel/traverse@7.28.5 want: ^7.28.0
899 silly placeDep ROOT @babel/helper-string-parser@7.27.1 OK for: @babel/types@7.28.5 want: ^7.27.1
900 silly placeDep node_modules/@dotenvx/dotenvx commander@11.1.0 OK for: @dotenvx/dotenvx@1.51.4 want: ^11.1.0
901 silly placeDep ROOT dotenv@17.2.3 OK for: @dotenvx/dotenvx@1.51.4 want: ^17.2.1
902 silly placeDep ROOT eciesjs@0.4.16 OK for: @dotenvx/dotenvx@1.51.4 want: ^0.4.10
903 silly placeDep node_modules/@dotenvx/dotenvx execa@5.1.1 OK for: @dotenvx/dotenvx@1.51.4 want: ^5.1.1
904 silly placeDep ROOT fdir@6.5.0 OK for: @dotenvx/dotenvx@1.51.4 want: ^6.2.0
905 silly placeDep ROOT ignore@5.3.2 OK for: @dotenvx/dotenvx@1.51.4 want: ^5.3.0
906 silly placeDep ROOT object-treeify@1.1.33 OK for: @dotenvx/dotenvx@1.51.4 want: 1.1.33
907 silly placeDep ROOT picomatch@4.0.3 OK for: @dotenvx/dotenvx@1.51.4 want: ^4.0.2
908 silly placeDep ROOT which@4.0.0 OK for: @dotenvx/dotenvx@1.51.4 want: ^4.0.0
909 silly fetch manifest @ecies/ciphers@^0.2.4
910 silly packumentCache full:https://registry.npmjs.org/@ecies%2fciphers cache-miss
911 silly fetch manifest @noble/ciphers@^1.3.0
912 silly packumentCache full:https://registry.npmjs.org/@noble%2fciphers cache-miss
913 silly fetch manifest @noble/curves@^1.9.7
914 silly packumentCache full:https://registry.npmjs.org/@noble%2fcurves cache-miss
915 silly fetch manifest @noble/hashes@^1.8.0
916 silly packumentCache full:https://registry.npmjs.org/@noble%2fhashes cache-miss
917 silly fetch manifest onetime@^5.1.2
918 silly packumentCache full:https://registry.npmjs.org/onetime cache-miss
919 silly fetch manifest is-stream@^2.0.0
920 silly packumentCache full:https://registry.npmjs.org/is-stream cache-miss
921 silly fetch manifest get-stream@^6.0.0
922 silly packumentCache full:https://registry.npmjs.org/get-stream cache-miss
923 http cache https://registry.npmjs.org/get-stream 14ms (cache hit)
924 silly packumentCache full:https://registry.npmjs.org/get-stream set size:57536 disposed:false
925 silly fetch manifest cross-spawn@^7.0.3
926 silly packumentCache full:https://registry.npmjs.org/cross-spawn cache-hit
927 silly fetch manifest signal-exit@^3.0.3
928 silly packumentCache full:https://registry.npmjs.org/signal-exit cache-miss
929 http cache https://registry.npmjs.org/is-stream 18ms (cache hit)
930 silly packumentCache full:https://registry.npmjs.org/is-stream set size:18582 disposed:false
931 silly fetch manifest merge-stream@^2.0.0
932 silly packumentCache full:https://registry.npmjs.org/merge-stream cache-miss
933 http cache https://registry.npmjs.org/signal-exit 10ms (cache hit)
934 silly packumentCache full:https://registry.npmjs.org/signal-exit set size:53489 disposed:false
935 silly fetch manifest npm-run-path@^4.0.1
936 silly packumentCache full:https://registry.npmjs.org/npm-run-path cache-miss
937 http cache https://registry.npmjs.org/npm-run-path 5ms (cache hit)
938 silly packumentCache full:https://registry.npmjs.org/npm-run-path set size:33596 disposed:false
939 silly fetch manifest human-signals@^2.1.0
940 silly packumentCache full:https://registry.npmjs.org/human-signals cache-miss
941 http cache https://registry.npmjs.org/human-signals 6ms (cache hit)
942 silly packumentCache full:https://registry.npmjs.org/human-signals set size:47322 disposed:false
943 silly fetch manifest strip-final-newline@^2.0.0
944 silly packumentCache full:https://registry.npmjs.org/strip-final-newline cache-miss
945 http cache https://registry.npmjs.org/strip-final-newline 10ms (cache hit)
946 silly packumentCache full:https://registry.npmjs.org/strip-final-newline set size:9328 disposed:false
947 silly fetch manifest isexe@^3.1.1
948 silly packumentCache full:https://registry.npmjs.org/isexe cache-miss
949 http fetch GET 200 https://registry.npmjs.org/onetime 68ms (cache miss)
950 silly packumentCache full:https://registry.npmjs.org/onetime set size:undefined disposed:false
951 http fetch GET 200 https://registry.npmjs.org/@noble%2fciphers 76ms (cache miss)
952 silly packumentCache full:https://registry.npmjs.org/@noble%2fciphers set size:undefined disposed:false
953 http fetch GET 200 https://registry.npmjs.org/merge-stream 61ms (cache miss)
954 silly packumentCache full:https://registry.npmjs.org/merge-stream set size:undefined disposed:false
955 http fetch GET 200 https://registry.npmjs.org/@noble%2fhashes 93ms (cache miss)
956 silly packumentCache full:https://registry.npmjs.org/@noble%2fhashes set size:undefined disposed:false
957 http fetch GET 200 https://registry.npmjs.org/isexe 54ms (cache miss)
958 silly packumentCache full:https://registry.npmjs.org/isexe set size:undefined disposed:false
959 http fetch GET 200 https://registry.npmjs.org/@ecies%2fciphers 587ms (cache miss)
960 silly packumentCache full:https://registry.npmjs.org/@ecies%2fciphers set size:undefined disposed:false
961 http fetch GET 200 https://registry.npmjs.org/@noble%2fcurves 821ms (cache miss)
962 silly packumentCache full:https://registry.npmjs.org/@noble%2fcurves set size:undefined disposed:false
963 silly placeDep ROOT @jridgewell/sourcemap-codec@1.5.5 OK for: @jridgewell/gen-mapping@0.3.13 want: ^1.5.0
964 silly placeDep ROOT @jridgewell/resolve-uri@3.1.2 OK for: @jridgewell/trace-mapping@0.3.31 want: ^3.1.0
965 silly fetch manifest hono@^4
966 silly packumentCache full:https://registry.npmjs.org/hono cache-miss
967 http fetch GET 200 https://registry.npmjs.org/hono 184ms (cache miss)
968 silly packumentCache full:https://registry.npmjs.org/hono set size:undefined disposed:false
969 silly placeDep ROOT @hono/node-server@1.19.7 OK for: @modelcontextprotocol/sdk@1.25.1 want: ^1.19.7
970 silly placeDep ROOT hono@4.11.3 OK for: @hono/node-server@1.19.7 want: ^4
971 silly placeDep ROOT ajv@8.17.1 OK for: @modelcontextprotocol/sdk@1.25.1 want: ^8.17.1
972 silly placeDep ROOT ajv-formats@3.0.1 OK for: @modelcontextprotocol/sdk@1.25.1 want: ^3.0.1
973 silly placeDep ROOT content-type@1.0.5 OK for: @modelcontextprotocol/sdk@1.25.1 want: ^1.0.5
974 silly placeDep ROOT cors@2.8.5 OK for: @modelcontextprotocol/sdk@1.25.1 want: ^2.8.5
975 silly placeDep ROOT cross-spawn@7.0.6 OK for: @modelcontextprotocol/sdk@1.25.1 want: ^7.0.5
976 silly placeDep ROOT eventsource@3.0.7 OK for: @modelcontextprotocol/sdk@1.25.1 want: ^3.0.2
977 silly placeDep ROOT eventsource-parser@3.0.6 OK for: @modelcontextprotocol/sdk@1.25.1 want: ^3.0.0
978 silly placeDep ROOT express@5.2.1 OK for: @modelcontextprotocol/sdk@1.25.1 want: ^5.0.1
979 silly placeDep ROOT express-rate-limit@7.5.1 OK for: @modelcontextprotocol/sdk@1.25.1 want: ^7.5.0
980 silly placeDep ROOT jose@6.1.3 OK for: @modelcontextprotocol/sdk@1.25.1 want: ^6.1.1
981 silly placeDep ROOT json-schema-typed@8.0.2 OK for: @modelcontextprotocol/sdk@1.25.1 want: ^8.0.2
982 silly placeDep ROOT pkce-challenge@5.0.1 OK for: @modelcontextprotocol/sdk@1.25.1 want: ^5.0.0
983 silly placeDep ROOT raw-body@3.0.2 OK for: @modelcontextprotocol/sdk@1.25.1 want: ^3.0.0
984 silly fetch manifest fast-uri@^3.0.1
985 silly packumentCache full:https://registry.npmjs.org/fast-uri cache-miss
986 silly fetch manifest fast-deep-equal@^3.1.3
987 silly packumentCache full:https://registry.npmjs.org/fast-deep-equal cache-miss
988 silly fetch manifest require-from-string@^2.0.2
989 silly packumentCache full:https://registry.npmjs.org/require-from-string cache-miss
990 silly fetch manifest json-schema-traverse@^1.0.0
991 silly packumentCache full:https://registry.npmjs.org/json-schema-traverse cache-miss
992 silly fetch manifest vary@^1
993 silly packumentCache full:https://registry.npmjs.org/vary cache-miss
994 silly fetch manifest object-assign@^4
995 silly packumentCache full:https://registry.npmjs.org/object-assign cache-miss
996 silly fetch manifest which@^2.0.1
997 silly packumentCache full:https://registry.npmjs.org/which cache-miss
998 http cache https://registry.npmjs.org/which 16ms (cache hit)
999 silly packumentCache full:https://registry.npmjs.org/which set size:65264 disposed:false
1000 silly fetch manifest path-key@^3.1.0
1001 silly packumentCache full:https://registry.npmjs.org/path-key cache-miss
1002 http fetch GET 200 https://registry.npmjs.org/vary 61ms (cache miss)
1003 silly packumentCache full:https://registry.npmjs.org/vary set size:undefined disposed:false
1004 silly fetch manifest shebang-command@^2.0.0
1005 silly packumentCache full:https://registry.npmjs.org/shebang-command cache-miss
1006 http fetch GET 200 https://registry.npmjs.org/fast-uri 70ms (cache miss)
1007 silly packumentCache full:https://registry.npmjs.org/fast-uri set size:undefined disposed:false
1008 silly fetch manifest eventsource-parser@^3.0.1
1009 silly packumentCache full:https://registry.npmjs.org/eventsource-parser cache-miss
1010 http fetch GET 200 https://registry.npmjs.org/require-from-string 90ms (cache miss)
1011 silly packumentCache full:https://registry.npmjs.org/require-from-string set size:undefined disposed:false
1012 silly fetch manifest qs@^6.14.0
1013 silly packumentCache full:https://registry.npmjs.org/qs cache-miss
1014 http fetch GET 200 https://registry.npmjs.org/path-key 75ms (cache miss)
1015 silly packumentCache full:https://registry.npmjs.org/path-key set size:undefined disposed:false
1016 silly fetch manifest depd@^2.0.0
1017 silly packumentCache full:https://registry.npmjs.org/depd cache-miss
1018 http fetch GET 200 https://registry.npmjs.org/json-schema-traverse 100ms (cache miss)
1019 silly packumentCache full:https://registry.npmjs.org/json-schema-traverse set size:undefined disposed:false
1020 silly fetch manifest etag@^1.8.1
1021 silly packumentCache full:https://registry.npmjs.org/etag cache-miss
1022 http cache https://registry.npmjs.org/eventsource-parser 33ms (cache hit)
1023 silly packumentCache full:https://registry.npmjs.org/eventsource-parser set size:66053 disposed:false
1024 silly fetch manifest once@^1.4.0
1025 silly packumentCache full:https://registry.npmjs.org/once cache-miss
1026 http fetch GET 200 https://registry.npmjs.org/object-assign 113ms (cache miss)
1027 silly packumentCache full:https://registry.npmjs.org/object-assign set size:undefined disposed:false
1028 silly fetch manifest send@^1.1.0
1029 silly packumentCache full:https://registry.npmjs.org/send cache-miss
1030 http fetch GET 200 https://registry.npmjs.org/fast-deep-equal 116ms (cache miss)
1031 silly packumentCache full:https://registry.npmjs.org/fast-deep-equal set size:undefined disposed:false
1032 silly fetch manifest vary@^1.1.2
1033 silly packumentCache full:https://registry.npmjs.org/vary cache-miss
1034 http cache https://registry.npmjs.org/vary 13ms (cache hit)
1035 silly packumentCache full:https://registry.npmjs.org/vary set size:16018 disposed:false
1036 silly fetch manifest fresh@^2.0.0
1037 silly packumentCache full:https://registry.npmjs.org/fresh cache-miss
1038 http fetch GET 200 https://registry.npmjs.org/shebang-command 70ms (cache miss)
1039 silly packumentCache full:https://registry.npmjs.org/shebang-command set size:undefined disposed:false
1040 silly fetch manifest cookie@^0.7.1
1041 silly packumentCache full:https://registry.npmjs.org/cookie cache-miss
1042 http cache https://registry.npmjs.org/cookie 17ms (cache hit)
1043 silly packumentCache full:https://registry.npmjs.org/cookie set size:72891 disposed:false
1044 silly fetch manifest router@^2.2.0
1045 silly packumentCache full:https://registry.npmjs.org/router cache-miss
1046 http fetch GET 200 https://registry.npmjs.org/etag 86ms (cache miss)
1047 silly packumentCache full:https://registry.npmjs.org/etag set size:undefined disposed:false
1048 silly fetch manifest accepts@^2.0.0
1049 silly packumentCache full:https://registry.npmjs.org/accepts cache-miss
1050 http fetch GET 200 https://registry.npmjs.org/depd 99ms (cache miss)
1051 silly packumentCache full:https://registry.npmjs.org/depd set size:undefined disposed:false
1052 silly fetch manifest type-is@^2.0.1
1053 silly packumentCache full:https://registry.npmjs.org/type-is cache-miss
1054 http fetch GET 200 https://registry.npmjs.org/qs 106ms (cache miss)
1055 silly packumentCache full:https://registry.npmjs.org/qs set size:undefined disposed:false
1056 silly fetch manifest parseurl@^1.3.3
1057 silly packumentCache full:https://registry.npmjs.org/parseurl cache-miss
1058 http fetch GET 200 https://registry.npmjs.org/once 104ms (cache miss)
1059 silly packumentCache full:https://registry.npmjs.org/once set size:undefined disposed:false
1060 silly fetch manifest statuses@^2.0.1
1061 silly packumentCache full:https://registry.npmjs.org/statuses cache-miss
1062 http fetch GET 200 https://registry.npmjs.org/send 101ms (cache miss)
1063 silly packumentCache full:https://registry.npmjs.org/send set size:undefined disposed:false
1064 silly fetch manifest encodeurl@^2.0.0
1065 silly packumentCache full:https://registry.npmjs.org/encodeurl cache-miss
1066 http cache https://registry.npmjs.org/statuses 28ms (cache hit)
1067 silly packumentCache full:https://registry.npmjs.org/statuses set size:37117 disposed:false
1068 silly fetch manifest mime-types@^3.0.0
1069 silly packumentCache full:https://registry.npmjs.org/mime-types cache-miss
1070 http fetch GET 200 https://registry.npmjs.org/fresh 129ms (cache miss)
1071 silly packumentCache full:https://registry.npmjs.org/fresh set size:undefined disposed:false
1072 silly fetch manifest proxy-addr@^2.0.7
1073 silly packumentCache full:https://registry.npmjs.org/proxy-addr cache-miss
1074 http fetch GET 200 https://registry.npmjs.org/router 118ms (cache miss)
1075 silly packumentCache full:https://registry.npmjs.org/router set size:undefined disposed:false
1076 silly fetch manifest body-parser@^2.2.1
1077 silly packumentCache full:https://registry.npmjs.org/body-parser cache-miss
1078 http fetch GET 200 https://registry.npmjs.org/accepts 93ms (cache miss)
1079 silly packumentCache full:https://registry.npmjs.org/accepts set size:undefined disposed:false
1080 silly fetch manifest escape-html@^1.0.3
1081 silly packumentCache full:https://registry.npmjs.org/escape-html cache-miss
1082 http fetch GET 200 https://registry.npmjs.org/parseurl 88ms (cache miss)
1083 silly packumentCache full:https://registry.npmjs.org/parseurl set size:undefined disposed:false
1084 silly fetch manifest http-errors@^2.0.0
1085 silly packumentCache full:https://registry.npmjs.org/http-errors cache-miss
1086 http fetch GET 200 https://registry.npmjs.org/type-is 99ms (cache miss)
1087 silly packumentCache full:https://registry.npmjs.org/type-is set size:undefined disposed:false
1088 silly fetch manifest on-finished@^2.4.1
1089 silly packumentCache full:https://registry.npmjs.org/on-finished cache-miss
1090 http fetch GET 200 https://registry.npmjs.org/encodeurl 95ms (cache miss)
1091 silly packumentCache full:https://registry.npmjs.org/encodeurl set size:undefined disposed:false
1092 silly fetch manifest finalhandler@^2.1.0
1093 silly packumentCache full:https://registry.npmjs.org/finalhandler cache-miss
1094 http fetch GET 200 https://registry.npmjs.org/mime-types 100ms (cache miss)
1095 silly packumentCache full:https://registry.npmjs.org/mime-types set size:undefined disposed:false
1096 silly fetch manifest range-parser@^1.2.1
1097 silly packumentCache full:https://registry.npmjs.org/range-parser cache-miss
1098 http fetch GET 200 https://registry.npmjs.org/proxy-addr 87ms (cache miss)
1099 silly packumentCache full:https://registry.npmjs.org/proxy-addr set size:undefined disposed:false
1100 silly fetch manifest serve-static@^2.2.0
1101 silly packumentCache full:https://registry.npmjs.org/serve-static cache-miss
1102 http fetch GET 200 https://registry.npmjs.org/escape-html 76ms (cache miss)
1103 silly packumentCache full:https://registry.npmjs.org/escape-html set size:undefined disposed:false
1104 silly fetch manifest cookie-signature@^1.2.1
1105 silly packumentCache full:https://registry.npmjs.org/cookie-signature cache-miss
1106 http fetch GET 200 https://registry.npmjs.org/body-parser 96ms (cache miss)
1107 silly packumentCache full:https://registry.npmjs.org/body-parser set size:undefined disposed:false
1108 silly fetch manifest merge-descriptors@^2.0.0
1109 silly packumentCache full:https://registry.npmjs.org/merge-descriptors cache-miss
1110 http fetch GET 200 https://registry.npmjs.org/on-finished 84ms (cache miss)
1111 silly packumentCache full:https://registry.npmjs.org/on-finished set size:undefined disposed:false
1112 silly fetch manifest content-disposition@^1.0.0
1113 silly packumentCache full:https://registry.npmjs.org/content-disposition cache-miss
1114 http fetch GET 200 https://registry.npmjs.org/http-errors 94ms (cache miss)
1115 silly packumentCache full:https://registry.npmjs.org/http-errors set size:undefined disposed:false
1116 silly fetch manifest bytes@~3.1.2
1117 silly packumentCache full:https://registry.npmjs.org/bytes cache-miss
1118 http fetch GET 200 https://registry.npmjs.org/finalhandler 89ms (cache miss)
1119 silly packumentCache full:https://registry.npmjs.org/finalhandler set size:undefined disposed:false
1120 silly fetch manifest unpipe@~1.0.0
1121 silly packumentCache full:https://registry.npmjs.org/unpipe cache-miss
1122 http fetch GET 200 https://registry.npmjs.org/cookie-signature 51ms (cache miss)
1123 silly packumentCache full:https://registry.npmjs.org/cookie-signature set size:undefined disposed:false
1124 silly fetch manifest iconv-lite@~0.7.0
1125 silly packumentCache full:https://registry.npmjs.org/iconv-lite cache-miss
1126 http fetch GET 200 https://registry.npmjs.org/range-parser 119ms (cache miss)
1127 silly packumentCache full:https://registry.npmjs.org/range-parser set size:undefined disposed:false
1128 silly fetch manifest http-errors@~2.0.1
1129 silly packumentCache full:https://registry.npmjs.org/http-errors cache-miss
1130 http fetch GET 200 https://registry.npmjs.org/content-disposition 136ms (cache miss)
1131 silly packumentCache full:https://registry.npmjs.org/content-disposition set size:undefined disposed:false
1132 http fetch GET 200 https://registry.npmjs.org/merge-descriptors 145ms (cache miss)
1133 silly packumentCache full:https://registry.npmjs.org/merge-descriptors set size:undefined disposed:false
1134 http fetch GET 200 https://registry.npmjs.org/unpipe 125ms (cache miss)
1135 silly packumentCache full:https://registry.npmjs.org/unpipe set size:undefined disposed:false
1136 http fetch GET 200 https://registry.npmjs.org/bytes 161ms (cache miss)
1137 silly packumentCache full:https://registry.npmjs.org/bytes set size:undefined disposed:false
1138 http cache https://registry.npmjs.org/http-errors 86ms (cache hit)
1139 silly packumentCache full:https://registry.npmjs.org/http-errors set size:71987 disposed:false
1140 http fetch GET 200 https://registry.npmjs.org/iconv-lite 144ms (cache miss)
1141 silly packumentCache full:https://registry.npmjs.org/iconv-lite set size:undefined disposed:false
1142 http fetch GET 200 https://registry.npmjs.org/serve-static 217ms (cache miss)
1143 silly packumentCache full:https://registry.npmjs.org/serve-static set size:undefined disposed:false
1144 silly placeDep ROOT fast-deep-equal@3.1.3 OK for: ajv@8.17.1 want: ^3.1.3
1145 silly placeDep ROOT fast-uri@3.1.0 OK for: ajv@8.17.1 want: ^3.0.1
1146 silly placeDep ROOT json-schema-traverse@1.0.0 OK for: ajv@8.17.1 want: ^1.0.0
1147 silly placeDep ROOT require-from-string@2.0.2 OK for: ajv@8.17.1 want: ^2.0.2
1148 silly fetch manifest browserslist@>= 4.21.0
1149 silly packumentCache full:https://registry.npmjs.org/browserslist cache-miss
1150 http cache https://registry.npmjs.org/browserslist 9ms (cache hit)
1151 silly packumentCache full:https://registry.npmjs.org/browserslist set size:502989 disposed:false
1152 silly placeDep ROOT baseline-browser-mapping@2.9.11 OK for: browserslist@4.28.1 want: ^2.9.0
1153 silly placeDep ROOT caniuse-lite@1.0.30001762 OK for: browserslist@4.28.1 want: ^1.0.30001759
1154 silly placeDep ROOT electron-to-chromium@1.5.267 OK for: browserslist@4.28.1 want: ^1.5.263
1155 silly placeDep ROOT node-releases@2.0.27 OK for: browserslist@4.28.1 want: ^2.0.27
1156 silly placeDep ROOT update-browserslist-db@1.2.3 OK for: browserslist@4.28.1 want: ^1.2.0
1157 silly fetch manifest escalade@^3.2.0
1158 silly packumentCache full:https://registry.npmjs.org/escalade cache-miss
1159 http fetch GET 200 https://registry.npmjs.org/escalade 53ms (cache miss)
1160 silly packumentCache full:https://registry.npmjs.org/escalade set size:undefined disposed:false
1161 silly placeDep ROOT object-assign@4.1.1 OK for: cors@2.8.5 want: ^4
1162 silly placeDep ROOT vary@1.1.2 OK for: cors@2.8.5 want: ^1
1163 silly placeDep ROOT env-paths@2.2.1 OK for: cosmiconfig@9.0.0 want: ^2.2.1
1164 silly placeDep ROOT import-fresh@3.3.1 OK for: cosmiconfig@9.0.0 want: ^3.3.0
1165 silly placeDep ROOT js-yaml@4.1.1 OK for: cosmiconfig@9.0.0 want: ^4.1.0
1166 silly placeDep ROOT parse-json@5.2.0 OK for: cosmiconfig@9.0.0 want: ^5.2.0
1167 silly fetch manifest parent-module@^1.0.0
1168 silly packumentCache full:https://registry.npmjs.org/parent-module cache-miss
1169 silly fetch manifest resolve-from@^4.0.0
1170 silly packumentCache full:https://registry.npmjs.org/resolve-from cache-miss
1171 silly fetch manifest argparse@^2.0.1
1172 silly packumentCache full:https://registry.npmjs.org/argparse cache-miss
1173 silly fetch manifest error-ex@^1.3.1
1174 silly packumentCache full:https://registry.npmjs.org/error-ex cache-miss
1175 silly fetch manifest lines-and-columns@^1.1.6
1176 silly packumentCache full:https://registry.npmjs.org/lines-and-columns cache-miss
1177 silly fetch manifest json-parse-even-better-errors@^2.3.0
1178 silly packumentCache full:https://registry.npmjs.org/json-parse-even-better-errors cache-miss
1179 http fetch GET 200 https://registry.npmjs.org/resolve-from 66ms (cache miss)
1180 silly packumentCache full:https://registry.npmjs.org/resolve-from set size:undefined disposed:false
1181 http fetch GET 200 https://registry.npmjs.org/lines-and-columns 69ms (cache miss)
1182 silly packumentCache full:https://registry.npmjs.org/lines-and-columns set size:undefined disposed:false
1183 http fetch GET 200 https://registry.npmjs.org/argparse 80ms (cache miss)
1184 silly packumentCache full:https://registry.npmjs.org/argparse set size:undefined disposed:false
1185 http fetch GET 200 https://registry.npmjs.org/json-parse-even-better-errors 89ms (cache miss)
1186 silly packumentCache full:https://registry.npmjs.org/json-parse-even-better-errors set size:undefined disposed:false
1187 http fetch GET 200 https://registry.npmjs.org/parent-module 93ms (cache miss)
1188 silly packumentCache full:https://registry.npmjs.org/parent-module set size:undefined disposed:false
1189 http fetch GET 200 https://registry.npmjs.org/error-ex 94ms (cache miss)
1190 silly packumentCache full:https://registry.npmjs.org/error-ex set size:undefined disposed:false
1191 silly placeDep ROOT path-key@3.1.1 OK for: cross-spawn@7.0.6 want: ^3.1.0
1192 silly placeDep ROOT shebang-command@2.0.0 OK for: cross-spawn@7.0.6 want: ^2.0.0
1193 silly placeDep node_modules/cross-spawn which@2.0.2 OK for: cross-spawn@7.0.6 want: ^2.0.1
1194 silly fetch manifest shebang-regex@^3.0.0
1195 silly packumentCache full:https://registry.npmjs.org/shebang-regex cache-miss
1196 silly fetch manifest isexe@^2.0.0
1197 silly packumentCache full:https://registry.npmjs.org/isexe cache-miss
1198 http cache https://registry.npmjs.org/isexe 10ms (cache hit)
1199 silly packumentCache full:https://registry.npmjs.org/isexe set size:19340 disposed:false
1200 http fetch GET 200 https://registry.npmjs.org/shebang-regex 65ms (cache miss)
1201 silly packumentCache full:https://registry.npmjs.org/shebang-regex set size:undefined disposed:false
1202 silly placeDep ROOT ms@2.1.3 OK for: debug@4.4.3 want: ^2.1.3
1203 silly placeDep ROOT @ecies/ciphers@0.2.5 OK for: eciesjs@0.4.16 want: ^0.2.4
1204 silly placeDep ROOT @noble/ciphers@1.3.0 OK for: @ecies/ciphers@0.2.5 want: ^1.0.0
1205 silly placeDep ROOT @noble/curves@1.9.7 OK for: eciesjs@0.4.16 want: ^1.9.7
1206 silly placeDep ROOT @noble/hashes@1.8.0 OK for: eciesjs@0.4.16 want: ^1.8.0
1207 silly fetch manifest @noble/hashes@1.8.0
1208 silly packumentCache full:https://registry.npmjs.org/@noble%2fhashes cache-miss
1209 http cache https://registry.npmjs.org/@noble%2fhashes 5ms (cache hit)
1210 silly packumentCache full:https://registry.npmjs.org/@noble%2fhashes set size:214622 disposed:false
1211 silly placeDep ROOT @sindresorhus/merge-streams@4.0.0 OK for: execa@9.6.1 want: ^4.0.0
1212 silly placeDep ROOT figures@6.1.0 OK for: execa@9.6.1 want: ^6.1.0
1213 silly placeDep ROOT get-stream@9.0.1 OK for: execa@9.6.1 want: ^9.0.0
1214 silly placeDep ROOT human-signals@8.0.1 OK for: execa@9.6.1 want: ^8.0.1
1215 silly placeDep ROOT is-plain-obj@4.1.0 OK for: execa@9.6.1 want: ^4.1.0
1216 silly placeDep ROOT is-stream@4.0.1 OK for: execa@9.6.1 want: ^4.0.1
1217 silly placeDep ROOT npm-run-path@6.0.0 OK for: execa@9.6.1 want: ^6.0.0
1218 silly placeDep ROOT pretty-ms@9.3.0 OK for: execa@9.6.1 want: ^9.2.0
1219 silly placeDep ROOT signal-exit@4.1.0 OK for: execa@9.6.1 want: ^4.1.0
1220 silly placeDep ROOT strip-final-newline@4.0.0 OK for: execa@9.6.1 want: ^4.0.0
1221 silly placeDep ROOT yoctocolors@2.1.2 OK for: execa@9.6.1 want: ^2.1.1
1222 silly fetch manifest @sec-ant/readable-stream@^0.4.1
1223 silly packumentCache full:https://registry.npmjs.org/@sec-ant%2freadable-stream cache-miss
1224 silly fetch manifest path-key@^4.0.0
1225 silly packumentCache full:https://registry.npmjs.org/path-key cache-miss
1226 silly fetch manifest unicorn-magic@^0.3.0
1227 silly packumentCache full:https://registry.npmjs.org/unicorn-magic cache-miss
1228 silly fetch manifest parse-ms@^4.0.0
1229 silly packumentCache full:https://registry.npmjs.org/parse-ms cache-miss
1230 http cache https://registry.npmjs.org/path-key 17ms (cache hit)
1231 silly packumentCache full:https://registry.npmjs.org/path-key set size:16975 disposed:false
1232 http fetch GET 200 https://registry.npmjs.org/unicorn-magic 51ms (cache miss)
1233 silly packumentCache full:https://registry.npmjs.org/unicorn-magic set size:undefined disposed:false
1234 http fetch GET 200 https://registry.npmjs.org/parse-ms 61ms (cache miss)
1235 silly packumentCache full:https://registry.npmjs.org/parse-ms set size:undefined disposed:false
1236 http fetch GET 200 https://registry.npmjs.org/@sec-ant%2freadable-stream 65ms (cache miss)
1237 silly packumentCache full:https://registry.npmjs.org/@sec-ant%2freadable-stream set size:undefined disposed:false
1238 silly placeDep ROOT accepts@2.0.0 OK for: express@5.2.1 want: ^2.0.0
1239 silly placeDep ROOT body-parser@2.2.1 OK for: express@5.2.1 want: ^2.2.1
1240 silly placeDep ROOT content-disposition@1.0.1 OK for: express@5.2.1 want: ^1.0.0
1241 silly placeDep ROOT cookie@0.7.2 OK for: express@5.2.1 want: ^0.7.1
1242 silly placeDep ROOT cookie-signature@1.2.2 OK for: express@5.2.1 want: ^1.2.1
1243 silly placeDep ROOT depd@2.0.0 OK for: express@5.2.1 want: ^2.0.0
1244 silly placeDep ROOT encodeurl@2.0.0 OK for: express@5.2.1 want: ^2.0.0
1245 silly placeDep ROOT escape-html@1.0.3 OK for: express@5.2.1 want: ^1.0.3
1246 silly placeDep ROOT etag@1.8.1 OK for: express@5.2.1 want: ^1.8.1
1247 silly placeDep ROOT finalhandler@2.1.1 OK for: express@5.2.1 want: ^2.1.0
1248 silly placeDep ROOT fresh@2.0.0 OK for: express@5.2.1 want: ^2.0.0
1249 silly placeDep ROOT http-errors@2.0.1 OK for: express@5.2.1 want: ^2.0.0
1250 silly placeDep ROOT merge-descriptors@2.0.0 OK for: express@5.2.1 want: ^2.0.0
1251 silly placeDep ROOT mime-types@3.0.2 OK for: express@5.2.1 want: ^3.0.0
1252 silly placeDep ROOT on-finished@2.4.1 OK for: express@5.2.1 want: ^2.4.1
1253 silly placeDep ROOT once@1.4.0 OK for: express@5.2.1 want: ^1.4.0
1254 silly placeDep ROOT parseurl@1.3.3 OK for: express@5.2.1 want: ^1.3.3
1255 silly placeDep ROOT proxy-addr@2.0.7 OK for: express@5.2.1 want: ^2.0.7
1256 silly placeDep ROOT qs@6.14.1 OK for: express@5.2.1 want: ^6.14.0
1257 silly placeDep ROOT range-parser@1.2.1 OK for: express@5.2.1 want: ^1.2.1
1258 silly placeDep ROOT router@2.2.0 OK for: express@5.2.1 want: ^2.2.0
1259 silly placeDep ROOT send@1.2.1 OK for: express@5.2.1 want: ^1.1.0
1260 silly placeDep ROOT serve-static@2.2.1 OK for: express@5.2.1 want: ^2.2.0
1261 silly placeDep ROOT statuses@2.0.2 OK for: express@5.2.1 want: ^2.0.1
1262 silly placeDep ROOT type-is@2.0.1 OK for: express@5.2.1 want: ^2.0.1
1263 silly fetch manifest negotiator@^1.0.0
1264 silly packumentCache full:https://registry.npmjs.org/negotiator cache-miss
1265 silly fetch manifest bytes@^3.1.2
1266 silly packumentCache full:https://registry.npmjs.org/bytes cache-miss
1267 silly fetch manifest iconv-lite@^0.7.0
1268 silly packumentCache full:https://registry.npmjs.org/iconv-lite cache-miss
1269 silly fetch manifest inherits@~2.0.4
1270 silly packumentCache full:https://registry.npmjs.org/inherits cache-miss
1271 silly fetch manifest setprototypeof@~1.2.0
1272 silly packumentCache full:https://registry.npmjs.org/setprototypeof cache-miss
1273 silly fetch manifest statuses@~2.0.2
1274 silly packumentCache full:https://registry.npmjs.org/statuses cache-hit
1275 silly fetch manifest toidentifier@~1.0.1
1276 silly packumentCache full:https://registry.npmjs.org/toidentifier cache-miss
1277 silly fetch manifest mime-db@^1.54.0
1278 silly packumentCache full:https://registry.npmjs.org/mime-db cache-miss
1279 http cache https://registry.npmjs.org/iconv-lite 14ms (cache hit)
1280 silly packumentCache full:https://registry.npmjs.org/iconv-lite set size:121629 disposed:false
1281 silly fetch manifest ee-first@1.1.1
1282 silly packumentCache full:https://registry.npmjs.org/ee-first cache-miss
1283 http cache https://registry.npmjs.org/bytes 18ms (cache hit)
1284 silly packumentCache full:https://registry.npmjs.org/bytes set size:37018 disposed:false
1285 silly fetch manifest wrappy@1
1286 silly packumentCache full:https://registry.npmjs.org/wrappy cache-miss
1287 http fetch GET 200 https://registry.npmjs.org/toidentifier 57ms (cache miss)
1288 silly packumentCache full:https://registry.npmjs.org/toidentifier set size:undefined disposed:false
1289 silly fetch manifest forwarded@0.2.0
1290 silly packumentCache full:https://registry.npmjs.org/forwarded cache-miss
1291 http fetch GET 200 https://registry.npmjs.org/inherits 63ms (cache miss)
1292 silly packumentCache full:https://registry.npmjs.org/inherits set size:undefined disposed:false
1293 silly fetch manifest ipaddr.js@1.9.1
1294 silly packumentCache full:https://registry.npmjs.org/ipaddr.js cache-miss
1295 http fetch GET 200 https://registry.npmjs.org/setprototypeof 76ms (cache miss)
1296 silly packumentCache full:https://registry.npmjs.org/setprototypeof set size:undefined disposed:false
1297 silly fetch manifest side-channel@^1.1.0
1298 silly packumentCache full:https://registry.npmjs.org/side-channel cache-miss
1299 http fetch GET 200 https://registry.npmjs.org/wrappy 62ms (cache miss)
1300 silly packumentCache full:https://registry.npmjs.org/wrappy set size:undefined disposed:false
1301 silly fetch manifest is-promise@^4.0.0
1302 silly packumentCache full:https://registry.npmjs.org/is-promise cache-miss
1303 http fetch GET 200 https://registry.npmjs.org/ee-first 71ms (cache miss)
1304 silly packumentCache full:https://registry.npmjs.org/ee-first set size:undefined disposed:false
1305 silly fetch manifest path-to-regexp@^8.0.0
1306 silly packumentCache full:https://registry.npmjs.org/path-to-regexp cache-miss
1307 http fetch GET 200 https://registry.npmjs.org/mime-db 87ms (cache miss)
1308 silly packumentCache full:https://registry.npmjs.org/mime-db set size:undefined disposed:false
1309 silly fetch manifest media-typer@^1.1.0
1310 silly packumentCache full:https://registry.npmjs.org/media-typer cache-miss
1311 http cache https://registry.npmjs.org/path-to-regexp 14ms (cache hit)
1312 silly packumentCache full:https://registry.npmjs.org/path-to-regexp set size:207142 disposed:false
1313 http fetch GET 200 https://registry.npmjs.org/negotiator 112ms (cache miss)
1314 silly packumentCache full:https://registry.npmjs.org/negotiator set size:undefined disposed:false
1315 http fetch GET 200 https://registry.npmjs.org/forwarded 65ms (cache miss)
1316 silly packumentCache full:https://registry.npmjs.org/forwarded set size:undefined disposed:false
1317 http fetch GET 200 https://registry.npmjs.org/side-channel 49ms (cache miss)
1318 silly packumentCache full:https://registry.npmjs.org/side-channel set size:undefined disposed:false
1319 http fetch GET 200 https://registry.npmjs.org/is-promise 65ms (cache miss)
1320 silly packumentCache full:https://registry.npmjs.org/is-promise set size:undefined disposed:false
1321 http fetch GET 200 https://registry.npmjs.org/ipaddr.js 86ms (cache miss)
1322 silly packumentCache full:https://registry.npmjs.org/ipaddr.js set size:undefined disposed:false
1323 http fetch GET 200 https://registry.npmjs.org/media-typer 61ms (cache miss)
1324 silly packumentCache full:https://registry.npmjs.org/media-typer set size:undefined disposed:false
1325 silly placeDep ROOT negotiator@1.0.0 OK for: accepts@2.0.0 want: ^1.0.0
1326 silly placeDep ROOT bytes@3.1.2 OK for: body-parser@2.2.1 want: ^3.1.2
1327 silly placeDep ROOT iconv-lite@0.7.1 OK for: body-parser@2.2.1 want: ^0.7.0
1328 silly fetch manifest safer-buffer@>= 2.1.2 < 3.0.0
1329 silly packumentCache full:https://registry.npmjs.org/safer-buffer cache-miss
1330 http fetch GET 200 https://registry.npmjs.org/safer-buffer 56ms (cache miss)
1331 silly packumentCache full:https://registry.npmjs.org/safer-buffer set size:undefined disposed:false
1332 silly placeDep ROOT @nodelib/fs.stat@2.0.5 OK for: fast-glob@3.3.3 want: ^2.0.2
1333 silly placeDep ROOT @nodelib/fs.walk@1.2.8 OK for: fast-glob@3.3.3 want: ^1.2.3
1334 silly placeDep ROOT glob-parent@5.1.2 OK for: fast-glob@3.3.3 want: ^5.1.2
1335 silly placeDep ROOT merge2@1.4.1 OK for: fast-glob@3.3.3 want: ^1.3.0
1336 silly placeDep ROOT micromatch@4.0.8 OK for: fast-glob@3.3.3 want: ^4.0.8
1337 silly fetch manifest fastq@^1.6.0
1338 silly packumentCache full:https://registry.npmjs.org/fastq cache-miss
1339 silly fetch manifest @nodelib/fs.scandir@2.1.5
1340 silly packumentCache full:https://registry.npmjs.org/@nodelib%2ffs.scandir cache-miss
1341 silly fetch manifest is-glob@^4.0.1
1342 silly packumentCache full:https://registry.npmjs.org/is-glob cache-miss
1343 silly fetch manifest braces@^3.0.3
1344 silly packumentCache full:https://registry.npmjs.org/braces cache-miss
1345 silly fetch manifest picomatch@^2.3.1
1346 silly packumentCache full:https://registry.npmjs.org/picomatch cache-miss
1347 http cache https://registry.npmjs.org/picomatch 12ms (cache hit)
1348 silly packumentCache full:https://registry.npmjs.org/picomatch set size:118818 disposed:false
1349 http fetch GET 200 https://registry.npmjs.org/fastq 69ms (cache miss)
1350 silly packumentCache full:https://registry.npmjs.org/fastq set size:undefined disposed:false
1351 http fetch GET 200 https://registry.npmjs.org/is-glob 70ms (cache miss)
1352 silly packumentCache full:https://registry.npmjs.org/is-glob set size:undefined disposed:false
1353 http fetch GET 200 https://registry.npmjs.org/braces 76ms (cache miss)
1354 silly packumentCache full:https://registry.npmjs.org/braces set size:undefined disposed:false
1355 http fetch GET 200 https://registry.npmjs.org/@nodelib%2ffs.scandir 86ms (cache miss)
1356 silly packumentCache full:https://registry.npmjs.org/@nodelib%2ffs.scandir set size:undefined disposed:false
1357 silly placeDep ROOT @nodelib/fs.scandir@2.1.5 OK for: @nodelib/fs.walk@1.2.8 want: 2.1.5
1358 silly placeDep ROOT fastq@1.20.1 OK for: @nodelib/fs.walk@1.2.8 want: ^1.6.0
1359 silly fetch manifest run-parallel@^1.1.9
1360 silly packumentCache full:https://registry.npmjs.org/run-parallel cache-miss
1361 silly fetch manifest reusify@^1.0.4
1362 silly packumentCache full:https://registry.npmjs.org/reusify cache-miss
1363 http fetch GET 200 https://registry.npmjs.org/reusify 56ms (cache miss)
1364 silly packumentCache full:https://registry.npmjs.org/reusify set size:undefined disposed:false
1365 http fetch GET 200 https://registry.npmjs.org/run-parallel 58ms (cache miss)
1366 silly packumentCache full:https://registry.npmjs.org/run-parallel set size:undefined disposed:false
1367 silly placeDep ROOT run-parallel@1.2.0 OK for: @nodelib/fs.scandir@2.1.5 want: ^1.1.9
1368 silly fetch manifest queue-microtask@^1.2.2
1369 silly packumentCache full:https://registry.npmjs.org/queue-microtask cache-miss
1370 http fetch GET 200 https://registry.npmjs.org/queue-microtask 71ms (cache miss)
1371 silly packumentCache full:https://registry.npmjs.org/queue-microtask set size:undefined disposed:false
1372 silly placeDep ROOT reusify@1.1.0 OK for: fastq@1.20.1 want: ^1.0.4
1373 silly placeDep ROOT is-unicode-supported@2.1.0 OK for: figures@6.1.0 want: ^2.0.0
1374 silly placeDep ROOT graceful-fs@4.2.11 OK for: fs-extra@11.3.3 want: ^4.2.0
1375 silly placeDep ROOT jsonfile@6.2.0 OK for: fs-extra@11.3.3 want: ^6.0.1
1376 silly placeDep ROOT universalify@2.0.1 OK for: fs-extra@11.3.3 want: ^2.0.0
1377 silly placeDep ROOT @sec-ant/readable-stream@0.4.1 OK for: get-stream@9.0.1 want: ^0.4.1
1378 silly placeDep ROOT is-glob@4.0.3 OK for: glob-parent@5.1.2 want: ^4.0.1
1379 silly fetch manifest is-extglob@^2.1.1
1380 silly packumentCache full:https://registry.npmjs.org/is-extglob cache-miss
1381 http fetch GET 200 https://registry.npmjs.org/is-extglob 48ms (cache miss)
1382 silly packumentCache full:https://registry.npmjs.org/is-extglob set size:undefined disposed:false
1383 silly placeDep ROOT inherits@2.0.4 OK for: http-errors@2.0.1 want: ~2.0.4
1384 silly placeDep ROOT setprototypeof@1.2.0 OK for: http-errors@2.0.1 want: ~1.2.0
1385 silly placeDep ROOT toidentifier@1.0.1 OK for: http-errors@2.0.1 want: ~1.0.1
1386 silly placeDep ROOT agent-base@7.1.4 OK for: https-proxy-agent@7.0.6 want: ^7.1.2
1387 silly placeDep ROOT safer-buffer@2.1.2 OK for: iconv-lite@0.7.1 want: >= 2.1.2 < 3.0.0
1388 silly placeDep ROOT parent-module@1.0.1 OK for: import-fresh@3.3.1 want: ^1.0.0
1389 silly placeDep ROOT resolve-from@4.0.0 OK for: import-fresh@3.3.1 want: ^4.0.0
1390 silly fetch manifest callsites@^3.0.0
1391 silly packumentCache full:https://registry.npmjs.org/callsites cache-miss
1392 http fetch GET 200 https://registry.npmjs.org/callsites 48ms (cache miss)
1393 silly packumentCache full:https://registry.npmjs.org/callsites set size:undefined disposed:false
1394 silly placeDep ROOT is-extglob@2.1.1 OK for: is-glob@4.0.3 want: ^2.1.1
1395 silly placeDep ROOT argparse@2.0.1 OK for: js-yaml@4.1.1 want: ^2.0.1
1396 silly placeDep ROOT yallist@3.1.1 OK for: lru-cache@5.1.1 want: ^3.0.2
1397 silly placeDep ROOT braces@3.0.3 OK for: micromatch@4.0.8 want: ^3.0.3
1398 silly placeDep node_modules/micromatch picomatch@2.3.1 OK for: micromatch@4.0.8 want: ^2.3.1
1399 silly fetch manifest fill-range@^7.1.1
1400 silly packumentCache full:https://registry.npmjs.org/fill-range cache-miss
1401 http fetch GET 200 https://registry.npmjs.org/fill-range 49ms (cache miss)
1402 silly packumentCache full:https://registry.npmjs.org/fill-range set size:undefined disposed:false
1403 silly placeDep ROOT fill-range@7.1.1 OK for: braces@3.0.3 want: ^7.1.1
1404 silly fetch manifest to-regex-range@^5.0.1
1405 silly packumentCache full:https://registry.npmjs.org/to-regex-range cache-miss
1406 http fetch GET 200 https://registry.npmjs.org/to-regex-range 76ms (cache miss)
1407 silly packumentCache full:https://registry.npmjs.org/to-regex-range set size:undefined disposed:false
1408 silly placeDep ROOT to-regex-range@5.0.1 OK for: fill-range@7.1.1 want: ^5.0.1
1409 silly fetch manifest is-number@^7.0.0
1410 silly packumentCache full:https://registry.npmjs.org/is-number cache-miss
1411 http fetch GET 200 https://registry.npmjs.org/is-number 48ms (cache miss)
1412 silly packumentCache full:https://registry.npmjs.org/is-number set size:undefined disposed:false
1413 silly placeDep ROOT mime-db@1.54.0 OK for: mime-types@3.0.2 want: ^1.54.0
1414 silly fetch manifest @types/node@>=18
1415 silly packumentCache full:https://registry.npmjs.org/@types%2fnode cache-miss
1416 http fetch GET 200 https://registry.npmjs.org/@types%2fnode 531ms (cache miss)
1417 silly packumentCache full:https://registry.npmjs.org/@types%2fnode set size:undefined disposed:false
1418 silly placeDep ROOT @inquirer/confirm@5.1.21 OK for: msw@2.12.7 want: ^5.0.0
1419 silly placeDep ROOT @mswjs/interceptors@0.40.0 OK for: msw@2.12.7 want: ^0.40.0
1420 silly placeDep ROOT @open-draft/deferred-promise@2.2.0 OK for: msw@2.12.7 want: ^2.2.0
1421 silly placeDep ROOT @types/statuses@2.0.6 OK for: msw@2.12.7 want: ^2.0.6
1422 silly placeDep node_modules/msw cookie@1.1.1 OK for: msw@2.12.7 want: ^1.0.2
1423 silly placeDep ROOT graphql@16.12.0 OK for: msw@2.12.7 want: ^16.12.0
1424 silly placeDep ROOT headers-polyfill@4.0.3 OK for: msw@2.12.7 want: ^4.0.2
1425 silly placeDep ROOT is-node-process@1.2.0 OK for: msw@2.12.7 want: ^1.2.0
1426 silly placeDep ROOT outvariant@1.4.3 OK for: msw@2.12.7 want: ^1.4.3
1427 silly placeDep ROOT path-to-regexp@6.3.0 OK for: msw@2.12.7 want: ^6.3.0
1428 silly placeDep ROOT rettime@0.7.0 OK for: msw@2.12.7 want: ^0.7.0
1429 silly placeDep ROOT strict-event-emitter@0.5.1 OK for: msw@2.12.7 want: ^0.5.1
1430 silly placeDep ROOT tough-cookie@6.0.0 OK for: msw@2.12.7 want: ^6.0.0
1431 silly placeDep ROOT type-fest@5.3.1 OK for: msw@2.12.7 want: ^5.2.0
1432 silly placeDep ROOT until-async@3.0.2 OK for: msw@2.12.7 want: ^3.0.2
1433 silly placeDep ROOT yargs@17.7.2 OK for: msw@2.12.7 want: ^17.7.2
1434 silly fetch manifest @inquirer/core@^10.3.2
1435 silly packumentCache full:https://registry.npmjs.org/@inquirer%2fcore cache-miss
1436 silly fetch manifest @inquirer/type@^3.0.10
1437 silly packumentCache full:https://registry.npmjs.org/@inquirer%2ftype cache-miss
1438 silly fetch manifest @open-draft/logger@^0.3.0
1439 silly packumentCache full:https://registry.npmjs.org/@open-draft%2flogger cache-miss
1440 silly fetch manifest @open-draft/until@^2.0.0
1441 silly packumentCache full:https://registry.npmjs.org/@open-draft%2funtil cache-miss
1442 silly fetch manifest tldts@^7.0.5
1443 silly packumentCache full:https://registry.npmjs.org/tldts cache-miss
1444 silly fetch manifest tagged-tag@^1.0.0
1445 silly packumentCache full:https://registry.npmjs.org/tagged-tag cache-miss
1446 silly fetch manifest y18n@^5.0.5
1447 silly packumentCache full:https://registry.npmjs.org/y18n cache-miss
1448 http fetch GET 200 https://registry.npmjs.org/y18n 70ms (cache miss)
1449 silly packumentCache full:https://registry.npmjs.org/y18n set size:undefined disposed:false
1450 silly fetch manifest cliui@^8.0.1
1451 silly packumentCache full:https://registry.npmjs.org/cliui cache-miss
1452 http fetch GET 200 https://registry.npmjs.org/tagged-tag 74ms (cache miss)
1453 silly packumentCache full:https://registry.npmjs.org/tagged-tag set size:undefined disposed:false
1454 silly fetch manifest escalade@^3.1.1
1455 silly packumentCache full:https://registry.npmjs.org/escalade cache-miss
1456 http cache https://registry.npmjs.org/escalade 9ms (cache hit)
1457 silly packumentCache full:https://registry.npmjs.org/escalade set size:33724 disposed:false
1458 silly fetch manifest string-width@^4.2.3
1459 silly packumentCache full:https://registry.npmjs.org/string-width cache-miss
1460 http cache https://registry.npmjs.org/string-width 15ms (cache hit)
1461 silly packumentCache full:https://registry.npmjs.org/string-width set size:64158 disposed:false
1462 silly fetch manifest yargs-parser@^21.1.1
1463 silly packumentCache full:https://registry.npmjs.org/yargs-parser cache-miss
1464 http fetch GET 200 https://registry.npmjs.org/@open-draft%2funtil 110ms (cache miss)
1465 silly packumentCache full:https://registry.npmjs.org/@open-draft%2funtil set size:undefined disposed:false
1466 silly fetch manifest get-caller-file@^2.0.5
1467 silly packumentCache full:https://registry.npmjs.org/get-caller-file cache-miss
1468 http fetch GET 200 https://registry.npmjs.org/@inquirer%2ftype 116ms (cache miss)
1469 silly packumentCache full:https://registry.npmjs.org/@inquirer%2ftype set size:undefined disposed:false
1470 silly fetch manifest require-directory@^2.1.1
1471 silly packumentCache full:https://registry.npmjs.org/require-directory cache-miss
1472 http fetch GET 200 https://registry.npmjs.org/@open-draft%2flogger 140ms (cache miss)
1473 silly packumentCache full:https://registry.npmjs.org/@open-draft%2flogger set size:undefined disposed:false
1474 http fetch GET 200 https://registry.npmjs.org/@inquirer%2fcore 149ms (cache miss)
1475 silly packumentCache full:https://registry.npmjs.org/@inquirer%2fcore set size:undefined disposed:false
1476 http fetch GET 200 https://registry.npmjs.org/get-caller-file 48ms (cache miss)
1477 silly packumentCache full:https://registry.npmjs.org/get-caller-file set size:undefined disposed:false
1478 http fetch GET 200 https://registry.npmjs.org/cliui 88ms (cache miss)
1479 silly packumentCache full:https://registry.npmjs.org/cliui set size:undefined disposed:false
1480 http fetch GET 200 https://registry.npmjs.org/yargs-parser 92ms (cache miss)
1481 silly packumentCache full:https://registry.npmjs.org/yargs-parser set size:undefined disposed:false
1482 http fetch GET 200 https://registry.npmjs.org/require-directory 85ms (cache miss)
1483 silly packumentCache full:https://registry.npmjs.org/require-directory set size:undefined disposed:false
1484 http fetch GET 200 https://registry.npmjs.org/tldts 628ms (cache miss)
1485 silly packumentCache full:https://registry.npmjs.org/tldts set size:undefined disposed:false
1486 silly placeDep ROOT @inquirer/core@10.3.2 OK for: @inquirer/confirm@5.1.21 want: ^10.3.2
1487 silly placeDep ROOT @inquirer/type@3.0.10 OK for: @inquirer/confirm@5.1.21 want: ^3.0.10
1488 silly fetch manifest cli-width@^4.1.0
1489 silly packumentCache full:https://registry.npmjs.org/cli-width cache-miss
1490 silly fetch manifest wrap-ansi@^6.2.0
1491 silly packumentCache full:https://registry.npmjs.org/wrap-ansi cache-miss
1492 silly fetch manifest mute-stream@^2.0.0
1493 silly packumentCache full:https://registry.npmjs.org/mute-stream cache-miss
1494 silly fetch manifest @inquirer/ansi@^1.0.2
1495 silly packumentCache full:https://registry.npmjs.org/@inquirer%2fansi cache-miss
1496 silly fetch manifest yoctocolors-cjs@^2.1.3
1497 silly packumentCache full:https://registry.npmjs.org/yoctocolors-cjs cache-miss
1498 silly fetch manifest @inquirer/figures@^1.0.15
1499 silly packumentCache full:https://registry.npmjs.org/@inquirer%2ffigures cache-miss
1500 http fetch GET 200 https://registry.npmjs.org/@inquirer%2fansi 154ms (cache miss)
1501 silly packumentCache full:https://registry.npmjs.org/@inquirer%2fansi set size:undefined disposed:false
1502 http fetch GET 200 https://registry.npmjs.org/mute-stream 157ms (cache miss)
1503 silly packumentCache full:https://registry.npmjs.org/mute-stream set size:undefined disposed:false
1504 http fetch GET 200 https://registry.npmjs.org/yoctocolors-cjs 159ms (cache miss)
1505 silly packumentCache full:https://registry.npmjs.org/yoctocolors-cjs set size:undefined disposed:false
1506 http fetch GET 200 https://registry.npmjs.org/cli-width 164ms (cache miss)
1507 silly packumentCache full:https://registry.npmjs.org/cli-width set size:undefined disposed:false
1508 http fetch GET 200 https://registry.npmjs.org/wrap-ansi 171ms (cache miss)
1509 silly packumentCache full:https://registry.npmjs.org/wrap-ansi set size:undefined disposed:false
1510 http fetch GET 200 https://registry.npmjs.org/@inquirer%2ffigures 174ms (cache miss)
1511 silly packumentCache full:https://registry.npmjs.org/@inquirer%2ffigures set size:undefined disposed:false
1512 silly placeDep ROOT @inquirer/ansi@1.0.2 OK for: @inquirer/core@10.3.2 want: ^1.0.2
1513 silly placeDep ROOT @inquirer/figures@1.0.15 OK for: @inquirer/core@10.3.2 want: ^1.0.15
1514 silly placeDep ROOT cli-width@4.1.0 OK for: @inquirer/core@10.3.2 want: ^4.1.0
1515 silly placeDep ROOT mute-stream@2.0.0 OK for: @inquirer/core@10.3.2 want: ^2.0.0
1516 silly placeDep ROOT wrap-ansi@6.2.0 OK for: @inquirer/core@10.3.2 want: ^6.2.0
1517 silly placeDep ROOT yoctocolors-cjs@2.1.3 OK for: @inquirer/core@10.3.2 want: ^2.1.3
1518 silly fetch manifest strip-ansi@^6.0.0
1519 silly packumentCache full:https://registry.npmjs.org/strip-ansi cache-miss
1520 silly fetch manifest ansi-styles@^4.0.0
1521 silly packumentCache full:https://registry.npmjs.org/ansi-styles cache-miss
1522 silly fetch manifest string-width@^4.1.0
1523 silly packumentCache full:https://registry.npmjs.org/string-width cache-hit
1524 http cache https://registry.npmjs.org/strip-ansi 16ms (cache hit)
1525 silly packumentCache full:https://registry.npmjs.org/strip-ansi set size:41855 disposed:false
1526 http fetch GET 200 https://registry.npmjs.org/ansi-styles 71ms (cache miss)
1527 silly packumentCache full:https://registry.npmjs.org/ansi-styles set size:undefined disposed:false
1528 silly placeDep ROOT @open-draft/logger@0.3.0 OK for: @mswjs/interceptors@0.40.0 want: ^0.3.0
1529 silly placeDep ROOT @open-draft/until@2.1.0 OK for: @mswjs/interceptors@0.40.0 want: ^2.0.0
1530 silly placeDep ROOT data-uri-to-buffer@4.0.1 OK for: node-fetch@3.3.2 want: ^4.0.0
1531 silly placeDep ROOT fetch-blob@3.2.0 OK for: node-fetch@3.3.2 want: ^3.1.4
1532 silly placeDep ROOT formdata-polyfill@4.0.10 OK for: node-fetch@3.3.2 want: ^4.0.10
1533 silly fetch manifest node-domexception@^1.0.0
1534 silly packumentCache full:https://registry.npmjs.org/node-domexception cache-miss
1535 silly fetch manifest web-streams-polyfill@^3.0.3
1536 silly packumentCache full:https://registry.npmjs.org/web-streams-polyfill cache-miss
1537 http fetch GET 200 https://registry.npmjs.org/node-domexception 47ms (cache miss)
1538 silly packumentCache full:https://registry.npmjs.org/node-domexception set size:undefined disposed:false
1539 http fetch GET 200 https://registry.npmjs.org/web-streams-polyfill 70ms (cache miss)
1540 silly packumentCache full:https://registry.npmjs.org/web-streams-polyfill set size:undefined disposed:false
1541 silly placeDep ROOT node-domexception@1.0.0 OK for: fetch-blob@3.2.0 want: ^1.0.0
1542 silly placeDep ROOT web-streams-polyfill@3.3.3 OK for: fetch-blob@3.2.0 want: ^3.0.3
1543 silly placeDep node_modules/npm-run-path path-key@4.0.0 OK for: npm-run-path@6.0.0 want: ^4.0.0
1544 silly placeDep ROOT unicorn-magic@0.3.0 OK for: npm-run-path@6.0.0 want: ^0.3.0
1545 silly placeDep ROOT ee-first@1.1.1 OK for: on-finished@2.4.1 want: 1.1.1
1546 silly placeDep ROOT wrappy@1.0.2 OK for: once@1.4.0 want: 1
1547 silly placeDep ROOT default-browser@5.4.0 OK for: open@11.0.0 want: ^5.4.0
1548 silly placeDep ROOT define-lazy-prop@3.0.0 OK for: open@11.0.0 want: ^3.0.0
1549 silly placeDep ROOT is-in-ssh@1.0.0 OK for: open@11.0.0 want: ^1.0.0
1550 silly placeDep ROOT is-inside-container@1.0.0 OK for: open@11.0.0 want: ^1.0.0
1551 silly placeDep ROOT powershell-utils@0.1.0 OK for: open@11.0.0 want: ^0.1.0
1552 silly placeDep ROOT wsl-utils@0.3.1 OK for: open@11.0.0 want: ^0.3.0
1553 silly fetch manifest bundle-name@^4.1.0
1554 silly packumentCache full:https://registry.npmjs.org/bundle-name cache-miss
1555 silly fetch manifest default-browser-id@^5.0.0
1556 silly packumentCache full:https://registry.npmjs.org/default-browser-id cache-miss
1557 silly fetch manifest is-docker@^3.0.0
1558 silly packumentCache full:https://registry.npmjs.org/is-docker cache-miss
1559 silly fetch manifest is-wsl@^3.1.0
1560 silly packumentCache full:https://registry.npmjs.org/is-wsl cache-miss
1561 http fetch GET 200 https://registry.npmjs.org/bundle-name 58ms (cache miss)
1562 silly packumentCache full:https://registry.npmjs.org/bundle-name set size:undefined disposed:false
1563 http fetch GET 200 https://registry.npmjs.org/is-docker 66ms (cache miss)
1564 silly packumentCache full:https://registry.npmjs.org/is-docker set size:undefined disposed:false
1565 http fetch GET 200 https://registry.npmjs.org/is-wsl 68ms (cache miss)
1566 silly packumentCache full:https://registry.npmjs.org/is-wsl set size:undefined disposed:false
1567 http fetch GET 200 https://registry.npmjs.org/default-browser-id 72ms (cache miss)
1568 silly packumentCache full:https://registry.npmjs.org/default-browser-id set size:undefined disposed:false
1569 silly placeDep ROOT bundle-name@4.1.0 OK for: default-browser@5.4.0 want: ^4.1.0
1570 silly placeDep ROOT default-browser-id@5.0.1 OK for: default-browser@5.4.0 want: ^5.0.0
1571 silly fetch manifest run-applescript@^7.0.0
1572 silly packumentCache full:https://registry.npmjs.org/run-applescript cache-miss
1573 http fetch GET 200 https://registry.npmjs.org/run-applescript 57ms (cache miss)
1574 silly packumentCache full:https://registry.npmjs.org/run-applescript set size:undefined disposed:false
1575 silly placeDep ROOT run-applescript@7.1.0 OK for: bundle-name@4.1.0 want: ^7.0.0
1576 silly placeDep ROOT is-docker@3.0.0 OK for: is-inside-container@1.0.0 want: ^3.0.0
1577 silly placeDep ROOT chalk@5.6.2 OK for: ora@8.2.0 want: ^5.3.0
1578 silly placeDep ROOT cli-cursor@5.0.0 OK for: ora@8.2.0 want: ^5.0.0
1579 silly placeDep ROOT cli-spinners@2.9.2 OK for: ora@8.2.0 want: ^2.9.2
1580 silly placeDep ROOT is-interactive@2.0.0 OK for: ora@8.2.0 want: ^2.0.0
1581 silly placeDep ROOT log-symbols@6.0.0 OK for: ora@8.2.0 want: ^6.0.0
1582 silly placeDep ROOT stdin-discarder@0.2.2 OK for: ora@8.2.0 want: ^0.2.2
1583 silly placeDep ROOT string-width@7.2.0 OK for: ora@8.2.0 want: ^7.2.0
1584 silly placeDep ROOT strip-ansi@7.1.2 OK for: ora@8.2.0 want: ^7.1.0
1585 silly fetch manifest restore-cursor@^5.0.0
1586 silly packumentCache full:https://registry.npmjs.org/restore-cursor cache-miss
1587 silly fetch manifest is-unicode-supported@^1.3.0
1588 silly packumentCache full:https://registry.npmjs.org/is-unicode-supported cache-miss
1589 silly fetch manifest emoji-regex@^10.3.0
1590 silly packumentCache full:https://registry.npmjs.org/emoji-regex cache-miss
1591 silly fetch manifest get-east-asian-width@^1.0.0
1592 silly packumentCache full:https://registry.npmjs.org/get-east-asian-width cache-miss
1593 silly fetch manifest ansi-regex@^6.0.1
1594 silly packumentCache full:https://registry.npmjs.org/ansi-regex cache-miss
1595 http cache https://registry.npmjs.org/is-unicode-supported 35ms (cache hit)
1596 silly packumentCache full:https://registry.npmjs.org/is-unicode-supported set size:19461 disposed:false
1597 http fetch GET 200 https://registry.npmjs.org/get-east-asian-width 79ms (cache miss)
1598 silly packumentCache full:https://registry.npmjs.org/get-east-asian-width set size:undefined disposed:false
1599 http fetch GET 200 https://registry.npmjs.org/restore-cursor 84ms (cache miss)
1600 silly packumentCache full:https://registry.npmjs.org/restore-cursor set size:undefined disposed:false
1601 http fetch GET 200 https://registry.npmjs.org/emoji-regex 102ms (cache miss)
1602 silly packumentCache full:https://registry.npmjs.org/emoji-regex set size:undefined disposed:false
1603 http fetch GET 200 https://registry.npmjs.org/ansi-regex 103ms (cache miss)
1604 silly packumentCache full:https://registry.npmjs.org/ansi-regex set size:undefined disposed:false
1605 silly placeDep ROOT restore-cursor@5.1.0 OK for: cli-cursor@5.0.0 want: ^5.0.0
1606 silly fetch manifest onetime@^7.0.0
1607 silly packumentCache full:https://registry.npmjs.org/onetime cache-miss
1608 http cache https://registry.npmjs.org/onetime 10ms (cache hit)
1609 silly packumentCache full:https://registry.npmjs.org/onetime set size:30525 disposed:false
1610 silly placeDep node_modules/log-symbols is-unicode-supported@1.3.0 OK for: log-symbols@6.0.0 want: ^1.3.0
1611 silly placeDep ROOT callsites@3.1.0 OK for: parent-module@1.0.1 want: ^3.0.0
1612 silly placeDep ROOT error-ex@1.3.4 OK for: parse-json@5.2.0 want: ^1.3.1
1613 silly placeDep ROOT json-parse-even-better-errors@2.3.1 OK for: parse-json@5.2.0 want: ^2.3.0
1614 silly placeDep ROOT lines-and-columns@1.2.4 OK for: parse-json@5.2.0 want: ^1.1.6
1615 silly fetch manifest is-arrayish@^0.2.1
1616 silly packumentCache full:https://registry.npmjs.org/is-arrayish cache-miss
1617 http fetch GET 200 https://registry.npmjs.org/is-arrayish 72ms (cache miss)
1618 silly packumentCache full:https://registry.npmjs.org/is-arrayish set size:undefined disposed:false
1619 silly placeDep ROOT is-arrayish@0.2.1 OK for: error-ex@1.3.4 want: ^0.2.1
1620 silly placeDep ROOT nanoid@3.3.11 OK for: postcss@8.5.6 want: ^3.3.11
1621 silly placeDep ROOT source-map-js@1.2.1 OK for: postcss@8.5.6 want: ^1.2.1
1622 silly placeDep ROOT cssesc@3.0.0 OK for: postcss-selector-parser@7.1.1 want: ^3.0.0
1623 silly placeDep ROOT util-deprecate@1.0.2 OK for: postcss-selector-parser@7.1.1 want: ^1.0.2
1624 silly placeDep ROOT parse-ms@4.0.0 OK for: pretty-ms@9.3.0 want: ^4.0.0
1625 silly placeDep node_modules/prompts kleur@3.0.3 OK for: prompts@2.4.2 want: ^3.0.3
1626 silly placeDep ROOT sisteransi@1.0.5 OK for: prompts@2.4.2 want: ^1.0.5
1627 silly placeDep ROOT forwarded@0.2.0 OK for: proxy-addr@2.0.7 want: 0.2.0
1628 silly placeDep ROOT ipaddr.js@1.9.1 OK for: proxy-addr@2.0.7 want: 1.9.1
1629 silly placeDep ROOT side-channel@1.1.0 OK for: qs@6.14.1 want: ^1.1.0
1630 silly fetch manifest es-errors@^1.3.0
1631 silly packumentCache full:https://registry.npmjs.org/es-errors cache-miss
1632 silly fetch manifest object-inspect@^1.13.3
1633 silly packumentCache full:https://registry.npmjs.org/object-inspect cache-miss
1634 silly fetch manifest side-channel-list@^1.0.0
1635 silly packumentCache full:https://registry.npmjs.org/side-channel-list cache-miss
1636 silly fetch manifest side-channel-map@^1.0.1
1637 silly packumentCache full:https://registry.npmjs.org/side-channel-map cache-miss
1638 silly fetch manifest side-channel-weakmap@^1.0.2
1639 silly packumentCache full:https://registry.npmjs.org/side-channel-weakmap cache-miss
1640 http fetch GET 200 https://registry.npmjs.org/side-channel-map 93ms (cache miss)
1641 silly packumentCache full:https://registry.npmjs.org/side-channel-map set size:undefined disposed:false
1642 http fetch GET 200 https://registry.npmjs.org/side-channel-list 98ms (cache miss)
1643 silly packumentCache full:https://registry.npmjs.org/side-channel-list set size:undefined disposed:false
1644 http fetch GET 200 https://registry.npmjs.org/object-inspect 105ms (cache miss)
1645 silly packumentCache full:https://registry.npmjs.org/object-inspect set size:undefined disposed:false
1646 http fetch GET 200 https://registry.npmjs.org/side-channel-weakmap 119ms (cache miss)
1647 silly packumentCache full:https://registry.npmjs.org/side-channel-weakmap set size:undefined disposed:false
1648 http fetch GET 200 https://registry.npmjs.org/es-errors 883ms (cache miss)
1649 silly packumentCache full:https://registry.npmjs.org/es-errors set size:undefined disposed:false
1650 silly placeDep ROOT unpipe@1.0.0 OK for: raw-body@3.0.2 want: ~1.0.0
1651 silly placeDep ROOT ast-types@0.16.1 OK for: recast@0.23.11 want: ^0.16.1
1652 silly placeDep ROOT esprima@4.0.1 OK for: recast@0.23.11 want: ~4.0.0
1653 silly placeDep ROOT source-map@0.6.1 OK for: recast@0.23.11 want: ~0.6.1
1654 silly placeDep ROOT tiny-invariant@1.3.3 OK for: recast@0.23.11 want: ^1.3.3
1655 silly placeDep ROOT tslib@2.8.1 OK for: recast@0.23.11 want: ^2.0.1
1656 silly placeDep ROOT onetime@7.0.0 OK for: restore-cursor@5.1.0 want: ^7.0.0
1657 silly fetch manifest mimic-function@^5.0.0
1658 silly packumentCache full:https://registry.npmjs.org/mimic-function cache-miss
1659 http fetch GET 200 https://registry.npmjs.org/mimic-function 68ms (cache miss)
1660 silly packumentCache full:https://registry.npmjs.org/mimic-function set size:undefined disposed:false
1661 silly placeDep ROOT mimic-function@5.0.1 OK for: onetime@7.0.0 want: ^5.0.0
1662 silly placeDep ROOT is-promise@4.0.0 OK for: router@2.2.0 want: ^4.0.0
1663 silly placeDep node_modules/router path-to-regexp@8.3.0 OK for: router@2.2.0 want: ^8.0.0
1664 silly placeDep ROOT queue-microtask@1.2.3 OK for: run-parallel@1.2.0 want: ^1.2.2
1665 silly placeDep ROOT shebang-regex@3.0.0 OK for: shebang-command@2.0.0 want: ^3.0.0
1666 silly placeDep ROOT es-errors@1.3.0 OK for: side-channel@1.1.0 want: ^1.3.0
1667 silly placeDep ROOT object-inspect@1.13.4 OK for: side-channel@1.1.0 want: ^1.13.3
1668 silly placeDep ROOT side-channel-list@1.0.0 OK for: side-channel@1.1.0 want: ^1.0.0
1669 silly placeDep ROOT side-channel-map@1.0.1 OK for: side-channel@1.1.0 want: ^1.0.1
1670 silly placeDep ROOT side-channel-weakmap@1.0.2 OK for: side-channel@1.1.0 want: ^1.0.2
1671 silly fetch manifest call-bound@^1.0.2
1672 silly packumentCache full:https://registry.npmjs.org/call-bound cache-miss
1673 silly fetch manifest get-intrinsic@^1.2.5
1674 silly packumentCache full:https://registry.npmjs.org/get-intrinsic cache-miss
1675 silly fetch manifest call-bound@^1.0.2
1676 silly packumentCache full:https://registry.npmjs.org/call-bound cache-miss
1677 silly fetch manifest get-intrinsic@^1.2.5
1678 silly packumentCache full:https://registry.npmjs.org/get-intrinsic cache-miss
1679 http fetch GET 200 https://registry.npmjs.org/get-intrinsic 72ms (cache miss)
1680 silly packumentCache full:https://registry.npmjs.org/get-intrinsic set size:undefined disposed:false
1681 http fetch GET 200 https://registry.npmjs.org/call-bound 81ms (cache miss)
1682 silly packumentCache full:https://registry.npmjs.org/call-bound set size:undefined disposed:false
1683 http fetch GET 200 https://registry.npmjs.org/get-intrinsic 86ms (cache miss)
1684 silly packumentCache full:https://registry.npmjs.org/get-intrinsic set size:undefined disposed:false
1685 http fetch GET 200 https://registry.npmjs.org/call-bound 93ms (cache miss)
1686 silly packumentCache full:https://registry.npmjs.org/call-bound set size:undefined disposed:false
1687 silly placeDep ROOT call-bound@1.0.4 OK for: side-channel-map@1.0.1 want: ^1.0.2
1688 silly placeDep ROOT get-intrinsic@1.3.0 OK for: side-channel-map@1.0.1 want: ^1.2.5
1689 silly fetch manifest call-bind-apply-helpers@^1.0.2
1690 silly packumentCache full:https://registry.npmjs.org/call-bind-apply-helpers cache-miss
1691 silly fetch manifest get-intrinsic@^1.3.0
1692 silly packumentCache full:https://registry.npmjs.org/get-intrinsic cache-miss
1693 silly fetch manifest gopd@^1.2.0
1694 silly packumentCache full:https://registry.npmjs.org/gopd cache-miss
1695 silly fetch manifest hasown@^2.0.2
1696 silly packumentCache full:https://registry.npmjs.org/hasown cache-miss
1697 silly fetch manifest get-proto@^1.0.1
1698 silly packumentCache full:https://registry.npmjs.org/get-proto cache-miss
1699 silly fetch manifest has-symbols@^1.1.0
1700 silly packumentCache full:https://registry.npmjs.org/has-symbols cache-miss
1701 silly fetch manifest function-bind@^1.1.2
1702 silly packumentCache full:https://registry.npmjs.org/function-bind cache-miss
1703 http cache https://registry.npmjs.org/get-intrinsic 37ms (cache hit)
1704 silly packumentCache full:https://registry.npmjs.org/get-intrinsic set size:60985 disposed:false
1705 silly fetch manifest es-object-atoms@^1.1.1
1706 silly packumentCache full:https://registry.npmjs.org/es-object-atoms cache-miss
1707 http fetch GET 200 https://registry.npmjs.org/hasown 87ms (cache miss)
1708 silly packumentCache full:https://registry.npmjs.org/hasown set size:undefined disposed:false
1709 silly fetch manifest math-intrinsics@^1.1.0
1710 silly packumentCache full:https://registry.npmjs.org/math-intrinsics cache-miss
1711 http fetch GET 200 https://registry.npmjs.org/has-symbols 88ms (cache miss)
1712 silly packumentCache full:https://registry.npmjs.org/has-symbols set size:undefined disposed:false
1713 silly fetch manifest es-define-property@^1.0.1
1714 silly packumentCache full:https://registry.npmjs.org/es-define-property cache-miss
1715 http fetch GET 200 https://registry.npmjs.org/function-bind 89ms (cache miss)
1716 silly packumentCache full:https://registry.npmjs.org/function-bind set size:undefined disposed:false
1717 silly fetch manifest call-bind-apply-helpers@^1.0.2
1718 silly packumentCache full:https://registry.npmjs.org/call-bind-apply-helpers cache-miss
1719 http fetch GET 200 https://registry.npmjs.org/gopd 105ms (cache miss)
1720 silly packumentCache full:https://registry.npmjs.org/gopd set size:undefined disposed:false
1721 http fetch GET 200 https://registry.npmjs.org/get-proto 109ms (cache miss)
1722 silly packumentCache full:https://registry.npmjs.org/get-proto set size:undefined disposed:false
1723 http fetch GET 200 https://registry.npmjs.org/call-bind-apply-helpers 122ms (cache miss)
1724 silly packumentCache full:https://registry.npmjs.org/call-bind-apply-helpers set size:undefined disposed:false
1725 http fetch GET 200 https://registry.npmjs.org/es-object-atoms 85ms (cache miss)
1726 silly packumentCache full:https://registry.npmjs.org/es-object-atoms set size:undefined disposed:false
1727 http fetch GET 200 https://registry.npmjs.org/es-define-property 58ms (cache miss)
1728 silly packumentCache full:https://registry.npmjs.org/es-define-property set size:undefined disposed:false
1729 http fetch GET 200 https://registry.npmjs.org/math-intrinsics 63ms (cache miss)
1730 silly packumentCache full:https://registry.npmjs.org/math-intrinsics set size:undefined disposed:false
1731 http fetch GET 200 https://registry.npmjs.org/call-bind-apply-helpers 59ms (cache miss)
1732 silly packumentCache full:https://registry.npmjs.org/call-bind-apply-helpers set size:undefined disposed:false
1733 silly placeDep ROOT call-bind-apply-helpers@1.0.2 OK for: call-bound@1.0.4 want: ^1.0.2
1734 silly placeDep ROOT function-bind@1.1.2 OK for: call-bind-apply-helpers@1.0.2 want: ^1.1.2
1735 silly placeDep ROOT es-define-property@1.0.1 OK for: get-intrinsic@1.3.0 want: ^1.0.1
1736 silly placeDep ROOT es-object-atoms@1.1.1 OK for: get-intrinsic@1.3.0 want: ^1.1.1
1737 silly placeDep ROOT get-proto@1.0.1 OK for: get-intrinsic@1.3.0 want: ^1.0.1
1738 silly placeDep ROOT gopd@1.2.0 OK for: get-intrinsic@1.3.0 want: ^1.2.0
1739 silly placeDep ROOT has-symbols@1.1.0 OK for: get-intrinsic@1.3.0 want: ^1.1.0
1740 silly placeDep ROOT hasown@2.0.2 OK for: get-intrinsic@1.3.0 want: ^2.0.2
1741 silly placeDep ROOT math-intrinsics@1.1.0 OK for: get-intrinsic@1.3.0 want: ^1.1.0
1742 silly fetch manifest dunder-proto@^1.0.1
1743 silly packumentCache full:https://registry.npmjs.org/dunder-proto cache-miss
1744 http fetch GET 200 https://registry.npmjs.org/dunder-proto 53ms (cache miss)
1745 silly packumentCache full:https://registry.npmjs.org/dunder-proto set size:undefined disposed:false
1746 silly placeDep ROOT dunder-proto@1.0.1 OK for: get-proto@1.0.1 want: ^1.0.1
1747 silly placeDep ROOT emoji-regex@10.6.0 OK for: string-width@7.2.0 want: ^10.3.0
1748 silly placeDep ROOT get-east-asian-width@1.4.0 OK for: string-width@7.2.0 want: ^1.0.0
1749 silly placeDep ROOT get-own-enumerable-keys@1.0.0 OK for: stringify-object@5.0.0 want: ^1.0.0
1750 silly placeDep ROOT is-obj@3.0.0 OK for: stringify-object@5.0.0 want: ^3.0.0
1751 silly placeDep ROOT is-regexp@3.1.0 OK for: stringify-object@5.0.0 want: ^3.1.0
1752 silly placeDep ROOT ansi-regex@6.2.2 OK for: strip-ansi@7.1.2 want: ^6.0.1
1753 silly placeDep ROOT is-number@7.0.0 OK for: to-regex-range@5.0.1 want: ^7.0.0
1754 silly placeDep ROOT tldts@7.0.19 OK for: tough-cookie@6.0.0 want: ^7.0.5
1755 silly fetch manifest tldts-core@^7.0.19
1756 silly packumentCache full:https://registry.npmjs.org/tldts-core cache-miss
1757 http fetch GET 200 https://registry.npmjs.org/tldts-core 291ms (cache miss)
1758 silly packumentCache full:https://registry.npmjs.org/tldts-core set size:undefined disposed:false
1759 silly placeDep ROOT tldts-core@7.0.19 OK for: tldts@7.0.19 want: ^7.0.19
1760 silly placeDep ROOT @ts-morph/common@0.27.0 OK for: ts-morph@26.0.0 want: ~0.27.0
1761 silly placeDep ROOT code-block-writer@13.0.3 OK for: ts-morph@26.0.0 want: ^13.0.3
1762 silly fetch manifest minimatch@^10.0.1
1763 silly packumentCache full:https://registry.npmjs.org/minimatch cache-miss
1764 silly fetch manifest path-browserify@^1.0.1
1765 silly packumentCache full:https://registry.npmjs.org/path-browserify cache-miss
1766 http fetch GET 200 https://registry.npmjs.org/path-browserify 76ms (cache miss)
1767 silly packumentCache full:https://registry.npmjs.org/path-browserify set size:undefined disposed:false
1768 http fetch GET 200 https://registry.npmjs.org/minimatch 106ms (cache miss)
1769 silly packumentCache full:https://registry.npmjs.org/minimatch set size:undefined disposed:false
1770 silly placeDep ROOT minimatch@10.1.1 OK for: @ts-morph/common@0.27.0 want: ^10.0.1
1771 silly placeDep ROOT path-browserify@1.0.1 OK for: @ts-morph/common@0.27.0 want: ^1.0.1
1772 silly fetch manifest @isaacs/brace-expansion@^5.0.0
1773 silly packumentCache full:https://registry.npmjs.org/@isaacs%2fbrace-expansion cache-miss
1774 http fetch GET 200 https://registry.npmjs.org/@isaacs%2fbrace-expansion 56ms (cache miss)
1775 silly packumentCache full:https://registry.npmjs.org/@isaacs%2fbrace-expansion set size:undefined disposed:false
1776 silly placeDep ROOT @isaacs/brace-expansion@5.0.0 OK for: minimatch@10.1.1 want: ^5.0.0
1777 silly fetch manifest @isaacs/balanced-match@^4.0.1
1778 silly packumentCache full:https://registry.npmjs.org/@isaacs%2fbalanced-match cache-miss
1779 http fetch GET 200 https://registry.npmjs.org/@isaacs%2fbalanced-match 68ms (cache miss)
1780 silly packumentCache full:https://registry.npmjs.org/@isaacs%2fbalanced-match set size:undefined disposed:false
1781 silly placeDep ROOT @isaacs/balanced-match@4.0.1 OK for: @isaacs/brace-expansion@5.0.0 want: ^4.0.1
1782 silly placeDep ROOT minimist@1.2.8 OK for: tsconfig-paths@4.2.0 want: ^1.2.6
1783 silly placeDep ROOT strip-bom@3.0.0 OK for: tsconfig-paths@4.2.0 want: ^3.0.0
1784 silly placeDep ROOT tagged-tag@1.0.0 OK for: type-fest@5.3.1 want: ^1.0.0
1785 silly placeDep ROOT media-typer@1.1.0 OK for: type-is@2.0.1 want: ^1.1.0
1786 silly placeDep ROOT escalade@3.2.0 OK for: update-browserslist-db@1.2.3 want: ^3.2.0
1787 silly placeDep ROOT isexe@3.1.1 OK for: which@4.0.0 want: ^3.1.1
1788 silly placeDep ROOT ansi-styles@4.3.0 OK for: wrap-ansi@6.2.0 want: ^4.0.0
1789 silly placeDep node_modules/wrap-ansi string-width@4.2.3 OK for: wrap-ansi@6.2.0 want: ^4.1.0
1790 silly placeDep node_modules/wrap-ansi strip-ansi@6.0.1 OK for: wrap-ansi@6.2.0 want: ^6.0.0
1791 silly fetch manifest color-convert@^2.0.1
1792 silly packumentCache full:https://registry.npmjs.org/color-convert cache-miss
1793 silly fetch manifest strip-ansi@^6.0.1
1794 silly packumentCache full:https://registry.npmjs.org/strip-ansi cache-hit
1795 silly fetch manifest emoji-regex@^8.0.0
1796 silly packumentCache full:https://registry.npmjs.org/emoji-regex cache-miss
1797 silly fetch manifest is-fullwidth-code-point@^3.0.0
1798 silly packumentCache full:https://registry.npmjs.org/is-fullwidth-code-point cache-miss
1799 silly fetch manifest ansi-regex@^5.0.1
1800 silly packumentCache full:https://registry.npmjs.org/ansi-regex cache-miss
1801 http cache https://registry.npmjs.org/emoji-regex 23ms (cache hit)
1802 silly packumentCache full:https://registry.npmjs.org/emoji-regex set size:89088 disposed:false
1803 http cache https://registry.npmjs.org/ansi-regex 28ms (cache hit)
1804 silly packumentCache full:https://registry.npmjs.org/ansi-regex set size:43572 disposed:false
1805 http fetch GET 200 https://registry.npmjs.org/color-convert 67ms (cache miss)
1806 silly packumentCache full:https://registry.npmjs.org/color-convert set size:undefined disposed:false
1807 http fetch GET 200 https://registry.npmjs.org/is-fullwidth-code-point 69ms (cache miss)
1808 silly packumentCache full:https://registry.npmjs.org/is-fullwidth-code-point set size:undefined disposed:false
1809 silly placeDep ROOT color-convert@2.0.1 OK for: ansi-styles@4.3.0 want: ^2.0.1
1810 silly fetch manifest color-name@~1.1.4
1811 silly packumentCache full:https://registry.npmjs.org/color-name cache-miss
1812 http fetch GET 200 https://registry.npmjs.org/color-name 48ms (cache miss)
1813 silly packumentCache full:https://registry.npmjs.org/color-name set size:undefined disposed:false
1814 silly placeDep ROOT color-name@1.1.4 OK for: color-convert@2.0.1 want: ~1.1.4
1815 silly placeDep ROOT is-wsl@3.1.0 OK for: wsl-utils@0.3.1 want: ^3.1.0
1816 silly placeDep ROOT cliui@8.0.1 OK for: yargs@17.7.2 want: ^8.0.1
1817 silly placeDep ROOT get-caller-file@2.0.5 OK for: yargs@17.7.2 want: ^2.0.5
1818 silly placeDep ROOT require-directory@2.1.1 OK for: yargs@17.7.2 want: ^2.1.1
1819 silly placeDep node_modules/yargs string-width@4.2.3 OK for: yargs@17.7.2 want: ^4.2.3
1820 silly placeDep ROOT y18n@5.0.8 OK for: yargs@17.7.2 want: ^5.0.5
1821 silly placeDep ROOT yargs-parser@21.1.1 OK for: yargs@17.7.2 want: ^21.1.1
1822 silly fetch manifest wrap-ansi@^7.0.0
1823 silly packumentCache full:https://registry.npmjs.org/wrap-ansi cache-miss
1824 silly fetch manifest string-width@^4.2.0
1825 silly packumentCache full:https://registry.npmjs.org/string-width cache-hit
1826 http cache https://registry.npmjs.org/wrap-ansi 12ms (cache hit)
1827 silly packumentCache full:https://registry.npmjs.org/wrap-ansi set size:51195 disposed:false
1828 silly placeDep node_modules/cliui string-width@4.2.3 OK for: cliui@8.0.1 want: ^4.2.0
1829 silly placeDep node_modules/cliui strip-ansi@6.0.1 OK for: cliui@8.0.1 want: ^6.0.1
1830 silly placeDep node_modules/cliui wrap-ansi@7.0.0 OK for: cliui@8.0.1 want: ^7.0.0
1831 silly placeDep node_modules/@dotenvx/dotenvx get-stream@6.0.1 OK for: execa@5.1.1 want: ^6.0.0
1832 silly placeDep node_modules/@dotenvx/dotenvx human-signals@2.1.0 OK for: execa@5.1.1 want: ^2.1.0
1833 silly placeDep node_modules/@dotenvx/dotenvx is-stream@2.0.1 OK for: execa@5.1.1 want: ^2.0.0
1834 silly placeDep ROOT merge-stream@2.0.0 OK for: execa@5.1.1 want: ^2.0.0
1835 silly placeDep node_modules/@dotenvx/dotenvx npm-run-path@4.0.1 OK for: execa@5.1.1 want: ^4.0.1
1836 silly placeDep node_modules/@dotenvx/dotenvx onetime@5.1.2 OK for: execa@5.1.1 want: ^5.1.2
1837 silly placeDep node_modules/@dotenvx/dotenvx signal-exit@3.0.7 OK for: execa@5.1.1 want: ^3.0.3
1838 silly placeDep node_modules/@dotenvx/dotenvx strip-final-newline@2.0.0 OK for: execa@5.1.1 want: ^2.0.0
1839 silly fetch manifest mimic-fn@^2.1.0
1840 silly packumentCache full:https://registry.npmjs.org/mimic-fn cache-miss
1841 http fetch GET 200 https://registry.npmjs.org/mimic-fn 96ms (cache miss)
1842 silly packumentCache full:https://registry.npmjs.org/mimic-fn set size:undefined disposed:false
1843 silly placeDep ROOT mimic-fn@2.1.0 OK for: onetime@5.1.2 want: ^2.1.0
1844 silly placeDep node_modules/cliui emoji-regex@8.0.0 OK for: string-width@4.2.3 want: ^8.0.0
1845 silly placeDep ROOT is-fullwidth-code-point@3.0.0 OK for: string-width@4.2.3 want: ^3.0.0
1846 silly placeDep node_modules/cliui ansi-regex@5.0.1 OK for: strip-ansi@6.0.1 want: ^5.0.1
1847 silly placeDep node_modules/cross-spawn isexe@2.0.0 OK for: which@2.0.2 want: ^2.0.0
1848 silly placeDep node_modules/wrap-ansi emoji-regex@8.0.0 OK for: string-width@4.2.3 want: ^8.0.0
1849 silly placeDep node_modules/wrap-ansi ansi-regex@5.0.1 OK for: strip-ansi@6.0.1 want: ^5.0.1
1850 silly placeDep node_modules/yargs emoji-regex@8.0.0 OK for: string-width@4.2.3 want: ^8.0.0
1851 silly placeDep node_modules/yargs strip-ansi@6.0.1 OK for: string-width@4.2.3 want: ^6.0.1
1852 silly placeDep node_modules/yargs ansi-regex@5.0.1 OK for: strip-ansi@6.0.1 want: ^5.0.1
1853 silly reify moves {}
1854 silly audit bulk request {
1854 silly audit   shadcn: [ '3.6.2' ],
1854 silly audit   '@antfu/ni': [ '25.0.0' ],
1854 silly audit   '@babel/core': [ '7.28.5' ],
1854 silly audit   '@babel/parser': [ '7.28.5' ],
1854 silly audit   '@babel/plugin-transform-typescript': [ '7.28.5' ],
1854 silly audit   '@babel/preset-typescript': [ '7.28.5' ],
1854 silly audit   '@dotenvx/dotenvx': [ '1.51.4' ],
1854 silly audit   '@modelcontextprotocol/sdk': [ '1.25.1' ],
1854 silly audit   browserslist: [ '4.28.1' ],
1854 silly audit   commander: [ '14.0.2', '11.1.0' ],
1854 silly audit   cosmiconfig: [ '9.0.0' ],
1854 silly audit   dedent: [ '1.7.1' ],
1854 silly audit   deepmerge: [ '4.3.1' ],
1854 silly audit   diff: [ '8.0.2' ],
1854 silly audit   execa: [ '9.6.1', '5.1.1' ],
1854 silly audit   'fast-glob': [ '3.3.3' ],
1854 silly audit   'fs-extra': [ '11.3.3' ],
1854 silly audit   fuzzysort: [ '3.1.0' ],
1854 silly audit   'https-proxy-agent': [ '7.0.6' ],
1854 silly audit   kleur: [ '4.1.5', '3.0.3' ],
1854 silly audit   msw: [ '2.12.7' ],
1854 silly audit   'node-fetch': [ '3.3.2' ],
1854 silly audit   open: [ '11.0.0' ],
1854 silly audit   ora: [ '8.2.0' ],
1854 silly audit   postcss: [ '8.5.6' ],
1854 silly audit   'postcss-selector-parser': [ '7.1.1' ],
1854 silly audit   prompts: [ '2.4.2' ],
1854 silly audit   recast: [ '0.23.11' ],
1854 silly audit   'stringify-object': [ '5.0.0' ],
1854 silly audit   'ts-morph': [ '26.0.0' ],
1854 silly audit   'tsconfig-paths': [ '4.2.0' ],
1854 silly audit   zod: [ '3.25.76' ],
1854 silly audit   'zod-to-json-schema': [ '3.25.1' ],
1854 silly audit   ansis: [ '4.2.0' ],
1854 silly audit   fzf: [ '0.5.2' ],
1854 silly audit   'package-manager-detector': [ '1.6.0' ],
1854 silly audit   tinyexec: [ '1.0.2' ],
1854 silly audit   '@babel/code-frame': [ '7.27.1' ],
1854 silly audit   '@babel/generator': [ '7.28.5' ],
1854 silly audit   '@babel/helper-compilation-targets': [ '7.27.2' ],
1854 silly audit   '@babel/helper-module-transforms': [ '7.28.3' ],
1854 silly audit   '@babel/helpers': [ '7.28.4' ],
1854 silly audit   '@babel/template': [ '7.27.2' ],
1854 silly audit   '@babel/traverse': [ '7.28.5' ],
1854 silly audit   '@babel/types': [ '7.28.5' ],
1854 silly audit   '@jridgewell/remapping': [ '2.3.5' ],
1854 silly audit   'convert-source-map': [ '2.0.0' ],
1854 silly audit   debug: [ '4.4.3' ],
1854 silly audit   gensync: [ '1.0.0-beta.2' ],
1854 silly audit   json5: [ '2.2.3' ],
1854 silly audit   semver: [ '6.3.1' ],
1854 silly audit   '@babel/helper-validator-identifier': [ '7.28.5' ],
1854 silly audit   'js-tokens': [ '4.0.0' ],
1854 silly audit   picocolors: [ '1.1.1' ],
1854 silly audit   '@jridgewell/gen-mapping': [ '0.3.13' ],
1854 silly audit   '@jridgewell/trace-mapping': [ '0.3.31' ],
1854 silly audit   jsesc: [ '3.1.0' ],
1854 silly audit   '@babel/compat-data': [ '7.28.5' ],
1854 silly audit   '@babel/helper-validator-option': [ '7.27.1' ],
1854 silly audit   'lru-cache': [ '5.1.1' ],
1854 silly audit   '@babel/helper-module-imports': [ '7.27.1' ],
1854 silly audit   '@babel/helper-annotate-as-pure': [ '7.27.3' ],
1854 silly audit   '@babel/helper-create-class-features-plugin': [ '7.28.5' ],
1854 silly audit   '@babel/helper-plugin-utils': [ '7.27.1' ],
1854 silly audit   '@babel/helper-skip-transparent-expression-wrappers': [ '7.27.1' ],
1854 silly audit   '@babel/plugin-syntax-typescript': [ '7.27.1' ],
1854 silly audit   '@babel/helper-member-expression-to-functions': [ '7.28.5' ],
1854 silly audit   '@babel/helper-optimise-call-expression': [ '7.27.1' ],
1854 silly audit   '@babel/helper-replace-supers': [ '7.27.1' ],
1854 silly audit   '@babel/plugin-syntax-jsx': [ '7.27.1' ],
1854 silly audit   '@babel/plugin-transform-modules-commonjs': [ '7.27.1' ],
1854 silly audit   '@babel/helper-globals': [ '7.28.0' ],
1854 silly audit   '@babel/helper-string-parser': [ '7.27.1' ],
1854 silly audit   dotenv: [ '17.2.3' ],
1854 silly audit   eciesjs: [ '0.4.16' ],
1854 silly audit   fdir: [ '6.5.0' ],
1854 silly audit   ignore: [ '5.3.2' ],
1854 silly audit   'object-treeify': [ '1.1.33' ],
1854 silly audit   picomatch: [ '4.0.3', '2.3.1' ],
1854 silly audit   which: [ '4.0.0', '2.0.2' ],
1854 silly audit   '@jridgewell/sourcemap-codec': [ '1.5.5' ],
1854 silly audit   '@jridgewell/resolve-uri': [ '3.1.2' ],
1854 silly audit   '@hono/node-server': [ '1.19.7' ],
1854 silly audit   hono: [ '4.11.3' ],
1854 silly audit   ajv: [ '8.17.1' ],
1854 silly audit   'ajv-formats': [ '3.0.1' ],
1854 silly audit   'content-type': [ '1.0.5' ],
1854 silly audit   cors: [ '2.8.5' ],
1854 silly audit   'cross-spawn': [ '7.0.6' ],
1854 silly audit   eventsource: [ '3.0.7' ],
1854 silly audit   'eventsource-parser': [ '3.0.6' ],
1854 silly audit   express: [ '5.2.1' ],
1854 silly audit   'express-rate-limit': [ '7.5.1' ],
1854 silly audit   jose: [ '6.1.3' ],
1854 silly audit   'json-schema-typed': [ '8.0.2' ],
1854 silly audit   'pkce-challenge': [ '5.0.1' ],
1854 silly audit   'raw-body': [ '3.0.2' ],
1854 silly audit   'fast-deep-equal': [ '3.1.3' ],
1854 silly audit   'fast-uri': [ '3.1.0' ],
1854 silly audit   'json-schema-traverse': [ '1.0.0' ],
1854 silly audit   'require-from-string': [ '2.0.2' ],
1854 silly audit   'baseline-browser-mapping': [ '2.9.11' ],
1854 silly audit   'caniuse-lite': [ '1.0.30001762' ],
1854 silly audit   'electron-to-chromium': [ '1.5.267' ],
1854 silly audit   'node-releases': [ '2.0.27' ],
1854 silly audit   'update-browserslist-db': [ '1.2.3' ],
1854 silly audit   'object-assign': [ '4.1.1' ],
1854 silly audit   vary: [ '1.1.2' ],
1854 silly audit   'env-paths': [ '2.2.1' ],
1854 silly audit   'import-fresh': [ '3.3.1' ],
1854 silly audit   'js-yaml': [ '4.1.1' ],
1854 silly audit   'parse-json': [ '5.2.0' ],
1854 silly audit   'path-key': [ '3.1.1', '4.0.0' ],
1854 silly audit   'shebang-command': [ '2.0.0' ],
1854 silly audit   ms: [ '2.1.3' ],
1854 silly audit   '@ecies/ciphers': [ '0.2.5' ],
1854 silly audit   '@noble/ciphers': [ '1.3.0' ],
1854 silly audit   '@noble/curves': [ '1.9.7' ],
1854 silly audit   '@noble/hashes': [ '1.8.0' ],
1854 silly audit   '@sindresorhus/merge-streams': [ '4.0.0' ],
1854 silly audit   figures: [ '6.1.0' ],
1854 silly audit   'get-stream': [ '9.0.1', '6.0.1' ],
1854 silly audit   'human-signals': [ '8.0.1', '2.1.0' ],
1854 silly audit   'is-plain-obj': [ '4.1.0' ],
1854 silly audit   'is-stream': [ '4.0.1', '2.0.1' ],
1854 silly audit   'npm-run-path': [ '6.0.0', '4.0.1' ],
1854 silly audit   'pretty-ms': [ '9.3.0' ],
1854 silly audit   'signal-exit': [ '4.1.0', '3.0.7' ],
1854 silly audit   'strip-final-newline': [ '4.0.0', '2.0.0' ],
1854 silly audit   yoctocolors: [ '2.1.2' ],
1854 silly audit   accepts: [ '2.0.0' ],
1854 silly audit   'body-parser': [ '2.2.1' ],
1854 silly audit   'content-disposition': [ '1.0.1' ],
1854 silly audit   cookie: [ '0.7.2', '1.1.1' ],
1854 silly audit   'cookie-signature': [ '1.2.2' ],
1854 silly audit   depd: [ '2.0.0' ],
1854 silly audit   encodeurl: [ '2.0.0' ],
1854 silly audit   'escape-html': [ '1.0.3' ],
1854 silly audit   etag: [ '1.8.1' ],
1854 silly audit   finalhandler: [ '2.1.1' ],
1854 silly audit   fresh: [ '2.0.0' ],
1854 silly audit   'http-errors': [ '2.0.1' ],
1854 silly audit   'merge-descriptors': [ '2.0.0' ],
1854 silly audit   'mime-types': [ '3.0.2' ],
1854 silly audit   'on-finished': [ '2.4.1' ],
1854 silly audit   once: [ '1.4.0' ],
1854 silly audit   parseurl: [ '1.3.3' ],
1854 silly audit   'proxy-addr': [ '2.0.7' ],
1854 silly audit   qs: [ '6.14.1' ],
1854 silly audit   'range-parser': [ '1.2.1' ],
1854 silly audit   router: [ '2.2.0' ],
1854 silly audit   send: [ '1.2.1' ],
1854 silly audit   'serve-static': [ '2.2.1' ],
1854 silly audit   statuses: [ '2.0.2' ],
1854 silly audit   'type-is': [ '2.0.1' ],
1854 silly audit   negotiator: [ '1.0.0' ],
1854 silly audit   bytes: [ '3.1.2' ],
1854 silly audit   'iconv-lite': [ '0.7.1' ],
1854 silly audit   '@nodelib/fs.stat': [ '2.0.5' ],
1854 silly audit   '@nodelib/fs.walk': [ '1.2.8' ],
1854 silly audit   'glob-parent': [ '5.1.2' ],
1854 silly audit   merge2: [ '1.4.1' ],
1854 silly audit   micromatch: [ '4.0.8' ],
1854 silly audit   '@nodelib/fs.scandir': [ '2.1.5' ],
1854 silly audit   fastq: [ '1.20.1' ],
1854 silly audit   'run-parallel': [ '1.2.0' ],
1854 silly audit   reusify: [ '1.1.0' ],
1854 silly audit   'is-unicode-supported': [ '2.1.0', '1.3.0' ],
1854 silly audit   'graceful-fs': [ '4.2.11' ],
1854 silly audit   jsonfile: [ '6.2.0' ],
1854 silly audit   universalify: [ '2.0.1' ],
1854 silly audit   '@sec-ant/readable-stream': [ '0.4.1' ],
1854 silly audit   'is-glob': [ '4.0.3' ],
1854 silly audit   inherits: [ '2.0.4' ],
1854 silly audit   setprototypeof: [ '1.2.0' ],
1854 silly audit   toidentifier: [ '1.0.1' ],
1854 silly audit   'agent-base': [ '7.1.4' ],
1854 silly audit   'safer-buffer': [ '2.1.2' ],
1854 silly audit   'parent-module': [ '1.0.1' ],
1854 silly audit   'resolve-from': [ '4.0.0' ],
1854 silly audit   'is-extglob': [ '2.1.1' ],
1854 silly audit   argparse: [ '2.0.1' ],
1854 silly audit   yallist: [ '3.1.1' ],
1854 silly audit   braces: [ '3.0.3' ],
1854 silly audit   'fill-range': [ '7.1.1' ],
1854 silly audit   'to-regex-range': [ '5.0.1' ],
1854 silly audit   'mime-db': [ '1.54.0' ],
1854 silly audit   '@inquirer/confirm': [ '5.1.21' ],
1854 silly audit   '@mswjs/interceptors': [ '0.40.0' ],
1854 silly audit   '@open-draft/deferred-promise': [ '2.2.0' ],
1854 silly audit   '@types/statuses': [ '2.0.6' ],
1854 silly audit   graphql: [ '16.12.0' ],
1854 silly audit   'headers-polyfill': [ '4.0.3' ],
1854 silly audit   'is-node-process': [ '1.2.0' ],
1854 silly audit   outvariant: [ '1.4.3' ],
1854 silly audit   'path-to-regexp': [ '6.3.0', '8.3.0' ],
1854 silly audit   rettime: [ '0.7.0' ],
1854 silly audit   'strict-event-emitter': [ '0.5.1' ],
1854 silly audit   'tough-cookie': [ '6.0.0' ],
1854 silly audit   'type-fest': [ '5.3.1' ],
1854 silly audit   'until-async': [ '3.0.2' ],
1854 silly audit   yargs: [ '17.7.2' ],
1854 silly audit   '@inquirer/core': [ '10.3.2' ],
1854 silly audit   '@inquirer/type': [ '3.0.10' ],
1854 silly audit   '@inquirer/ansi': [ '1.0.2' ],
1854 silly audit   '@inquirer/figures': [ '1.0.15' ],
1854 silly audit   'cli-width': [ '4.1.0' ],
1854 silly audit   'mute-stream': [ '2.0.0' ],
1854 silly audit   'wrap-ansi': [ '6.2.0', '7.0.0' ],
1854 silly audit   'yoctocolors-cjs': [ '2.1.3' ],
1854 silly audit   '@open-draft/logger': [ '0.3.0' ],
1854 silly audit   '@open-draft/until': [ '2.1.0' ],
1854 silly audit   'data-uri-to-buffer': [ '4.0.1' ],
1854 silly audit   'fetch-blob': [ '3.2.0' ],
1854 silly audit   'formdata-polyfill': [ '4.0.10' ],
1854 silly audit   'node-domexception': [ '1.0.0' ],
1854 silly audit   'web-streams-polyfill': [ '3.3.3' ],
1854 silly audit   'unicorn-magic': [ '0.3.0' ],
1854 silly audit   'ee-first': [ '1.1.1' ],
1854 silly audit   wrappy: [ '1.0.2' ],
1854 silly audit   'default-browser': [ '5.4.0' ],
1854 silly audit   'define-lazy-prop': [ '3.0.0' ],
1854 silly audit   'is-in-ssh': [ '1.0.0' ],
1854 silly audit   'is-inside-container': [ '1.0.0' ],
1854 silly audit   'powershell-utils': [ '0.1.0' ],
1854 silly audit   'wsl-utils': [ '0.3.1' ],
1854 silly audit   'bundle-name': [ '4.1.0' ],
1854 silly audit   'default-browser-id': [ '5.0.1' ],
1854 silly audit   'run-applescript': [ '7.1.0' ],
1854 silly audit   'is-docker': [ '3.0.0' ],
1854 silly audit   chalk: [ '5.6.2' ],
1854 silly audit   'cli-cursor': [ '5.0.0' ],
1854 silly audit   'cli-spinners': [ '2.9.2' ],
1854 silly audit   'is-interactive': [ '2.0.0' ],
1854 silly audit   'log-symbols': [ '6.0.0' ],
1854 silly audit   'stdin-discarder': [ '0.2.2' ],
1854 silly audit   'string-width': [ '7.2.0', '4.2.3' ],
1854 silly audit   'strip-ansi': [ '7.1.2', '6.0.1' ],
1854 silly audit   'restore-cursor': [ '5.1.0' ],
1854 silly audit   callsites: [ '3.1.0' ],
1854 silly audit   'error-ex': [ '1.3.4' ],
1854 silly audit   'json-parse-even-better-errors': [ '2.3.1' ],
1854 silly audit   'lines-and-columns': [ '1.2.4' ],
1854 silly audit   'is-arrayish': [ '0.2.1' ],
1854 silly audit   nanoid: [ '3.3.11' ],
1854 silly audit   'source-map-js': [ '1.2.1' ],
1854 silly audit   cssesc: [ '3.0.0' ],
1854 silly audit   'util-deprecate': [ '1.0.2' ],
1854 silly audit   'parse-ms': [ '4.0.0' ],
1854 silly audit   sisteransi: [ '1.0.5' ],
1854 silly audit   forwarded: [ '0.2.0' ],
1854 silly audit   'ipaddr.js': [ '1.9.1' ],
1854 silly audit   'side-channel': [ '1.1.0' ],
1854 silly audit   unpipe: [ '1.0.0' ],
1854 silly audit   'ast-types': [ '0.16.1' ],
1854 silly audit   esprima: [ '4.0.1' ],
1854 silly audit   'source-map': [ '0.6.1' ],
1854 silly audit   'tiny-invariant': [ '1.3.3' ],
1854 silly audit   tslib: [ '2.8.1' ],
1854 silly audit   onetime: [ '7.0.0', '5.1.2' ],
1854 silly audit   'mimic-function': [ '5.0.1' ],
1854 silly audit   'is-promise': [ '4.0.0' ],
1854 silly audit   'queue-microtask': [ '1.2.3' ],
1854 silly audit   'shebang-regex': [ '3.0.0' ],
1854 silly audit   'es-errors': [ '1.3.0' ],
1854 silly audit   'object-inspect': [ '1.13.4' ],
1854 silly audit   'side-channel-list': [ '1.0.0' ],
1854 silly audit   'side-channel-map': [ '1.0.1' ],
1854 silly audit   'side-channel-weakmap': [ '1.0.2' ],
1854 silly audit   'call-bound': [ '1.0.4' ],
1854 silly audit   'get-intrinsic': [ '1.3.0' ],
1854 silly audit   'call-bind-apply-helpers': [ '1.0.2' ],
1854 silly audit   'function-bind': [ '1.1.2' ],
1854 silly audit   'es-define-property': [ '1.0.1' ],
1854 silly audit   'es-object-atoms': [ '1.1.1' ],
1854 silly audit   'get-proto': [ '1.0.1' ],
1854 silly audit   gopd: [ '1.2.0' ],
1854 silly audit   'has-symbols': [ '1.1.0' ],
1854 silly audit   hasown: [ '2.0.2' ],
1854 silly audit   'math-intrinsics': [ '1.1.0' ],
1854 silly audit   'dunder-proto': [ '1.0.1' ],
1854 silly audit   'emoji-regex': [ '10.6.0', '8.0.0' ],
1854 silly audit   'get-east-asian-width': [ '1.4.0' ],
1854 silly audit   'get-own-enumerable-keys': [ '1.0.0' ],
1854 silly audit   'is-obj': [ '3.0.0' ],
1854 silly audit   'is-regexp': [ '3.1.0' ],
1854 silly audit   'ansi-regex': [ '6.2.2', '5.0.1' ],
1854 silly audit   'is-number': [ '7.0.0' ],
1854 silly audit   tldts: [ '7.0.19' ],
1854 silly audit   'tldts-core': [ '7.0.19' ],
1854 silly audit   '@ts-morph/common': [ '0.27.0' ],
1854 silly audit   'code-block-writer': [ '13.0.3' ],
1854 silly audit   minimatch: [ '10.1.1' ],
1854 silly audit   'path-browserify': [ '1.0.1' ],
1854 silly audit   '@isaacs/brace-expansion': [ '5.0.0' ],
1854 silly audit   '@isaacs/balanced-match': [ '4.0.1' ],
1854 silly audit   minimist: [ '1.2.8' ],
1854 silly audit   'strip-bom': [ '3.0.0' ],
1854 silly audit   'tagged-tag': [ '1.0.0' ],
1854 silly audit   'media-typer': [ '1.1.0' ],
1854 silly audit   escalade: [ '3.2.0' ],
1854 silly audit   isexe: [ '3.1.1', '2.0.0' ],
1854 silly audit   'ansi-styles': [ '4.3.0' ],
1854 silly audit   'color-convert': [ '2.0.1' ],
1854 silly audit   'color-name': [ '1.1.4' ],
1854 silly audit   'is-wsl': [ '3.1.0' ],
1854 silly audit   cliui: [ '8.0.1' ],
1854 silly audit   'get-caller-file': [ '2.0.5' ],
1854 silly audit   'require-directory': [ '2.1.1' ],
1854 silly audit   y18n: [ '5.0.8' ],
1854 silly audit   'yargs-parser': [ '21.1.1' ],
1854 silly audit   'merge-stream': [ '2.0.0' ],
1854 silly audit   'mimic-fn': [ '2.1.0' ],
1854 silly audit   'is-fullwidth-code-point': [ '3.0.0' ]
1854 silly audit }
1855 http cache is-fullwidth-code-point@https://registry.npmjs.org/is-fullwidth-code-point/-/is-fullwidth-code-point-3.0.0.tgz 0ms (cache hit)
1856 http cache mimic-fn@https://registry.npmjs.org/mimic-fn/-/mimic-fn-2.1.0.tgz 0ms (cache hit)
1857 http cache merge-stream@https://registry.npmjs.org/merge-stream/-/merge-stream-2.0.0.tgz 1ms (cache hit)
1858 http cache yargs-parser@https://registry.npmjs.org/yargs-parser/-/yargs-parser-21.1.1.tgz 0ms (cache hit)
1859 http cache y18n@https://registry.npmjs.org/y18n/-/y18n-5.0.8.tgz 0ms (cache hit)
1860 http cache require-directory@https://registry.npmjs.org/require-directory/-/require-directory-2.1.1.tgz 0ms (cache hit)
1861 http cache get-caller-file@https://registry.npmjs.org/get-caller-file/-/get-caller-file-2.0.5.tgz 0ms (cache hit)
1862 http cache cliui@https://registry.npmjs.org/cliui/-/cliui-8.0.1.tgz 0ms (cache hit)
1863 http cache color-name@https://registry.npmjs.org/color-name/-/color-name-1.1.4.tgz 0ms (cache hit)
1864 http cache is-wsl@https://registry.npmjs.org/is-wsl/-/is-wsl-3.1.0.tgz 0ms (cache hit)
1865 http cache ansi-styles@https://registry.npmjs.org/ansi-styles/-/ansi-styles-4.3.0.tgz 0ms (cache hit)
1866 http cache color-convert@https://registry.npmjs.org/color-convert/-/color-convert-2.0.1.tgz 0ms (cache hit)
1867 http cache isexe@https://registry.npmjs.org/isexe/-/isexe-3.1.1.tgz 1ms (cache hit)
1868 http cache escalade@https://registry.npmjs.org/escalade/-/escalade-3.2.0.tgz 0ms (cache hit)
1869 http cache media-typer@https://registry.npmjs.org/media-typer/-/media-typer-1.1.0.tgz 0ms (cache hit)
1870 http cache @isaacs/balanced-match@https://registry.npmjs.org/@isaacs/balanced-match/-/balanced-match-4.0.1.tgz 0ms (cache hit)
1871 http cache tagged-tag@https://registry.npmjs.org/tagged-tag/-/tagged-tag-1.0.0.tgz 0ms (cache hit)
1872 http cache strip-bom@https://registry.npmjs.org/strip-bom/-/strip-bom-3.0.0.tgz 0ms (cache hit)
1873 http cache minimist@https://registry.npmjs.org/minimist/-/minimist-1.2.8.tgz 0ms (cache hit)
1874 http cache @isaacs/brace-expansion@https://registry.npmjs.org/@isaacs/brace-expansion/-/brace-expansion-5.0.0.tgz 0ms (cache hit)
1875 http cache @ts-morph/common@https://registry.npmjs.org/@ts-morph/common/-/common-0.27.0.tgz 0ms (cache hit)
1876 http cache code-block-writer@https://registry.npmjs.org/code-block-writer/-/code-block-writer-13.0.3.tgz 0ms (cache hit)
1877 http cache minimatch@https://registry.npmjs.org/minimatch/-/minimatch-10.1.1.tgz 0ms (cache hit)
1878 http cache tldts-core@https://registry.npmjs.org/tldts-core/-/tldts-core-7.0.19.tgz 0ms (cache hit)
1879 http cache tldts@https://registry.npmjs.org/tldts/-/tldts-7.0.19.tgz 0ms (cache hit)
1880 http cache is-number@https://registry.npmjs.org/is-number/-/is-number-7.0.0.tgz 0ms (cache hit)
1881 http cache ansi-regex@https://registry.npmjs.org/ansi-regex/-/ansi-regex-6.2.2.tgz 0ms (cache hit)
1882 http cache path-browserify@https://registry.npmjs.org/path-browserify/-/path-browserify-1.0.1.tgz 0ms (cache hit)
1883 http cache is-obj@https://registry.npmjs.org/is-obj/-/is-obj-3.0.0.tgz 0ms (cache hit)
1884 http cache is-regexp@https://registry.npmjs.org/is-regexp/-/is-regexp-3.1.0.tgz 0ms (cache hit)
1885 http cache get-own-enumerable-keys@https://registry.npmjs.org/get-own-enumerable-keys/-/get-own-enumerable-keys-1.0.0.tgz 0ms (cache hit)
1886 http cache dunder-proto@https://registry.npmjs.org/dunder-proto/-/dunder-proto-1.0.1.tgz 0ms (cache hit)
1887 http cache get-east-asian-width@https://registry.npmjs.org/get-east-asian-width/-/get-east-asian-width-1.4.0.tgz 0ms (cache hit)
1888 http cache emoji-regex@https://registry.npmjs.org/emoji-regex/-/emoji-regex-10.6.0.tgz 0ms (cache hit)
1889 http cache math-intrinsics@https://registry.npmjs.org/math-intrinsics/-/math-intrinsics-1.1.0.tgz 0ms (cache hit)
1890 http cache has-symbols@https://registry.npmjs.org/has-symbols/-/has-symbols-1.1.0.tgz 0ms (cache hit)
1891 http cache gopd@https://registry.npmjs.org/gopd/-/gopd-1.2.0.tgz 0ms (cache hit)
1892 http cache es-object-atoms@https://registry.npmjs.org/es-object-atoms/-/es-object-atoms-1.1.1.tgz 0ms (cache hit)
1893 http cache es-define-property@https://registry.npmjs.org/es-define-property/-/es-define-property-1.0.1.tgz 0ms (cache hit)
1894 http cache hasown@https://registry.npmjs.org/hasown/-/hasown-2.0.2.tgz 0ms (cache hit)
1895 http cache get-proto@https://registry.npmjs.org/get-proto/-/get-proto-1.0.1.tgz 0ms (cache hit)
1896 http cache function-bind@https://registry.npmjs.org/function-bind/-/function-bind-1.1.2.tgz 0ms (cache hit)
1897 http cache call-bind-apply-helpers@https://registry.npmjs.org/call-bind-apply-helpers/-/call-bind-apply-helpers-1.0.2.tgz 0ms (cache hit)
1898 http cache get-intrinsic@https://registry.npmjs.org/get-intrinsic/-/get-intrinsic-1.3.0.tgz 0ms (cache hit)
1899 http cache side-channel-weakmap@https://registry.npmjs.org/side-channel-weakmap/-/side-channel-weakmap-1.0.2.tgz 0ms (cache hit)
1900 http cache call-bound@https://registry.npmjs.org/call-bound/-/call-bound-1.0.4.tgz 0ms (cache hit)
1901 http cache side-channel-list@https://registry.npmjs.org/side-channel-list/-/side-channel-list-1.0.0.tgz 0ms (cache hit)
1902 http cache object-inspect@https://registry.npmjs.org/object-inspect/-/object-inspect-1.13.4.tgz 0ms (cache hit)
1903 http cache side-channel-map@https://registry.npmjs.org/side-channel-map/-/side-channel-map-1.0.1.tgz 0ms (cache hit)
1904 http cache shebang-regex@https://registry.npmjs.org/shebang-regex/-/shebang-regex-3.0.0.tgz 0ms (cache hit)
1905 http cache queue-microtask@https://registry.npmjs.org/queue-microtask/-/queue-microtask-1.2.3.tgz 0ms (cache hit)
1906 http cache es-errors@https://registry.npmjs.org/es-errors/-/es-errors-1.3.0.tgz 0ms (cache hit)
1907 http cache mimic-function@https://registry.npmjs.org/mimic-function/-/mimic-function-5.0.1.tgz 0ms (cache hit)
1908 http cache is-promise@https://registry.npmjs.org/is-promise/-/is-promise-4.0.0.tgz 0ms (cache hit)
1909 http cache tslib@https://registry.npmjs.org/tslib/-/tslib-2.8.1.tgz 0ms (cache hit)
1910 http cache tiny-invariant@https://registry.npmjs.org/tiny-invariant/-/tiny-invariant-1.3.3.tgz 0ms (cache hit)
1911 http cache onetime@https://registry.npmjs.org/onetime/-/onetime-7.0.0.tgz 0ms (cache hit)
1912 http cache source-map@https://registry.npmjs.org/source-map/-/source-map-0.6.1.tgz 0ms (cache hit)
1913 http cache esprima@https://registry.npmjs.org/esprima/-/esprima-4.0.1.tgz 0ms (cache hit)
1914 http cache ast-types@https://registry.npmjs.org/ast-types/-/ast-types-0.16.1.tgz 0ms (cache hit)
1915 http cache side-channel@https://registry.npmjs.org/side-channel/-/side-channel-1.1.0.tgz 0ms (cache hit)
1916 http cache ipaddr.js@https://registry.npmjs.org/ipaddr.js/-/ipaddr.js-1.9.1.tgz 0ms (cache hit)
1917 http cache unpipe@https://registry.npmjs.org/unpipe/-/unpipe-1.0.0.tgz 0ms (cache hit)
1918 http cache forwarded@https://registry.npmjs.org/forwarded/-/forwarded-0.2.0.tgz 0ms (cache hit)
1919 http cache sisteransi@https://registry.npmjs.org/sisteransi/-/sisteransi-1.0.5.tgz 0ms (cache hit)
1920 http cache parse-ms@https://registry.npmjs.org/parse-ms/-/parse-ms-4.0.0.tgz 0ms (cache hit)
1921 http cache util-deprecate@https://registry.npmjs.org/util-deprecate/-/util-deprecate-1.0.2.tgz 0ms (cache hit)
1922 http cache cssesc@https://registry.npmjs.org/cssesc/-/cssesc-3.0.0.tgz 0ms (cache hit)
1923 http cache is-arrayish@https://registry.npmjs.org/is-arrayish/-/is-arrayish-0.2.1.tgz 0ms (cache hit)
1924 http cache source-map-js@https://registry.npmjs.org/source-map-js/-/source-map-js-1.2.1.tgz 0ms (cache hit)
1925 http cache nanoid@https://registry.npmjs.org/nanoid/-/nanoid-3.3.11.tgz 0ms (cache hit)
1926 http cache lines-and-columns@https://registry.npmjs.org/lines-and-columns/-/lines-and-columns-1.2.4.tgz 0ms (cache hit)
1927 http cache json-parse-even-better-errors@https://registry.npmjs.org/json-parse-even-better-errors/-/json-parse-even-better-errors-2.3.1.tgz 0ms (cache hit)
1928 http cache error-ex@https://registry.npmjs.org/error-ex/-/error-ex-1.3.4.tgz 0ms (cache hit)
1929 http cache callsites@https://registry.npmjs.org/callsites/-/callsites-3.1.0.tgz 0ms (cache hit)
1930 http cache restore-cursor@https://registry.npmjs.org/restore-cursor/-/restore-cursor-5.1.0.tgz 0ms (cache hit)
1931 http cache strip-ansi@https://registry.npmjs.org/strip-ansi/-/strip-ansi-7.1.2.tgz 0ms (cache hit)
1932 http cache string-width@https://registry.npmjs.org/string-width/-/string-width-7.2.0.tgz 0ms (cache hit)
1933 http cache stdin-discarder@https://registry.npmjs.org/stdin-discarder/-/stdin-discarder-0.2.2.tgz 0ms (cache hit)
1934 http cache is-interactive@https://registry.npmjs.org/is-interactive/-/is-interactive-2.0.0.tgz 0ms (cache hit)
1935 http cache log-symbols@https://registry.npmjs.org/log-symbols/-/log-symbols-6.0.0.tgz 0ms (cache hit)
1936 http cache cli-spinners@https://registry.npmjs.org/cli-spinners/-/cli-spinners-2.9.2.tgz 0ms (cache hit)
1937 http cache chalk@https://registry.npmjs.org/chalk/-/chalk-5.6.2.tgz 0ms (cache hit)
1938 http cache cli-cursor@https://registry.npmjs.org/cli-cursor/-/cli-cursor-5.0.0.tgz 0ms (cache hit)
1939 http cache is-docker@https://registry.npmjs.org/is-docker/-/is-docker-3.0.0.tgz 1ms (cache hit)
1940 http cache run-applescript@https://registry.npmjs.org/run-applescript/-/run-applescript-7.1.0.tgz 0ms (cache hit)
1941 http cache default-browser-id@https://registry.npmjs.org/default-browser-id/-/default-browser-id-5.0.1.tgz 0ms (cache hit)
1942 http cache bundle-name@https://registry.npmjs.org/bundle-name/-/bundle-name-4.1.0.tgz 0ms (cache hit)
1943 http cache wsl-utils@https://registry.npmjs.org/wsl-utils/-/wsl-utils-0.3.1.tgz 0ms (cache hit)
1944 http cache is-in-ssh@https://registry.npmjs.org/is-in-ssh/-/is-in-ssh-1.0.0.tgz 0ms (cache hit)
1945 http cache is-inside-container@https://registry.npmjs.org/is-inside-container/-/is-inside-container-1.0.0.tgz 0ms (cache hit)
1946 http cache powershell-utils@https://registry.npmjs.org/powershell-utils/-/powershell-utils-0.1.0.tgz 0ms (cache hit)
1947 http cache define-lazy-prop@https://registry.npmjs.org/define-lazy-prop/-/define-lazy-prop-3.0.0.tgz 0ms (cache hit)
1948 http cache wrappy@https://registry.npmjs.org/wrappy/-/wrappy-1.0.2.tgz 0ms (cache hit)
1949 http cache ee-first@https://registry.npmjs.org/ee-first/-/ee-first-1.1.1.tgz 0ms (cache hit)
1950 http cache default-browser@https://registry.npmjs.org/default-browser/-/default-browser-5.4.0.tgz 0ms (cache hit)
1951 http cache unicorn-magic@https://registry.npmjs.org/unicorn-magic/-/unicorn-magic-0.3.0.tgz 0ms (cache hit)
1952 http cache web-streams-polyfill@https://registry.npmjs.org/web-streams-polyfill/-/web-streams-polyfill-3.3.3.tgz 0ms (cache hit)
1953 http cache fetch-blob@https://registry.npmjs.org/fetch-blob/-/fetch-blob-3.2.0.tgz 0ms (cache hit)
1954 http cache @open-draft/until@https://registry.npmjs.org/@open-draft/until/-/until-2.1.0.tgz 0ms (cache hit)
1955 http cache formdata-polyfill@https://registry.npmjs.org/formdata-polyfill/-/formdata-polyfill-4.0.10.tgz 0ms (cache hit)
1956 http cache data-uri-to-buffer@https://registry.npmjs.org/data-uri-to-buffer/-/data-uri-to-buffer-4.0.1.tgz 0ms (cache hit)
1957 http cache @open-draft/logger@https://registry.npmjs.org/@open-draft/logger/-/logger-0.3.0.tgz 0ms (cache hit)
1958 http cache node-domexception@https://registry.npmjs.org/node-domexception/-/node-domexception-1.0.0.tgz 0ms (cache hit)
1959 http cache yoctocolors-cjs@https://registry.npmjs.org/yoctocolors-cjs/-/yoctocolors-cjs-2.1.3.tgz 0ms (cache hit)
1960 http cache mute-stream@https://registry.npmjs.org/mute-stream/-/mute-stream-2.0.0.tgz 0ms (cache hit)
1961 http cache wrap-ansi@https://registry.npmjs.org/wrap-ansi/-/wrap-ansi-6.2.0.tgz 0ms (cache hit)
1962 http cache @inquirer/figures@https://registry.npmjs.org/@inquirer/figures/-/figures-1.0.15.tgz 0ms (cache hit)
1963 http cache cli-width@https://registry.npmjs.org/cli-width/-/cli-width-4.1.0.tgz 0ms (cache hit)
1964 http cache @inquirer/type@https://registry.npmjs.org/@inquirer/type/-/type-3.0.10.tgz 0ms (cache hit)
1965 http cache @inquirer/ansi@https://registry.npmjs.org/@inquirer/ansi/-/ansi-1.0.2.tgz 0ms (cache hit)
1966 http cache @inquirer/core@https://registry.npmjs.org/@inquirer/core/-/core-10.3.2.tgz 0ms (cache hit)
1967 http cache until-async@https://registry.npmjs.org/until-async/-/until-async-3.0.2.tgz 0ms (cache hit)
1968 http cache yargs@https://registry.npmjs.org/yargs/-/yargs-17.7.2.tgz 0ms (cache hit)
1969 http cache type-fest@https://registry.npmjs.org/type-fest/-/type-fest-5.3.1.tgz 0ms (cache hit)
1970 http cache strict-event-emitter@https://registry.npmjs.org/strict-event-emitter/-/strict-event-emitter-0.5.1.tgz 0ms (cache hit)
1971 http cache tough-cookie@https://registry.npmjs.org/tough-cookie/-/tough-cookie-6.0.0.tgz 0ms (cache hit)
1972 http cache rettime@https://registry.npmjs.org/rettime/-/rettime-0.7.0.tgz 0ms (cache hit)
1973 http cache path-to-regexp@https://registry.npmjs.org/path-to-regexp/-/path-to-regexp-6.3.0.tgz 0ms (cache hit)
1974 http cache outvariant@https://registry.npmjs.org/outvariant/-/outvariant-1.4.3.tgz 0ms (cache hit)
1975 http cache is-node-process@https://registry.npmjs.org/is-node-process/-/is-node-process-1.2.0.tgz 0ms (cache hit)
1976 http cache @types/statuses@https://registry.npmjs.org/@types/statuses/-/statuses-2.0.6.tgz 0ms (cache hit)
1977 http cache headers-polyfill@https://registry.npmjs.org/headers-polyfill/-/headers-polyfill-4.0.3.tgz 0ms (cache hit)
1978 http cache graphql@https://registry.npmjs.org/graphql/-/graphql-16.12.0.tgz 0ms (cache hit)
1979 http cache @open-draft/deferred-promise@https://registry.npmjs.org/@open-draft/deferred-promise/-/deferred-promise-2.2.0.tgz 0ms (cache hit)
1980 http cache @mswjs/interceptors@https://registry.npmjs.org/@mswjs/interceptors/-/interceptors-0.40.0.tgz 0ms (cache hit)
1981 http cache @inquirer/confirm@https://registry.npmjs.org/@inquirer/confirm/-/confirm-5.1.21.tgz 0ms (cache hit)
1982 http cache mime-db@https://registry.npmjs.org/mime-db/-/mime-db-1.54.0.tgz 0ms (cache hit)
1983 http cache braces@https://registry.npmjs.org/braces/-/braces-3.0.3.tgz 0ms (cache hit)
1984 http cache to-regex-range@https://registry.npmjs.org/to-regex-range/-/to-regex-range-5.0.1.tgz 0ms (cache hit)
1985 http cache fill-range@https://registry.npmjs.org/fill-range/-/fill-range-7.1.1.tgz 0ms (cache hit)
1986 http cache yallist@https://registry.npmjs.org/yallist/-/yallist-3.1.1.tgz 0ms (cache hit)
1987 http cache argparse@https://registry.npmjs.org/argparse/-/argparse-2.0.1.tgz 0ms (cache hit)
1988 http cache is-extglob@https://registry.npmjs.org/is-extglob/-/is-extglob-2.1.1.tgz 0ms (cache hit)
1989 http cache resolve-from@https://registry.npmjs.org/resolve-from/-/resolve-from-4.0.0.tgz 0ms (cache hit)
1990 http cache parent-module@https://registry.npmjs.org/parent-module/-/parent-module-1.0.1.tgz 0ms (cache hit)
1991 http cache agent-base@https://registry.npmjs.org/agent-base/-/agent-base-7.1.4.tgz 0ms (cache hit)
1992 http cache toidentifier@https://registry.npmjs.org/toidentifier/-/toidentifier-1.0.1.tgz 0ms (cache hit)
1993 http cache safer-buffer@https://registry.npmjs.org/safer-buffer/-/safer-buffer-2.1.2.tgz 0ms (cache hit)
1994 http cache @sec-ant/readable-stream@https://registry.npmjs.org/@sec-ant/readable-stream/-/readable-stream-0.4.1.tgz 0ms (cache hit)
1995 http cache inherits@https://registry.npmjs.org/inherits/-/inherits-2.0.4.tgz 0ms (cache hit)
1996 http cache setprototypeof@https://registry.npmjs.org/setprototypeof/-/setprototypeof-1.2.0.tgz 0ms (cache hit)
1997 http cache universalify@https://registry.npmjs.org/universalify/-/universalify-2.0.1.tgz 0ms (cache hit)
1998 http cache jsonfile@https://registry.npmjs.org/jsonfile/-/jsonfile-6.2.0.tgz 0ms (cache hit)
1999 http cache is-glob@https://registry.npmjs.org/is-glob/-/is-glob-4.0.3.tgz 0ms (cache hit)
2000 http cache is-unicode-supported@https://registry.npmjs.org/is-unicode-supported/-/is-unicode-supported-2.1.0.tgz 0ms (cache hit)
2001 http cache graceful-fs@https://registry.npmjs.org/graceful-fs/-/graceful-fs-4.2.11.tgz 0ms (cache hit)
2002 http cache reusify@https://registry.npmjs.org/reusify/-/reusify-1.1.0.tgz 0ms (cache hit)
2003 http cache run-parallel@https://registry.npmjs.org/run-parallel/-/run-parallel-1.2.0.tgz 0ms (cache hit)
2004 http cache fastq@https://registry.npmjs.org/fastq/-/fastq-1.20.1.tgz 0ms (cache hit)
2005 http cache @nodelib/fs.scandir@https://registry.npmjs.org/@nodelib/fs.scandir/-/fs.scandir-2.1.5.tgz 0ms (cache hit)
2006 http cache @nodelib/fs.walk@https://registry.npmjs.org/@nodelib/fs.walk/-/fs.walk-1.2.8.tgz 0ms (cache hit)
2007 http cache @nodelib/fs.stat@https://registry.npmjs.org/@nodelib/fs.stat/-/fs.stat-2.0.5.tgz 0ms (cache hit)
2008 http cache merge2@https://registry.npmjs.org/merge2/-/merge2-1.4.1.tgz 0ms (cache hit)
2009 http cache glob-parent@https://registry.npmjs.org/glob-parent/-/glob-parent-5.1.2.tgz 0ms (cache hit)
2010 http cache bytes@https://registry.npmjs.org/bytes/-/bytes-3.1.2.tgz 0ms (cache hit)
2011 http cache micromatch@https://registry.npmjs.org/micromatch/-/micromatch-4.0.8.tgz 0ms (cache hit)
2012 http cache negotiator@https://registry.npmjs.org/negotiator/-/negotiator-1.0.0.tgz 0ms (cache hit)
2013 http cache type-is@https://registry.npmjs.org/type-is/-/type-is-2.0.1.tgz 0ms (cache hit)
2014 http cache iconv-lite@https://registry.npmjs.org/iconv-lite/-/iconv-lite-0.7.1.tgz 0ms (cache hit)
2015 http cache statuses@https://registry.npmjs.org/statuses/-/statuses-2.0.2.tgz 0ms (cache hit)
2016 http cache serve-static@https://registry.npmjs.org/serve-static/-/serve-static-2.2.1.tgz 0ms (cache hit)
2017 http cache send@https://registry.npmjs.org/send/-/send-1.2.1.tgz 0ms (cache hit)
2018 http cache range-parser@https://registry.npmjs.org/range-parser/-/range-parser-1.2.1.tgz 0ms (cache hit)
2019 http cache qs@https://registry.npmjs.org/qs/-/qs-6.14.1.tgz 0ms (cache hit)
2020 http cache router@https://registry.npmjs.org/router/-/router-2.2.0.tgz 0ms (cache hit)
2021 http cache proxy-addr@https://registry.npmjs.org/proxy-addr/-/proxy-addr-2.0.7.tgz 0ms (cache hit)
2022 http cache parseurl@https://registry.npmjs.org/parseurl/-/parseurl-1.3.3.tgz 0ms (cache hit)
2023 http cache once@https://registry.npmjs.org/once/-/once-1.4.0.tgz 0ms (cache hit)
2024 http cache mime-types@https://registry.npmjs.org/mime-types/-/mime-types-3.0.2.tgz 0ms (cache hit)
2025 http cache on-finished@https://registry.npmjs.org/on-finished/-/on-finished-2.4.1.tgz 0ms (cache hit)
2026 http cache fresh@https://registry.npmjs.org/fresh/-/fresh-2.0.0.tgz 0ms (cache hit)
2027 http cache http-errors@https://registry.npmjs.org/http-errors/-/http-errors-2.0.1.tgz 0ms (cache hit)
2028 http cache merge-descriptors@https://registry.npmjs.org/merge-descriptors/-/merge-descriptors-2.0.0.tgz 0ms (cache hit)
2029 http cache finalhandler@https://registry.npmjs.org/finalhandler/-/finalhandler-2.1.1.tgz 0ms (cache hit)
2030 http cache etag@https://registry.npmjs.org/etag/-/etag-1.8.1.tgz 0ms (cache hit)
2031 http cache escape-html@https://registry.npmjs.org/escape-html/-/escape-html-1.0.3.tgz 0ms (cache hit)
2032 http cache encodeurl@https://registry.npmjs.org/encodeurl/-/encodeurl-2.0.0.tgz 0ms (cache hit)
2033 http cache depd@https://registry.npmjs.org/depd/-/depd-2.0.0.tgz 0ms (cache hit)
2034 http cache cookie@https://registry.npmjs.org/cookie/-/cookie-0.7.2.tgz 0ms (cache hit)
2035 http cache content-disposition@https://registry.npmjs.org/content-disposition/-/content-disposition-1.0.1.tgz 0ms (cache hit)
2036 http cache strip-final-newline@https://registry.npmjs.org/strip-final-newline/-/strip-final-newline-4.0.0.tgz 0ms (cache hit)
2037 http cache yoctocolors@https://registry.npmjs.org/yoctocolors/-/yoctocolors-2.1.2.tgz 0ms (cache hit)
2038 http cache cookie-signature@https://registry.npmjs.org/cookie-signature/-/cookie-signature-1.2.2.tgz 0ms (cache hit)
2039 http cache accepts@https://registry.npmjs.org/accepts/-/accepts-2.0.0.tgz 0ms (cache hit)
2040 http cache signal-exit@https://registry.npmjs.org/signal-exit/-/signal-exit-4.1.0.tgz 0ms (cache hit)
2041 http cache body-parser@https://registry.npmjs.org/body-parser/-/body-parser-2.2.1.tgz 0ms (cache hit)
2042 http cache pretty-ms@https://registry.npmjs.org/pretty-ms/-/pretty-ms-9.3.0.tgz 0ms (cache hit)
2043 http cache is-plain-obj@https://registry.npmjs.org/is-plain-obj/-/is-plain-obj-4.1.0.tgz 0ms (cache hit)
2044 http cache npm-run-path@https://registry.npmjs.org/npm-run-path/-/npm-run-path-6.0.0.tgz 0ms (cache hit)
2045 http cache human-signals@https://registry.npmjs.org/human-signals/-/human-signals-8.0.1.tgz 0ms (cache hit)
2046 http cache is-stream@https://registry.npmjs.org/is-stream/-/is-stream-4.0.1.tgz 0ms (cache hit)
2047 http cache figures@https://registry.npmjs.org/figures/-/figures-6.1.0.tgz 0ms (cache hit)
2048 http cache @sindresorhus/merge-streams@https://registry.npmjs.org/@sindresorhus/merge-streams/-/merge-streams-4.0.0.tgz 0ms (cache hit)
2049 http cache get-stream@https://registry.npmjs.org/get-stream/-/get-stream-9.0.1.tgz 0ms (cache hit)
2050 http cache @ecies/ciphers@https://registry.npmjs.org/@ecies/ciphers/-/ciphers-0.2.5.tgz 0ms (cache hit)
2051 http cache ms@https://registry.npmjs.org/ms/-/ms-2.1.3.tgz 0ms (cache hit)
2052 http cache shebang-command@https://registry.npmjs.org/shebang-command/-/shebang-command-2.0.0.tgz 0ms (cache hit)
2053 http cache path-key@https://registry.npmjs.org/path-key/-/path-key-3.1.1.tgz 0ms (cache hit)
2054 http cache @noble/hashes@https://registry.npmjs.org/@noble/hashes/-/hashes-1.8.0.tgz 0ms (cache hit)
2055 http cache parse-json@https://registry.npmjs.org/parse-json/-/parse-json-5.2.0.tgz 0ms (cache hit)
2056 http cache @noble/ciphers@https://registry.npmjs.org/@noble/ciphers/-/ciphers-1.3.0.tgz 0ms (cache hit)
2057 http cache @noble/curves@https://registry.npmjs.org/@noble/curves/-/curves-1.9.7.tgz 0ms (cache hit)
2058 http cache env-paths@https://registry.npmjs.org/env-paths/-/env-paths-2.2.1.tgz 0ms (cache hit)
2059 http cache js-yaml@https://registry.npmjs.org/js-yaml/-/js-yaml-4.1.1.tgz 1ms (cache hit)
2060 http cache import-fresh@https://registry.npmjs.org/import-fresh/-/import-fresh-3.3.1.tgz 0ms (cache hit)
2061 http cache object-assign@https://registry.npmjs.org/object-assign/-/object-assign-4.1.1.tgz 0ms (cache hit)
2062 http cache update-browserslist-db@https://registry.npmjs.org/update-browserslist-db/-/update-browserslist-db-1.2.3.tgz 0ms (cache hit)
2063 http cache vary@https://registry.npmjs.org/vary/-/vary-1.1.2.tgz 0ms (cache hit)
2064 http cache electron-to-chromium@https://registry.npmjs.org/electron-to-chromium/-/electron-to-chromium-1.5.267.tgz 0ms (cache hit)
2065 http cache baseline-browser-mapping@https://registry.npmjs.org/baseline-browser-mapping/-/baseline-browser-mapping-2.9.11.tgz 0ms (cache hit)
2066 http cache json-schema-traverse@https://registry.npmjs.org/json-schema-traverse/-/json-schema-traverse-1.0.0.tgz 0ms (cache hit)
2067 http cache require-from-string@https://registry.npmjs.org/require-from-string/-/require-from-string-2.0.2.tgz 0ms (cache hit)
2068 http cache caniuse-lite@https://registry.npmjs.org/caniuse-lite/-/caniuse-lite-1.0.30001762.tgz 0ms (cache hit)
2069 http cache fast-deep-equal@https://registry.npmjs.org/fast-deep-equal/-/fast-deep-equal-3.1.3.tgz 0ms (cache hit)
2070 http cache raw-body@https://registry.npmjs.org/raw-body/-/raw-body-3.0.2.tgz 0ms (cache hit)
2071 http cache node-releases@https://registry.npmjs.org/node-releases/-/node-releases-2.0.27.tgz 0ms (cache hit)
2072 http cache pkce-challenge@https://registry.npmjs.org/pkce-challenge/-/pkce-challenge-5.0.1.tgz 0ms (cache hit)
2073 http cache fast-uri@https://registry.npmjs.org/fast-uri/-/fast-uri-3.1.0.tgz 0ms (cache hit)
2074 http cache jose@https://registry.npmjs.org/jose/-/jose-6.1.3.tgz 0ms (cache hit)
2075 http cache json-schema-typed@https://registry.npmjs.org/json-schema-typed/-/json-schema-typed-8.0.2.tgz 0ms (cache hit)
2076 http cache express-rate-limit@https://registry.npmjs.org/express-rate-limit/-/express-rate-limit-7.5.1.tgz 0ms (cache hit)
2077 http cache eventsource-parser@https://registry.npmjs.org/eventsource-parser/-/eventsource-parser-3.0.6.tgz 0ms (cache hit)
2078 http cache express@https://registry.npmjs.org/express/-/express-5.2.1.tgz 0ms (cache hit)
2079 http cache eventsource@https://registry.npmjs.org/eventsource/-/eventsource-3.0.7.tgz 0ms (cache hit)
2080 http cache cross-spawn@https://registry.npmjs.org/cross-spawn/-/cross-spawn-7.0.6.tgz 0ms (cache hit)
2081 http cache content-type@https://registry.npmjs.org/content-type/-/content-type-1.0.5.tgz 0ms (cache hit)
2082 http cache @hono/node-server@https://registry.npmjs.org/@hono/node-server/-/node-server-1.19.7.tgz 0ms (cache hit)
2083 http cache ajv-formats@https://registry.npmjs.org/ajv-formats/-/ajv-formats-3.0.1.tgz 0ms (cache hit)
2084 http cache ajv@https://registry.npmjs.org/ajv/-/ajv-8.17.1.tgz 0ms (cache hit)
2085 http cache cors@https://registry.npmjs.org/cors/-/cors-2.8.5.tgz 0ms (cache hit)
2086 http cache hono@https://registry.npmjs.org/hono/-/hono-4.11.3.tgz 0ms (cache hit)
2087 http cache @jridgewell/resolve-uri@https://registry.npmjs.org/@jridgewell/resolve-uri/-/resolve-uri-3.1.2.tgz 0ms (cache hit)
2088 http cache @jridgewell/sourcemap-codec@https://registry.npmjs.org/@jridgewell/sourcemap-codec/-/sourcemap-codec-1.5.5.tgz 0ms (cache hit)
2089 http cache picomatch@https://registry.npmjs.org/picomatch/-/picomatch-4.0.3.tgz 0ms (cache hit)
2090 http cache which@https://registry.npmjs.org/which/-/which-4.0.0.tgz 0ms (cache hit)
2091 http cache object-treeify@https://registry.npmjs.org/object-treeify/-/object-treeify-1.1.33.tgz 0ms (cache hit)
2092 http cache ignore@https://registry.npmjs.org/ignore/-/ignore-5.3.2.tgz 0ms (cache hit)
2093 http cache fdir@https://registry.npmjs.org/fdir/-/fdir-6.5.0.tgz 0ms (cache hit)
2094 http cache eciesjs@https://registry.npmjs.org/eciesjs/-/eciesjs-0.4.16.tgz 0ms (cache hit)
2095 http cache dotenv@https://registry.npmjs.org/dotenv/-/dotenv-17.2.3.tgz 0ms (cache hit)
2096 http cache @babel/helper-string-parser@https://registry.npmjs.org/@babel/helper-string-parser/-/helper-string-parser-7.27.1.tgz 0ms (cache hit)
2097 http cache @babel/plugin-transform-modules-commonjs@https://registry.npmjs.org/@babel/plugin-transform-modules-commonjs/-/plugin-transform-modules-commonjs-7.27.1.tgz 0ms (cache hit)
2098 http cache @babel/helper-globals@https://registry.npmjs.org/@babel/helper-globals/-/helper-globals-7.28.0.tgz 0ms (cache hit)
2099 http cache @babel/plugin-syntax-jsx@https://registry.npmjs.org/@babel/plugin-syntax-jsx/-/plugin-syntax-jsx-7.27.1.tgz 0ms (cache hit)
2100 http cache @babel/helper-replace-supers@https://registry.npmjs.org/@babel/helper-replace-supers/-/helper-replace-supers-7.27.1.tgz 0ms (cache hit)
2101 http cache @babel/helper-optimise-call-expression@https://registry.npmjs.org/@babel/helper-optimise-call-expression/-/helper-optimise-call-expression-7.27.1.tgz 0ms (cache hit)
2102 http cache @babel/helper-member-expression-to-functions@https://registry.npmjs.org/@babel/helper-member-expression-to-functions/-/helper-member-expression-to-functions-7.28.5.tgz 0ms (cache hit)
2103 http cache @babel/plugin-syntax-typescript@https://registry.npmjs.org/@babel/plugin-syntax-typescript/-/plugin-syntax-typescript-7.27.1.tgz 0ms (cache hit)
2104 http cache @babel/helper-skip-transparent-expression-wrappers@https://registry.npmjs.org/@babel/helper-skip-transparent-expression-wrappers/-/helper-skip-transparent-expression-wrappers-7.27.1.tgz 0ms (cache hit)
2105 http cache @babel/helper-plugin-utils@https://registry.npmjs.org/@babel/helper-plugin-utils/-/helper-plugin-utils-7.27.1.tgz 0ms (cache hit)
2106 http cache lru-cache@https://registry.npmjs.org/lru-cache/-/lru-cache-5.1.1.tgz 0ms (cache hit)
2107 http cache @babel/helper-module-imports@https://registry.npmjs.org/@babel/helper-module-imports/-/helper-module-imports-7.27.1.tgz 0ms (cache hit)
2108 http cache @babel/helper-annotate-as-pure@https://registry.npmjs.org/@babel/helper-annotate-as-pure/-/helper-annotate-as-pure-7.27.3.tgz 0ms (cache hit)
2109 http cache @babel/helper-validator-option@https://registry.npmjs.org/@babel/helper-validator-option/-/helper-validator-option-7.27.1.tgz 0ms (cache hit)
2110 http cache @babel/compat-data@https://registry.npmjs.org/@babel/compat-data/-/compat-data-7.28.5.tgz 0ms (cache hit)
2111 http cache @jridgewell/trace-mapping@https://registry.npmjs.org/@jridgewell/trace-mapping/-/trace-mapping-0.3.31.tgz 0ms (cache hit)
2112 http cache @jridgewell/gen-mapping@https://registry.npmjs.org/@jridgewell/gen-mapping/-/gen-mapping-0.3.13.tgz 0ms (cache hit)
2113 http cache js-tokens@https://registry.npmjs.org/js-tokens/-/js-tokens-4.0.0.tgz 1ms (cache hit)
2114 http cache jsesc@https://registry.npmjs.org/jsesc/-/jsesc-3.1.0.tgz 0ms (cache hit)
2115 http cache @babel/helper-validator-identifier@https://registry.npmjs.org/@babel/helper-validator-identifier/-/helper-validator-identifier-7.28.5.tgz 0ms (cache hit)
2116 http cache semver@https://registry.npmjs.org/semver/-/semver-6.3.1.tgz 0ms (cache hit)
2117 http cache debug@https://registry.npmjs.org/debug/-/debug-4.4.3.tgz 0ms (cache hit)
2118 http cache @babel/helper-create-class-features-plugin@https://registry.npmjs.org/@babel/helper-create-class-features-plugin/-/helper-create-class-features-plugin-7.28.5.tgz 0ms (cache hit)
2119 http cache json5@https://registry.npmjs.org/json5/-/json5-2.2.3.tgz 0ms (cache hit)
2120 http cache @jridgewell/remapping@https://registry.npmjs.org/@jridgewell/remapping/-/remapping-2.3.5.tgz 0ms (cache hit)
2121 http cache gensync@https://registry.npmjs.org/gensync/-/gensync-1.0.0-beta.2.tgz 0ms (cache hit)
2122 http cache convert-source-map@https://registry.npmjs.org/convert-source-map/-/convert-source-map-2.0.0.tgz 0ms (cache hit)
2123 http cache picocolors@https://registry.npmjs.org/picocolors/-/picocolors-1.1.1.tgz 0ms (cache hit)
2124 http cache @babel/template@https://registry.npmjs.org/@babel/template/-/template-7.27.2.tgz 0ms (cache hit)
2125 http cache @babel/traverse@https://registry.npmjs.org/@babel/traverse/-/traverse-7.28.5.tgz 0ms (cache hit)
2126 http cache @babel/types@https://registry.npmjs.org/@babel/types/-/types-7.28.5.tgz 1ms (cache hit)
2127 http cache @babel/helpers@https://registry.npmjs.org/@babel/helpers/-/helpers-7.28.4.tgz 0ms (cache hit)
2128 http cache @babel/helper-module-transforms@https://registry.npmjs.org/@babel/helper-module-transforms/-/helper-module-transforms-7.28.3.tgz 0ms (cache hit)
2129 http cache @babel/helper-compilation-targets@https://registry.npmjs.org/@babel/helper-compilation-targets/-/helper-compilation-targets-7.27.2.tgz 0ms (cache hit)
2130 http cache tinyexec@https://registry.npmjs.org/tinyexec/-/tinyexec-1.0.2.tgz 0ms (cache hit)
2131 http cache package-manager-detector@https://registry.npmjs.org/package-manager-detector/-/package-manager-detector-1.6.0.tgz 1ms (cache hit)
2132 http cache @babel/generator@https://registry.npmjs.org/@babel/generator/-/generator-7.28.5.tgz 0ms (cache hit)
2133 http cache fzf@https://registry.npmjs.org/fzf/-/fzf-0.5.2.tgz 0ms (cache hit)
2134 http cache @babel/code-frame@https://registry.npmjs.org/@babel/code-frame/-/code-frame-7.27.1.tgz 1ms (cache hit)
2135 http cache ansis@https://registry.npmjs.org/ansis/-/ansis-4.2.0.tgz 0ms (cache hit)
2136 http cache zod-to-json-schema@https://registry.npmjs.org/zod-to-json-schema/-/zod-to-json-schema-3.25.1.tgz 0ms (cache hit)
2137 http cache tsconfig-paths@https://registry.npmjs.org/tsconfig-paths/-/tsconfig-paths-4.2.0.tgz 0ms (cache hit)
2138 http cache ts-morph@https://registry.npmjs.org/ts-morph/-/ts-morph-26.0.0.tgz 0ms (cache hit)
2139 http cache zod@https://registry.npmjs.org/zod/-/zod-3.25.76.tgz 0ms (cache hit)
2140 http cache stringify-object@https://registry.npmjs.org/stringify-object/-/stringify-object-5.0.0.tgz 0ms (cache hit)
2141 http cache prompts@https://registry.npmjs.org/prompts/-/prompts-2.4.2.tgz 0ms (cache hit)
2142 http cache postcss@https://registry.npmjs.org/postcss/-/postcss-8.5.6.tgz 0ms (cache hit)
2143 http cache postcss-selector-parser@https://registry.npmjs.org/postcss-selector-parser/-/postcss-selector-parser-7.1.1.tgz 0ms (cache hit)
2144 http cache recast@https://registry.npmjs.org/recast/-/recast-0.23.11.tgz 0ms (cache hit)
2145 http cache ora@https://registry.npmjs.org/ora/-/ora-8.2.0.tgz 0ms (cache hit)
2146 http cache open@https://registry.npmjs.org/open/-/open-11.0.0.tgz 0ms (cache hit)
2147 http cache node-fetch@https://registry.npmjs.org/node-fetch/-/node-fetch-3.3.2.tgz 0ms (cache hit)
2148 http cache kleur@https://registry.npmjs.org/kleur/-/kleur-4.1.5.tgz 0ms (cache hit)
2149 http cache https-proxy-agent@https://registry.npmjs.org/https-proxy-agent/-/https-proxy-agent-7.0.6.tgz 0ms (cache hit)
2150 http cache fs-extra@https://registry.npmjs.org/fs-extra/-/fs-extra-11.3.3.tgz 0ms (cache hit)
2151 http cache fuzzysort@https://registry.npmjs.org/fuzzysort/-/fuzzysort-3.1.0.tgz 0ms (cache hit)
2152 http cache execa@https://registry.npmjs.org/execa/-/execa-9.6.1.tgz 0ms (cache hit)
2153 http cache diff@https://registry.npmjs.org/diff/-/diff-8.0.2.tgz 0ms (cache hit)
2154 http cache msw@https://registry.npmjs.org/msw/-/msw-2.12.7.tgz 0ms (cache hit)
2155 http cache deepmerge@https://registry.npmjs.org/deepmerge/-/deepmerge-4.3.1.tgz 0ms (cache hit)
2156 http cache dedent@https://registry.npmjs.org/dedent/-/dedent-1.7.1.tgz 0ms (cache hit)
2157 http cache cosmiconfig@https://registry.npmjs.org/cosmiconfig/-/cosmiconfig-9.0.0.tgz 0ms (cache hit)
2158 http cache @modelcontextprotocol/sdk@https://registry.npmjs.org/@modelcontextprotocol/sdk/-/sdk-1.25.1.tgz 0ms (cache hit)
2159 http cache @dotenvx/dotenvx@https://registry.npmjs.org/@dotenvx/dotenvx/-/dotenvx-1.51.4.tgz 0ms (cache hit)
2160 http cache commander@https://registry.npmjs.org/commander/-/commander-14.0.2.tgz 0ms (cache hit)
2161 http cache browserslist@https://registry.npmjs.org/browserslist/-/browserslist-4.28.1.tgz 0ms (cache hit)
2162 http cache @babel/plugin-transform-typescript@https://registry.npmjs.org/@babel/plugin-transform-typescript/-/plugin-transform-typescript-7.28.5.tgz 0ms (cache hit)
2163 http cache @babel/preset-typescript@https://registry.npmjs.org/@babel/preset-typescript/-/preset-typescript-7.28.5.tgz 0ms (cache hit)
2164 http cache @babel/core@https://registry.npmjs.org/@babel/core/-/core-7.28.5.tgz 0ms (cache hit)
2165 http cache @babel/parser@https://registry.npmjs.org/@babel/parser/-/parser-7.28.5.tgz 0ms (cache hit)
2166 http cache @antfu/ni@https://registry.npmjs.org/@antfu/ni/-/ni-25.0.0.tgz 0ms (cache hit)
2167 http cache shadcn@https://registry.npmjs.org/shadcn/-/shadcn-3.6.2.tgz 0ms (cache hit)
2168 http cache ansi-regex@https://registry.npmjs.org/ansi-regex/-/ansi-regex-5.0.1.tgz 0ms (cache hit)
2169 http cache emoji-regex@https://registry.npmjs.org/emoji-regex/-/emoji-regex-8.0.0.tgz 0ms (cache hit)
2170 http cache wrap-ansi@https://registry.npmjs.org/wrap-ansi/-/wrap-ansi-7.0.0.tgz 0ms (cache hit)
2171 http cache strip-ansi@https://registry.npmjs.org/strip-ansi/-/strip-ansi-6.0.1.tgz 0ms (cache hit)
2172 http cache is-unicode-supported@https://registry.npmjs.org/is-unicode-supported/-/is-unicode-supported-1.3.0.tgz 0ms (cache hit)
2173 http cache string-width@https://registry.npmjs.org/string-width/-/string-width-4.2.3.tgz 0ms (cache hit)
2174 http cache ansi-regex@https://registry.npmjs.org/ansi-regex/-/ansi-regex-5.0.1.tgz 0ms (cache hit)
2175 http cache emoji-regex@https://registry.npmjs.org/emoji-regex/-/emoji-regex-8.0.0.tgz 0ms (cache hit)
2176 http cache strip-ansi@https://registry.npmjs.org/strip-ansi/-/strip-ansi-6.0.1.tgz 0ms (cache hit)
2177 http cache string-width@https://registry.npmjs.org/string-width/-/string-width-4.2.3.tgz 0ms (cache hit)
2178 http cache strip-ansi@https://registry.npmjs.org/strip-ansi/-/strip-ansi-6.0.1.tgz 0ms (cache hit)
2179 http cache ansi-regex@https://registry.npmjs.org/ansi-regex/-/ansi-regex-5.0.1.tgz 0ms (cache hit)
2180 http cache picomatch@https://registry.npmjs.org/picomatch/-/picomatch-2.3.1.tgz 0ms (cache hit)
2181 http cache path-to-regexp@https://registry.npmjs.org/path-to-regexp/-/path-to-regexp-8.3.0.tgz 0ms (cache hit)
2182 http cache emoji-regex@https://registry.npmjs.org/emoji-regex/-/emoji-regex-8.0.0.tgz 0ms (cache hit)
2183 http cache string-width@https://registry.npmjs.org/string-width/-/string-width-4.2.3.tgz 0ms (cache hit)
2184 http cache path-key@https://registry.npmjs.org/path-key/-/path-key-4.0.0.tgz 0ms (cache hit)
2185 http cache kleur@https://registry.npmjs.org/kleur/-/kleur-3.0.3.tgz 1ms (cache hit)
2186 http cache isexe@https://registry.npmjs.org/isexe/-/isexe-2.0.0.tgz 0ms (cache hit)
2187 http cache which@https://registry.npmjs.org/which/-/which-2.0.2.tgz 0ms (cache hit)
2188 http cache cookie@https://registry.npmjs.org/cookie/-/cookie-1.1.1.tgz 0ms (cache hit)
2189 http cache signal-exit@https://registry.npmjs.org/signal-exit/-/signal-exit-3.0.7.tgz 0ms (cache hit)
2190 http cache strip-final-newline@https://registry.npmjs.org/strip-final-newline/-/strip-final-newline-2.0.0.tgz 0ms (cache hit)
2191 http cache npm-run-path@https://registry.npmjs.org/npm-run-path/-/npm-run-path-4.0.1.tgz 0ms (cache hit)
2192 http cache human-signals@https://registry.npmjs.org/human-signals/-/human-signals-2.1.0.tgz 0ms (cache hit)
2193 http cache is-stream@https://registry.npmjs.org/is-stream/-/is-stream-2.0.1.tgz 0ms (cache hit)
2194 http cache fast-glob@https://registry.npmjs.org/fast-glob/-/fast-glob-3.3.3.tgz 0ms (cache hit)
2195 http cache onetime@https://registry.npmjs.org/onetime/-/onetime-5.1.2.tgz 0ms (cache hit)
2196 silly tarball no local data for is-fullwidth-code-point@https://registry.npmjs.org/is-fullwidth-code-point/-/is-fullwidth-code-point-3.0.0.tgz. Extracting by manifest.
2197 silly tarball no local data for mimic-fn@https://registry.npmjs.org/mimic-fn/-/mimic-fn-2.1.0.tgz. Extracting by manifest.
2198 silly tarball no local data for merge-stream@https://registry.npmjs.org/merge-stream/-/merge-stream-2.0.0.tgz. Extracting by manifest.
2199 silly tarball no local data for yargs-parser@https://registry.npmjs.org/yargs-parser/-/yargs-parser-21.1.1.tgz. Extracting by manifest.
2200 silly tarball no local data for y18n@https://registry.npmjs.org/y18n/-/y18n-5.0.8.tgz. Extracting by manifest.
2201 silly tarball no local data for require-directory@https://registry.npmjs.org/require-directory/-/require-directory-2.1.1.tgz. Extracting by manifest.
2202 silly tarball no local data for get-caller-file@https://registry.npmjs.org/get-caller-file/-/get-caller-file-2.0.5.tgz. Extracting by manifest.
2203 http cache get-stream@https://registry.npmjs.org/get-stream/-/get-stream-6.0.1.tgz 0ms (cache hit)
2204 silly tarball no local data for cliui@https://registry.npmjs.org/cliui/-/cliui-8.0.1.tgz. Extracting by manifest.
2205 silly tarball no local data for color-name@https://registry.npmjs.org/color-name/-/color-name-1.1.4.tgz. Extracting by manifest.
2206 silly tarball no local data for is-wsl@https://registry.npmjs.org/is-wsl/-/is-wsl-3.1.0.tgz. Extracting by manifest.
2207 silly tarball no local data for ansi-styles@https://registry.npmjs.org/ansi-styles/-/ansi-styles-4.3.0.tgz. Extracting by manifest.
2208 silly tarball no local data for color-convert@https://registry.npmjs.org/color-convert/-/color-convert-2.0.1.tgz. Extracting by manifest.
2209 http cache commander@https://registry.npmjs.org/commander/-/commander-11.1.0.tgz 0ms (cache hit)
2210 silly tarball no local data for isexe@https://registry.npmjs.org/isexe/-/isexe-3.1.1.tgz. Extracting by manifest.
2211 silly tarball no local data for escalade@https://registry.npmjs.org/escalade/-/escalade-3.2.0.tgz. Extracting by manifest.
2212 http cache execa@https://registry.npmjs.org/execa/-/execa-5.1.1.tgz 0ms (cache hit)
2213 silly tarball no local data for media-typer@https://registry.npmjs.org/media-typer/-/media-typer-1.1.0.tgz. Extracting by manifest.
2214 silly tarball no local data for @isaacs/balanced-match@https://registry.npmjs.org/@isaacs/balanced-match/-/balanced-match-4.0.1.tgz. Extracting by manifest.
2215 silly tarball no local data for tagged-tag@https://registry.npmjs.org/tagged-tag/-/tagged-tag-1.0.0.tgz. Extracting by manifest.
2216 silly tarball no local data for strip-bom@https://registry.npmjs.org/strip-bom/-/strip-bom-3.0.0.tgz. Extracting by manifest.
2217 silly tarball no local data for minimist@https://registry.npmjs.org/minimist/-/minimist-1.2.8.tgz. Extracting by manifest.
2218 silly tarball no local data for @isaacs/brace-expansion@https://registry.npmjs.org/@isaacs/brace-expansion/-/brace-expansion-5.0.0.tgz. Extracting by manifest.
2219 silly tarball no local data for @ts-morph/common@https://registry.npmjs.org/@ts-morph/common/-/common-0.27.0.tgz. Extracting by manifest.
2220 silly tarball no local data for code-block-writer@https://registry.npmjs.org/code-block-writer/-/code-block-writer-13.0.3.tgz. Extracting by manifest.
2221 silly tarball no local data for minimatch@https://registry.npmjs.org/minimatch/-/minimatch-10.1.1.tgz. Extracting by manifest.
2222 silly tarball no local data for tldts-core@https://registry.npmjs.org/tldts-core/-/tldts-core-7.0.19.tgz. Extracting by manifest.
2223 silly tarball no local data for tldts@https://registry.npmjs.org/tldts/-/tldts-7.0.19.tgz. Extracting by manifest.
2224 silly tarball no local data for is-number@https://registry.npmjs.org/is-number/-/is-number-7.0.0.tgz. Extracting by manifest.
2225 silly tarball no local data for ansi-regex@https://registry.npmjs.org/ansi-regex/-/ansi-regex-6.2.2.tgz. Extracting by manifest.
2226 silly tarball no local data for path-browserify@https://registry.npmjs.org/path-browserify/-/path-browserify-1.0.1.tgz. Extracting by manifest.
2227 silly tarball no local data for is-obj@https://registry.npmjs.org/is-obj/-/is-obj-3.0.0.tgz. Extracting by manifest.
2228 silly tarball no local data for is-regexp@https://registry.npmjs.org/is-regexp/-/is-regexp-3.1.0.tgz. Extracting by manifest.
2229 silly tarball no local data for get-own-enumerable-keys@https://registry.npmjs.org/get-own-enumerable-keys/-/get-own-enumerable-keys-1.0.0.tgz. Extracting by manifest.
2230 silly tarball no local data for dunder-proto@https://registry.npmjs.org/dunder-proto/-/dunder-proto-1.0.1.tgz. Extracting by manifest.
2231 silly tarball no local data for get-east-asian-width@https://registry.npmjs.org/get-east-asian-width/-/get-east-asian-width-1.4.0.tgz. Extracting by manifest.
2232 silly tarball no local data for emoji-regex@https://registry.npmjs.org/emoji-regex/-/emoji-regex-10.6.0.tgz. Extracting by manifest.
2233 silly tarball no local data for math-intrinsics@https://registry.npmjs.org/math-intrinsics/-/math-intrinsics-1.1.0.tgz. Extracting by manifest.
2234 silly tarball no local data for has-symbols@https://registry.npmjs.org/has-symbols/-/has-symbols-1.1.0.tgz. Extracting by manifest.
2235 silly tarball no local data for gopd@https://registry.npmjs.org/gopd/-/gopd-1.2.0.tgz. Extracting by manifest.
2236 silly tarball no local data for es-object-atoms@https://registry.npmjs.org/es-object-atoms/-/es-object-atoms-1.1.1.tgz. Extracting by manifest.
2237 silly tarball no local data for es-define-property@https://registry.npmjs.org/es-define-property/-/es-define-property-1.0.1.tgz. Extracting by manifest.
2238 silly tarball no local data for hasown@https://registry.npmjs.org/hasown/-/hasown-2.0.2.tgz. Extracting by manifest.
2239 silly tarball no local data for get-proto@https://registry.npmjs.org/get-proto/-/get-proto-1.0.1.tgz. Extracting by manifest.
2240 silly tarball no local data for function-bind@https://registry.npmjs.org/function-bind/-/function-bind-1.1.2.tgz. Extracting by manifest.
2241 silly tarball no local data for call-bind-apply-helpers@https://registry.npmjs.org/call-bind-apply-helpers/-/call-bind-apply-helpers-1.0.2.tgz. Extracting by manifest.
2242 silly tarball no local data for get-intrinsic@https://registry.npmjs.org/get-intrinsic/-/get-intrinsic-1.3.0.tgz. Extracting by manifest.
2243 silly tarball no local data for side-channel-weakmap@https://registry.npmjs.org/side-channel-weakmap/-/side-channel-weakmap-1.0.2.tgz. Extracting by manifest.
2244 silly tarball no local data for call-bound@https://registry.npmjs.org/call-bound/-/call-bound-1.0.4.tgz. Extracting by manifest.
2245 silly tarball no local data for side-channel-list@https://registry.npmjs.org/side-channel-list/-/side-channel-list-1.0.0.tgz. Extracting by manifest.
2246 silly tarball no local data for object-inspect@https://registry.npmjs.org/object-inspect/-/object-inspect-1.13.4.tgz. Extracting by manifest.
2247 silly tarball no local data for side-channel-map@https://registry.npmjs.org/side-channel-map/-/side-channel-map-1.0.1.tgz. Extracting by manifest.
2248 silly tarball no local data for shebang-regex@https://registry.npmjs.org/shebang-regex/-/shebang-regex-3.0.0.tgz. Extracting by manifest.
2249 silly tarball no local data for queue-microtask@https://registry.npmjs.org/queue-microtask/-/queue-microtask-1.2.3.tgz. Extracting by manifest.
2250 silly tarball no local data for es-errors@https://registry.npmjs.org/es-errors/-/es-errors-1.3.0.tgz. Extracting by manifest.
2251 silly tarball no local data for mimic-function@https://registry.npmjs.org/mimic-function/-/mimic-function-5.0.1.tgz. Extracting by manifest.
2252 silly tarball no local data for is-promise@https://registry.npmjs.org/is-promise/-/is-promise-4.0.0.tgz. Extracting by manifest.
2253 silly tarball no local data for tslib@https://registry.npmjs.org/tslib/-/tslib-2.8.1.tgz. Extracting by manifest.
2254 silly tarball no local data for tiny-invariant@https://registry.npmjs.org/tiny-invariant/-/tiny-invariant-1.3.3.tgz. Extracting by manifest.
2255 silly tarball no local data for onetime@https://registry.npmjs.org/onetime/-/onetime-7.0.0.tgz. Extracting by manifest.
2256 silly tarball no local data for source-map@https://registry.npmjs.org/source-map/-/source-map-0.6.1.tgz. Extracting by manifest.
2257 silly tarball no local data for esprima@https://registry.npmjs.org/esprima/-/esprima-4.0.1.tgz. Extracting by manifest.
2258 silly tarball no local data for ast-types@https://registry.npmjs.org/ast-types/-/ast-types-0.16.1.tgz. Extracting by manifest.
2259 silly tarball no local data for side-channel@https://registry.npmjs.org/side-channel/-/side-channel-1.1.0.tgz. Extracting by manifest.
2260 silly tarball no local data for ipaddr.js@https://registry.npmjs.org/ipaddr.js/-/ipaddr.js-1.9.1.tgz. Extracting by manifest.
2261 silly tarball no local data for unpipe@https://registry.npmjs.org/unpipe/-/unpipe-1.0.0.tgz. Extracting by manifest.
2262 silly tarball no local data for forwarded@https://registry.npmjs.org/forwarded/-/forwarded-0.2.0.tgz. Extracting by manifest.
2263 silly tarball no local data for sisteransi@https://registry.npmjs.org/sisteransi/-/sisteransi-1.0.5.tgz. Extracting by manifest.
2264 silly tarball no local data for parse-ms@https://registry.npmjs.org/parse-ms/-/parse-ms-4.0.0.tgz. Extracting by manifest.
2265 silly tarball no local data for util-deprecate@https://registry.npmjs.org/util-deprecate/-/util-deprecate-1.0.2.tgz. Extracting by manifest.
2266 silly tarball no local data for cssesc@https://registry.npmjs.org/cssesc/-/cssesc-3.0.0.tgz. Extracting by manifest.
2267 silly tarball no local data for is-arrayish@https://registry.npmjs.org/is-arrayish/-/is-arrayish-0.2.1.tgz. Extracting by manifest.
2268 silly tarball no local data for source-map-js@https://registry.npmjs.org/source-map-js/-/source-map-js-1.2.1.tgz. Extracting by manifest.
2269 silly tarball no local data for nanoid@https://registry.npmjs.org/nanoid/-/nanoid-3.3.11.tgz. Extracting by manifest.
2270 silly tarball no local data for lines-and-columns@https://registry.npmjs.org/lines-and-columns/-/lines-and-columns-1.2.4.tgz. Extracting by manifest.
2271 silly tarball no local data for json-parse-even-better-errors@https://registry.npmjs.org/json-parse-even-better-errors/-/json-parse-even-better-errors-2.3.1.tgz. Extracting by manifest.
2272 silly tarball no local data for error-ex@https://registry.npmjs.org/error-ex/-/error-ex-1.3.4.tgz. Extracting by manifest.
2273 silly tarball no local data for callsites@https://registry.npmjs.org/callsites/-/callsites-3.1.0.tgz. Extracting by manifest.
2274 silly tarball no local data for restore-cursor@https://registry.npmjs.org/restore-cursor/-/restore-cursor-5.1.0.tgz. Extracting by manifest.
2275 silly tarball no local data for strip-ansi@https://registry.npmjs.org/strip-ansi/-/strip-ansi-7.1.2.tgz. Extracting by manifest.
2276 silly tarball no local data for string-width@https://registry.npmjs.org/string-width/-/string-width-7.2.0.tgz. Extracting by manifest.
2277 silly tarball no local data for stdin-discarder@https://registry.npmjs.org/stdin-discarder/-/stdin-discarder-0.2.2.tgz. Extracting by manifest.
2278 silly tarball no local data for is-interactive@https://registry.npmjs.org/is-interactive/-/is-interactive-2.0.0.tgz. Extracting by manifest.
2279 silly tarball no local data for log-symbols@https://registry.npmjs.org/log-symbols/-/log-symbols-6.0.0.tgz. Extracting by manifest.
2280 silly tarball no local data for cli-spinners@https://registry.npmjs.org/cli-spinners/-/cli-spinners-2.9.2.tgz. Extracting by manifest.
2281 silly tarball no local data for chalk@https://registry.npmjs.org/chalk/-/chalk-5.6.2.tgz. Extracting by manifest.
2282 silly tarball no local data for cli-cursor@https://registry.npmjs.org/cli-cursor/-/cli-cursor-5.0.0.tgz. Extracting by manifest.
2283 silly tarball no local data for is-docker@https://registry.npmjs.org/is-docker/-/is-docker-3.0.0.tgz. Extracting by manifest.
2284 silly tarball no local data for run-applescript@https://registry.npmjs.org/run-applescript/-/run-applescript-7.1.0.tgz. Extracting by manifest.
2285 silly tarball no local data for default-browser-id@https://registry.npmjs.org/default-browser-id/-/default-browser-id-5.0.1.tgz. Extracting by manifest.
2286 silly tarball no local data for bundle-name@https://registry.npmjs.org/bundle-name/-/bundle-name-4.1.0.tgz. Extracting by manifest.
2287 silly tarball no local data for wsl-utils@https://registry.npmjs.org/wsl-utils/-/wsl-utils-0.3.1.tgz. Extracting by manifest.
2288 silly tarball no local data for is-in-ssh@https://registry.npmjs.org/is-in-ssh/-/is-in-ssh-1.0.0.tgz. Extracting by manifest.
2289 silly tarball no local data for is-inside-container@https://registry.npmjs.org/is-inside-container/-/is-inside-container-1.0.0.tgz. Extracting by manifest.
2290 silly tarball no local data for powershell-utils@https://registry.npmjs.org/powershell-utils/-/powershell-utils-0.1.0.tgz. Extracting by manifest.
2291 silly tarball no local data for define-lazy-prop@https://registry.npmjs.org/define-lazy-prop/-/define-lazy-prop-3.0.0.tgz. Extracting by manifest.
2292 silly tarball no local data for wrappy@https://registry.npmjs.org/wrappy/-/wrappy-1.0.2.tgz. Extracting by manifest.
2293 silly tarball no local data for ee-first@https://registry.npmjs.org/ee-first/-/ee-first-1.1.1.tgz. Extracting by manifest.
2294 silly tarball no local data for default-browser@https://registry.npmjs.org/default-browser/-/default-browser-5.4.0.tgz. Extracting by manifest.
2295 silly tarball no local data for unicorn-magic@https://registry.npmjs.org/unicorn-magic/-/unicorn-magic-0.3.0.tgz. Extracting by manifest.
2296 silly tarball no local data for web-streams-polyfill@https://registry.npmjs.org/web-streams-polyfill/-/web-streams-polyfill-3.3.3.tgz. Extracting by manifest.
2297 silly tarball no local data for fetch-blob@https://registry.npmjs.org/fetch-blob/-/fetch-blob-3.2.0.tgz. Extracting by manifest.
2298 silly tarball no local data for @open-draft/until@https://registry.npmjs.org/@open-draft/until/-/until-2.1.0.tgz. Extracting by manifest.
2299 silly tarball no local data for formdata-polyfill@https://registry.npmjs.org/formdata-polyfill/-/formdata-polyfill-4.0.10.tgz. Extracting by manifest.
2300 silly tarball no local data for data-uri-to-buffer@https://registry.npmjs.org/data-uri-to-buffer/-/data-uri-to-buffer-4.0.1.tgz. Extracting by manifest.
2301 silly tarball no local data for @open-draft/logger@https://registry.npmjs.org/@open-draft/logger/-/logger-0.3.0.tgz. Extracting by manifest.
2302 silly tarball no local data for node-domexception@https://registry.npmjs.org/node-domexception/-/node-domexception-1.0.0.tgz. Extracting by manifest.
2303 silly tarball no local data for yoctocolors-cjs@https://registry.npmjs.org/yoctocolors-cjs/-/yoctocolors-cjs-2.1.3.tgz. Extracting by manifest.
2304 silly tarball no local data for mute-stream@https://registry.npmjs.org/mute-stream/-/mute-stream-2.0.0.tgz. Extracting by manifest.
2305 silly tarball no local data for wrap-ansi@https://registry.npmjs.org/wrap-ansi/-/wrap-ansi-6.2.0.tgz. Extracting by manifest.
2306 silly tarball no local data for @inquirer/figures@https://registry.npmjs.org/@inquirer/figures/-/figures-1.0.15.tgz. Extracting by manifest.
2307 silly tarball no local data for cli-width@https://registry.npmjs.org/cli-width/-/cli-width-4.1.0.tgz. Extracting by manifest.
2308 silly tarball no local data for @inquirer/type@https://registry.npmjs.org/@inquirer/type/-/type-3.0.10.tgz. Extracting by manifest.
2309 silly tarball no local data for @inquirer/ansi@https://registry.npmjs.org/@inquirer/ansi/-/ansi-1.0.2.tgz. Extracting by manifest.
2310 silly tarball no local data for @inquirer/core@https://registry.npmjs.org/@inquirer/core/-/core-10.3.2.tgz. Extracting by manifest.
2311 silly tarball no local data for until-async@https://registry.npmjs.org/until-async/-/until-async-3.0.2.tgz. Extracting by manifest.
2312 silly tarball no local data for yargs@https://registry.npmjs.org/yargs/-/yargs-17.7.2.tgz. Extracting by manifest.
2313 silly tarball no local data for type-fest@https://registry.npmjs.org/type-fest/-/type-fest-5.3.1.tgz. Extracting by manifest.
2314 silly tarball no local data for strict-event-emitter@https://registry.npmjs.org/strict-event-emitter/-/strict-event-emitter-0.5.1.tgz. Extracting by manifest.
2315 silly tarball no local data for tough-cookie@https://registry.npmjs.org/tough-cookie/-/tough-cookie-6.0.0.tgz. Extracting by manifest.
2316 silly tarball no local data for rettime@https://registry.npmjs.org/rettime/-/rettime-0.7.0.tgz. Extracting by manifest.
2317 silly tarball no local data for path-to-regexp@https://registry.npmjs.org/path-to-regexp/-/path-to-regexp-6.3.0.tgz. Extracting by manifest.
2318 silly tarball no local data for outvariant@https://registry.npmjs.org/outvariant/-/outvariant-1.4.3.tgz. Extracting by manifest.
2319 silly tarball no local data for is-node-process@https://registry.npmjs.org/is-node-process/-/is-node-process-1.2.0.tgz. Extracting by manifest.
2320 silly tarball no local data for @types/statuses@https://registry.npmjs.org/@types/statuses/-/statuses-2.0.6.tgz. Extracting by manifest.
2321 silly tarball no local data for headers-polyfill@https://registry.npmjs.org/headers-polyfill/-/headers-polyfill-4.0.3.tgz. Extracting by manifest.
2322 silly tarball no local data for graphql@https://registry.npmjs.org/graphql/-/graphql-16.12.0.tgz. Extracting by manifest.
2323 silly tarball no local data for @open-draft/deferred-promise@https://registry.npmjs.org/@open-draft/deferred-promise/-/deferred-promise-2.2.0.tgz. Extracting by manifest.
2324 silly tarball no local data for @mswjs/interceptors@https://registry.npmjs.org/@mswjs/interceptors/-/interceptors-0.40.0.tgz. Extracting by manifest.
2325 silly tarball no local data for @inquirer/confirm@https://registry.npmjs.org/@inquirer/confirm/-/confirm-5.1.21.tgz. Extracting by manifest.
2326 silly tarball no local data for mime-db@https://registry.npmjs.org/mime-db/-/mime-db-1.54.0.tgz. Extracting by manifest.
2327 silly tarball no local data for braces@https://registry.npmjs.org/braces/-/braces-3.0.3.tgz. Extracting by manifest.
2328 silly tarball no local data for to-regex-range@https://registry.npmjs.org/to-regex-range/-/to-regex-range-5.0.1.tgz. Extracting by manifest.
2329 silly tarball no local data for fill-range@https://registry.npmjs.org/fill-range/-/fill-range-7.1.1.tgz. Extracting by manifest.
2330 silly tarball no local data for yallist@https://registry.npmjs.org/yallist/-/yallist-3.1.1.tgz. Extracting by manifest.
2331 silly tarball no local data for argparse@https://registry.npmjs.org/argparse/-/argparse-2.0.1.tgz. Extracting by manifest.
2332 silly tarball no local data for is-extglob@https://registry.npmjs.org/is-extglob/-/is-extglob-2.1.1.tgz. Extracting by manifest.
2333 silly tarball no local data for resolve-from@https://registry.npmjs.org/resolve-from/-/resolve-from-4.0.0.tgz. Extracting by manifest.
2334 silly tarball no local data for parent-module@https://registry.npmjs.org/parent-module/-/parent-module-1.0.1.tgz. Extracting by manifest.
2335 silly tarball no local data for agent-base@https://registry.npmjs.org/agent-base/-/agent-base-7.1.4.tgz. Extracting by manifest.
2336 silly tarball no local data for toidentifier@https://registry.npmjs.org/toidentifier/-/toidentifier-1.0.1.tgz. Extracting by manifest.
2337 silly tarball no local data for safer-buffer@https://registry.npmjs.org/safer-buffer/-/safer-buffer-2.1.2.tgz. Extracting by manifest.
2338 silly tarball no local data for @sec-ant/readable-stream@https://registry.npmjs.org/@sec-ant/readable-stream/-/readable-stream-0.4.1.tgz. Extracting by manifest.
2339 silly tarball no local data for inherits@https://registry.npmjs.org/inherits/-/inherits-2.0.4.tgz. Extracting by manifest.
2340 silly tarball no local data for setprototypeof@https://registry.npmjs.org/setprototypeof/-/setprototypeof-1.2.0.tgz. Extracting by manifest.
2341 silly tarball no local data for universalify@https://registry.npmjs.org/universalify/-/universalify-2.0.1.tgz. Extracting by manifest.
2342 silly tarball no local data for jsonfile@https://registry.npmjs.org/jsonfile/-/jsonfile-6.2.0.tgz. Extracting by manifest.
2343 silly tarball no local data for is-glob@https://registry.npmjs.org/is-glob/-/is-glob-4.0.3.tgz. Extracting by manifest.
2344 silly tarball no local data for is-unicode-supported@https://registry.npmjs.org/is-unicode-supported/-/is-unicode-supported-2.1.0.tgz. Extracting by manifest.
2345 silly tarball no local data for graceful-fs@https://registry.npmjs.org/graceful-fs/-/graceful-fs-4.2.11.tgz. Extracting by manifest.
2346 silly tarball no local data for reusify@https://registry.npmjs.org/reusify/-/reusify-1.1.0.tgz. Extracting by manifest.
2347 silly tarball no local data for run-parallel@https://registry.npmjs.org/run-parallel/-/run-parallel-1.2.0.tgz. Extracting by manifest.
2348 silly tarball no local data for fastq@https://registry.npmjs.org/fastq/-/fastq-1.20.1.tgz. Extracting by manifest.
2349 silly tarball no local data for @nodelib/fs.scandir@https://registry.npmjs.org/@nodelib/fs.scandir/-/fs.scandir-2.1.5.tgz. Extracting by manifest.
2350 silly tarball no local data for @nodelib/fs.walk@https://registry.npmjs.org/@nodelib/fs.walk/-/fs.walk-1.2.8.tgz. Extracting by manifest.
2351 silly tarball no local data for @nodelib/fs.stat@https://registry.npmjs.org/@nodelib/fs.stat/-/fs.stat-2.0.5.tgz. Extracting by manifest.
2352 silly tarball no local data for merge2@https://registry.npmjs.org/merge2/-/merge2-1.4.1.tgz. Extracting by manifest.
2353 silly tarball no local data for glob-parent@https://registry.npmjs.org/glob-parent/-/glob-parent-5.1.2.tgz. Extracting by manifest.
2354 silly tarball no local data for bytes@https://registry.npmjs.org/bytes/-/bytes-3.1.2.tgz. Extracting by manifest.
2355 silly tarball no local data for micromatch@https://registry.npmjs.org/micromatch/-/micromatch-4.0.8.tgz. Extracting by manifest.
2356 silly tarball no local data for negotiator@https://registry.npmjs.org/negotiator/-/negotiator-1.0.0.tgz. Extracting by manifest.
2357 silly tarball no local data for type-is@https://registry.npmjs.org/type-is/-/type-is-2.0.1.tgz. Extracting by manifest.
2358 silly tarball no local data for iconv-lite@https://registry.npmjs.org/iconv-lite/-/iconv-lite-0.7.1.tgz. Extracting by manifest.
2359 silly tarball no local data for statuses@https://registry.npmjs.org/statuses/-/statuses-2.0.2.tgz. Extracting by manifest.
2360 silly tarball no local data for serve-static@https://registry.npmjs.org/serve-static/-/serve-static-2.2.1.tgz. Extracting by manifest.
2361 silly tarball no local data for send@https://registry.npmjs.org/send/-/send-1.2.1.tgz. Extracting by manifest.
2362 silly tarball no local data for range-parser@https://registry.npmjs.org/range-parser/-/range-parser-1.2.1.tgz. Extracting by manifest.
2363 silly tarball no local data for qs@https://registry.npmjs.org/qs/-/qs-6.14.1.tgz. Extracting by manifest.
2364 silly tarball no local data for router@https://registry.npmjs.org/router/-/router-2.2.0.tgz. Extracting by manifest.
2365 silly tarball no local data for proxy-addr@https://registry.npmjs.org/proxy-addr/-/proxy-addr-2.0.7.tgz. Extracting by manifest.
2366 silly tarball no local data for parseurl@https://registry.npmjs.org/parseurl/-/parseurl-1.3.3.tgz. Extracting by manifest.
2367 silly tarball no local data for once@https://registry.npmjs.org/once/-/once-1.4.0.tgz. Extracting by manifest.
2368 silly tarball no local data for mime-types@https://registry.npmjs.org/mime-types/-/mime-types-3.0.2.tgz. Extracting by manifest.
2369 silly tarball no local data for on-finished@https://registry.npmjs.org/on-finished/-/on-finished-2.4.1.tgz. Extracting by manifest.
2370 silly tarball no local data for fresh@https://registry.npmjs.org/fresh/-/fresh-2.0.0.tgz. Extracting by manifest.
2371 silly tarball no local data for http-errors@https://registry.npmjs.org/http-errors/-/http-errors-2.0.1.tgz. Extracting by manifest.
2372 silly tarball no local data for merge-descriptors@https://registry.npmjs.org/merge-descriptors/-/merge-descriptors-2.0.0.tgz. Extracting by manifest.
2373 silly tarball no local data for finalhandler@https://registry.npmjs.org/finalhandler/-/finalhandler-2.1.1.tgz. Extracting by manifest.
2374 silly tarball no local data for etag@https://registry.npmjs.org/etag/-/etag-1.8.1.tgz. Extracting by manifest.
2375 silly tarball no local data for escape-html@https://registry.npmjs.org/escape-html/-/escape-html-1.0.3.tgz. Extracting by manifest.
2376 silly tarball no local data for encodeurl@https://registry.npmjs.org/encodeurl/-/encodeurl-2.0.0.tgz. Extracting by manifest.
2377 silly tarball no local data for depd@https://registry.npmjs.org/depd/-/depd-2.0.0.tgz. Extracting by manifest.
2378 silly tarball no local data for cookie@https://registry.npmjs.org/cookie/-/cookie-0.7.2.tgz. Extracting by manifest.
2379 silly tarball no local data for content-disposition@https://registry.npmjs.org/content-disposition/-/content-disposition-1.0.1.tgz. Extracting by manifest.
2380 silly tarball no local data for strip-final-newline@https://registry.npmjs.org/strip-final-newline/-/strip-final-newline-4.0.0.tgz. Extracting by manifest.
2381 silly tarball no local data for yoctocolors@https://registry.npmjs.org/yoctocolors/-/yoctocolors-2.1.2.tgz. Extracting by manifest.
2382 silly tarball no local data for cookie-signature@https://registry.npmjs.org/cookie-signature/-/cookie-signature-1.2.2.tgz. Extracting by manifest.
2383 silly tarball no local data for accepts@https://registry.npmjs.org/accepts/-/accepts-2.0.0.tgz. Extracting by manifest.
2384 silly tarball no local data for signal-exit@https://registry.npmjs.org/signal-exit/-/signal-exit-4.1.0.tgz. Extracting by manifest.
2385 silly tarball no local data for body-parser@https://registry.npmjs.org/body-parser/-/body-parser-2.2.1.tgz. Extracting by manifest.
2386 silly tarball no local data for pretty-ms@https://registry.npmjs.org/pretty-ms/-/pretty-ms-9.3.0.tgz. Extracting by manifest.
2387 silly tarball no local data for is-plain-obj@https://registry.npmjs.org/is-plain-obj/-/is-plain-obj-4.1.0.tgz. Extracting by manifest.
2388 silly tarball no local data for npm-run-path@https://registry.npmjs.org/npm-run-path/-/npm-run-path-6.0.0.tgz. Extracting by manifest.
2389 silly tarball no local data for human-signals@https://registry.npmjs.org/human-signals/-/human-signals-8.0.1.tgz. Extracting by manifest.
2390 silly tarball no local data for is-stream@https://registry.npmjs.org/is-stream/-/is-stream-4.0.1.tgz. Extracting by manifest.
2391 silly tarball no local data for figures@https://registry.npmjs.org/figures/-/figures-6.1.0.tgz. Extracting by manifest.
2392 silly tarball no local data for @sindresorhus/merge-streams@https://registry.npmjs.org/@sindresorhus/merge-streams/-/merge-streams-4.0.0.tgz. Extracting by manifest.
2393 silly tarball no local data for get-stream@https://registry.npmjs.org/get-stream/-/get-stream-9.0.1.tgz. Extracting by manifest.
2394 silly tarball no local data for @ecies/ciphers@https://registry.npmjs.org/@ecies/ciphers/-/ciphers-0.2.5.tgz. Extracting by manifest.
2395 silly tarball no local data for ms@https://registry.npmjs.org/ms/-/ms-2.1.3.tgz. Extracting by manifest.
2396 silly tarball no local data for shebang-command@https://registry.npmjs.org/shebang-command/-/shebang-command-2.0.0.tgz. Extracting by manifest.
2397 silly tarball no local data for path-key@https://registry.npmjs.org/path-key/-/path-key-3.1.1.tgz. Extracting by manifest.
2398 silly tarball no local data for @noble/hashes@https://registry.npmjs.org/@noble/hashes/-/hashes-1.8.0.tgz. Extracting by manifest.
2399 silly tarball no local data for parse-json@https://registry.npmjs.org/parse-json/-/parse-json-5.2.0.tgz. Extracting by manifest.
2400 silly tarball no local data for @noble/ciphers@https://registry.npmjs.org/@noble/ciphers/-/ciphers-1.3.0.tgz. Extracting by manifest.
2401 silly tarball no local data for @noble/curves@https://registry.npmjs.org/@noble/curves/-/curves-1.9.7.tgz. Extracting by manifest.
2402 silly tarball no local data for env-paths@https://registry.npmjs.org/env-paths/-/env-paths-2.2.1.tgz. Extracting by manifest.
2403 silly tarball no local data for js-yaml@https://registry.npmjs.org/js-yaml/-/js-yaml-4.1.1.tgz. Extracting by manifest.
2404 silly tarball no local data for import-fresh@https://registry.npmjs.org/import-fresh/-/import-fresh-3.3.1.tgz. Extracting by manifest.
2405 silly tarball no local data for object-assign@https://registry.npmjs.org/object-assign/-/object-assign-4.1.1.tgz. Extracting by manifest.
2406 silly tarball no local data for update-browserslist-db@https://registry.npmjs.org/update-browserslist-db/-/update-browserslist-db-1.2.3.tgz. Extracting by manifest.
2407 silly tarball no local data for vary@https://registry.npmjs.org/vary/-/vary-1.1.2.tgz. Extracting by manifest.
2408 silly tarball no local data for electron-to-chromium@https://registry.npmjs.org/electron-to-chromium/-/electron-to-chromium-1.5.267.tgz. Extracting by manifest.
2409 silly tarball no local data for baseline-browser-mapping@https://registry.npmjs.org/baseline-browser-mapping/-/baseline-browser-mapping-2.9.11.tgz. Extracting by manifest.
2410 silly tarball no local data for json-schema-traverse@https://registry.npmjs.org/json-schema-traverse/-/json-schema-traverse-1.0.0.tgz. Extracting by manifest.
2411 silly tarball no local data for require-from-string@https://registry.npmjs.org/require-from-string/-/require-from-string-2.0.2.tgz. Extracting by manifest.
2412 silly tarball no local data for caniuse-lite@https://registry.npmjs.org/caniuse-lite/-/caniuse-lite-1.0.30001762.tgz. Extracting by manifest.
2413 silly tarball no local data for fast-deep-equal@https://registry.npmjs.org/fast-deep-equal/-/fast-deep-equal-3.1.3.tgz. Extracting by manifest.
2414 silly tarball no local data for raw-body@https://registry.npmjs.org/raw-body/-/raw-body-3.0.2.tgz. Extracting by manifest.
2415 silly tarball no local data for node-releases@https://registry.npmjs.org/node-releases/-/node-releases-2.0.27.tgz. Extracting by manifest.
2416 silly tarball no local data for pkce-challenge@https://registry.npmjs.org/pkce-challenge/-/pkce-challenge-5.0.1.tgz. Extracting by manifest.
2417 silly tarball no local data for fast-uri@https://registry.npmjs.org/fast-uri/-/fast-uri-3.1.0.tgz. Extracting by manifest.
2418 silly tarball no local data for jose@https://registry.npmjs.org/jose/-/jose-6.1.3.tgz. Extracting by manifest.
2419 silly tarball no local data for json-schema-typed@https://registry.npmjs.org/json-schema-typed/-/json-schema-typed-8.0.2.tgz. Extracting by manifest.
2420 silly tarball no local data for express-rate-limit@https://registry.npmjs.org/express-rate-limit/-/express-rate-limit-7.5.1.tgz. Extracting by manifest.
2421 silly tarball no local data for eventsource-parser@https://registry.npmjs.org/eventsource-parser/-/eventsource-parser-3.0.6.tgz. Extracting by manifest.
2422 silly tarball no local data for express@https://registry.npmjs.org/express/-/express-5.2.1.tgz. Extracting by manifest.
2423 silly tarball no local data for eventsource@https://registry.npmjs.org/eventsource/-/eventsource-3.0.7.tgz. Extracting by manifest.
2424 silly tarball no local data for cross-spawn@https://registry.npmjs.org/cross-spawn/-/cross-spawn-7.0.6.tgz. Extracting by manifest.
2425 silly tarball no local data for content-type@https://registry.npmjs.org/content-type/-/content-type-1.0.5.tgz. Extracting by manifest.
2426 silly tarball no local data for @hono/node-server@https://registry.npmjs.org/@hono/node-server/-/node-server-1.19.7.tgz. Extracting by manifest.
2427 silly tarball no local data for ajv-formats@https://registry.npmjs.org/ajv-formats/-/ajv-formats-3.0.1.tgz. Extracting by manifest.
2428 silly tarball no local data for ajv@https://registry.npmjs.org/ajv/-/ajv-8.17.1.tgz. Extracting by manifest.
2429 silly tarball no local data for cors@https://registry.npmjs.org/cors/-/cors-2.8.5.tgz. Extracting by manifest.
2430 silly tarball no local data for hono@https://registry.npmjs.org/hono/-/hono-4.11.3.tgz. Extracting by manifest.
2431 silly tarball no local data for @jridgewell/resolve-uri@https://registry.npmjs.org/@jridgewell/resolve-uri/-/resolve-uri-3.1.2.tgz. Extracting by manifest.
2432 silly tarball no local data for @jridgewell/sourcemap-codec@https://registry.npmjs.org/@jridgewell/sourcemap-codec/-/sourcemap-codec-1.5.5.tgz. Extracting by manifest.
2433 silly tarball no local data for picomatch@https://registry.npmjs.org/picomatch/-/picomatch-4.0.3.tgz. Extracting by manifest.
2434 silly tarball no local data for which@https://registry.npmjs.org/which/-/which-4.0.0.tgz. Extracting by manifest.
2435 silly tarball no local data for object-treeify@https://registry.npmjs.org/object-treeify/-/object-treeify-1.1.33.tgz. Extracting by manifest.
2436 silly tarball no local data for ignore@https://registry.npmjs.org/ignore/-/ignore-5.3.2.tgz. Extracting by manifest.
2437 silly tarball no local data for fdir@https://registry.npmjs.org/fdir/-/fdir-6.5.0.tgz. Extracting by manifest.
2438 silly tarball no local data for eciesjs@https://registry.npmjs.org/eciesjs/-/eciesjs-0.4.16.tgz. Extracting by manifest.
2439 silly tarball no local data for dotenv@https://registry.npmjs.org/dotenv/-/dotenv-17.2.3.tgz. Extracting by manifest.
2440 silly tarball no local data for @babel/helper-string-parser@https://registry.npmjs.org/@babel/helper-string-parser/-/helper-string-parser-7.27.1.tgz. Extracting by manifest.
2441 silly tarball no local data for @babel/plugin-transform-modules-commonjs@https://registry.npmjs.org/@babel/plugin-transform-modules-commonjs/-/plugin-transform-modules-commonjs-7.27.1.tgz. Extracting by manifest.
2442 silly tarball no local data for @babel/helper-globals@https://registry.npmjs.org/@babel/helper-globals/-/helper-globals-7.28.0.tgz. Extracting by manifest.
2443 silly tarball no local data for @babel/plugin-syntax-jsx@https://registry.npmjs.org/@babel/plugin-syntax-jsx/-/plugin-syntax-jsx-7.27.1.tgz. Extracting by manifest.
2444 silly tarball no local data for @babel/helper-replace-supers@https://registry.npmjs.org/@babel/helper-replace-supers/-/helper-replace-supers-7.27.1.tgz. Extracting by manifest.
2445 silly tarball no local data for @babel/helper-optimise-call-expression@https://registry.npmjs.org/@babel/helper-optimise-call-expression/-/helper-optimise-call-expression-7.27.1.tgz. Extracting by manifest.
2446 silly tarball no local data for @babel/helper-member-expression-to-functions@https://registry.npmjs.org/@babel/helper-member-expression-to-functions/-/helper-member-expression-to-functions-7.28.5.tgz. Extracting by manifest.
2447 silly tarball no local data for @babel/plugin-syntax-typescript@https://registry.npmjs.org/@babel/plugin-syntax-typescript/-/plugin-syntax-typescript-7.27.1.tgz. Extracting by manifest.
2448 silly tarball no local data for @babel/helper-skip-transparent-expression-wrappers@https://registry.npmjs.org/@babel/helper-skip-transparent-expression-wrappers/-/helper-skip-transparent-expression-wrappers-7.27.1.tgz. Extracting by manifest.
2449 silly tarball no local data for @babel/helper-plugin-utils@https://registry.npmjs.org/@babel/helper-plugin-utils/-/helper-plugin-utils-7.27.1.tgz. Extracting by manifest.
2450 silly tarball no local data for lru-cache@https://registry.npmjs.org/lru-cache/-/lru-cache-5.1.1.tgz. Extracting by manifest.
2451 silly tarball no local data for @babel/helper-module-imports@https://registry.npmjs.org/@babel/helper-module-imports/-/helper-module-imports-7.27.1.tgz. Extracting by manifest.
2452 silly tarball no local data for @babel/helper-annotate-as-pure@https://registry.npmjs.org/@babel/helper-annotate-as-pure/-/helper-annotate-as-pure-7.27.3.tgz. Extracting by manifest.
2453 silly tarball no local data for @babel/helper-validator-option@https://registry.npmjs.org/@babel/helper-validator-option/-/helper-validator-option-7.27.1.tgz. Extracting by manifest.
2454 silly tarball no local data for @babel/compat-data@https://registry.npmjs.org/@babel/compat-data/-/compat-data-7.28.5.tgz. Extracting by manifest.
2455 silly tarball no local data for @jridgewell/trace-mapping@https://registry.npmjs.org/@jridgewell/trace-mapping/-/trace-mapping-0.3.31.tgz. Extracting by manifest.
2456 silly tarball no local data for @jridgewell/gen-mapping@https://registry.npmjs.org/@jridgewell/gen-mapping/-/gen-mapping-0.3.13.tgz. Extracting by manifest.
2457 silly tarball no local data for js-tokens@https://registry.npmjs.org/js-tokens/-/js-tokens-4.0.0.tgz. Extracting by manifest.
2458 silly tarball no local data for jsesc@https://registry.npmjs.org/jsesc/-/jsesc-3.1.0.tgz. Extracting by manifest.
2459 silly tarball no local data for @babel/helper-validator-identifier@https://registry.npmjs.org/@babel/helper-validator-identifier/-/helper-validator-identifier-7.28.5.tgz. Extracting by manifest.
2460 silly tarball no local data for semver@https://registry.npmjs.org/semver/-/semver-6.3.1.tgz. Extracting by manifest.
2461 silly tarball no local data for debug@https://registry.npmjs.org/debug/-/debug-4.4.3.tgz. Extracting by manifest.
2462 silly tarball no local data for @babel/helper-create-class-features-plugin@https://registry.npmjs.org/@babel/helper-create-class-features-plugin/-/helper-create-class-features-plugin-7.28.5.tgz. Extracting by manifest.
2463 silly tarball no local data for json5@https://registry.npmjs.org/json5/-/json5-2.2.3.tgz. Extracting by manifest.
2464 silly tarball no local data for @jridgewell/remapping@https://registry.npmjs.org/@jridgewell/remapping/-/remapping-2.3.5.tgz. Extracting by manifest.
2465 silly tarball no local data for gensync@https://registry.npmjs.org/gensync/-/gensync-1.0.0-beta.2.tgz. Extracting by manifest.
2466 silly tarball no local data for convert-source-map@https://registry.npmjs.org/convert-source-map/-/convert-source-map-2.0.0.tgz. Extracting by manifest.
2467 silly tarball no local data for picocolors@https://registry.npmjs.org/picocolors/-/picocolors-1.1.1.tgz. Extracting by manifest.
2468 silly tarball no local data for @babel/template@https://registry.npmjs.org/@babel/template/-/template-7.27.2.tgz. Extracting by manifest.
2469 silly tarball no local data for @babel/traverse@https://registry.npmjs.org/@babel/traverse/-/traverse-7.28.5.tgz. Extracting by manifest.
2470 silly tarball no local data for @babel/types@https://registry.npmjs.org/@babel/types/-/types-7.28.5.tgz. Extracting by manifest.
2471 silly tarball no local data for @babel/helpers@https://registry.npmjs.org/@babel/helpers/-/helpers-7.28.4.tgz. Extracting by manifest.
2472 silly tarball no local data for @babel/helper-module-transforms@https://registry.npmjs.org/@babel/helper-module-transforms/-/helper-module-transforms-7.28.3.tgz. Extracting by manifest.
2473 silly tarball no local data for @babel/helper-compilation-targets@https://registry.npmjs.org/@babel/helper-compilation-targets/-/helper-compilation-targets-7.27.2.tgz. Extracting by manifest.
2474 silly tarball no local data for tinyexec@https://registry.npmjs.org/tinyexec/-/tinyexec-1.0.2.tgz. Extracting by manifest.
2475 silly tarball no local data for package-manager-detector@https://registry.npmjs.org/package-manager-detector/-/package-manager-detector-1.6.0.tgz. Extracting by manifest.
2476 silly tarball no local data for @babel/generator@https://registry.npmjs.org/@babel/generator/-/generator-7.28.5.tgz. Extracting by manifest.
2477 silly tarball no local data for fzf@https://registry.npmjs.org/fzf/-/fzf-0.5.2.tgz. Extracting by manifest.
2478 silly tarball no local data for @babel/code-frame@https://registry.npmjs.org/@babel/code-frame/-/code-frame-7.27.1.tgz. Extracting by manifest.
2479 silly tarball no local data for ansis@https://registry.npmjs.org/ansis/-/ansis-4.2.0.tgz. Extracting by manifest.
2480 silly tarball no local data for zod-to-json-schema@https://registry.npmjs.org/zod-to-json-schema/-/zod-to-json-schema-3.25.1.tgz. Extracting by manifest.
2481 silly tarball no local data for tsconfig-paths@https://registry.npmjs.org/tsconfig-paths/-/tsconfig-paths-4.2.0.tgz. Extracting by manifest.
2482 silly tarball no local data for ts-morph@https://registry.npmjs.org/ts-morph/-/ts-morph-26.0.0.tgz. Extracting by manifest.
2483 silly tarball no local data for zod@https://registry.npmjs.org/zod/-/zod-3.25.76.tgz. Extracting by manifest.
2484 silly tarball no local data for stringify-object@https://registry.npmjs.org/stringify-object/-/stringify-object-5.0.0.tgz. Extracting by manifest.
2485 silly tarball no local data for prompts@https://registry.npmjs.org/prompts/-/prompts-2.4.2.tgz. Extracting by manifest.
2486 silly tarball no local data for postcss@https://registry.npmjs.org/postcss/-/postcss-8.5.6.tgz. Extracting by manifest.
2487 silly tarball no local data for postcss-selector-parser@https://registry.npmjs.org/postcss-selector-parser/-/postcss-selector-parser-7.1.1.tgz. Extracting by manifest.
2488 silly tarball no local data for recast@https://registry.npmjs.org/recast/-/recast-0.23.11.tgz. Extracting by manifest.
2489 silly tarball no local data for ora@https://registry.npmjs.org/ora/-/ora-8.2.0.tgz. Extracting by manifest.
2490 silly tarball no local data for open@https://registry.npmjs.org/open/-/open-11.0.0.tgz. Extracting by manifest.
2491 silly tarball no local data for node-fetch@https://registry.npmjs.org/node-fetch/-/node-fetch-3.3.2.tgz. Extracting by manifest.
2492 silly tarball no local data for kleur@https://registry.npmjs.org/kleur/-/kleur-4.1.5.tgz. Extracting by manifest.
2493 silly tarball no local data for https-proxy-agent@https://registry.npmjs.org/https-proxy-agent/-/https-proxy-agent-7.0.6.tgz. Extracting by manifest.
2494 silly tarball no local data for fs-extra@https://registry.npmjs.org/fs-extra/-/fs-extra-11.3.3.tgz. Extracting by manifest.
2495 silly tarball no local data for fuzzysort@https://registry.npmjs.org/fuzzysort/-/fuzzysort-3.1.0.tgz. Extracting by manifest.
2496 silly tarball no local data for execa@https://registry.npmjs.org/execa/-/execa-9.6.1.tgz. Extracting by manifest.
2497 silly tarball no local data for diff@https://registry.npmjs.org/diff/-/diff-8.0.2.tgz. Extracting by manifest.
2498 silly tarball no local data for msw@https://registry.npmjs.org/msw/-/msw-2.12.7.tgz. Extracting by manifest.
2499 silly tarball no local data for deepmerge@https://registry.npmjs.org/deepmerge/-/deepmerge-4.3.1.tgz. Extracting by manifest.
2500 silly tarball no local data for dedent@https://registry.npmjs.org/dedent/-/dedent-1.7.1.tgz. Extracting by manifest.
2501 silly tarball no local data for cosmiconfig@https://registry.npmjs.org/cosmiconfig/-/cosmiconfig-9.0.0.tgz. Extracting by manifest.
2502 silly tarball no local data for @modelcontextprotocol/sdk@https://registry.npmjs.org/@modelcontextprotocol/sdk/-/sdk-1.25.1.tgz. Extracting by manifest.
2503 silly tarball no local data for @dotenvx/dotenvx@https://registry.npmjs.org/@dotenvx/dotenvx/-/dotenvx-1.51.4.tgz. Extracting by manifest.
2504 silly tarball no local data for commander@https://registry.npmjs.org/commander/-/commander-14.0.2.tgz. Extracting by manifest.
2505 silly tarball no local data for browserslist@https://registry.npmjs.org/browserslist/-/browserslist-4.28.1.tgz. Extracting by manifest.
2506 silly tarball no local data for @babel/plugin-transform-typescript@https://registry.npmjs.org/@babel/plugin-transform-typescript/-/plugin-transform-typescript-7.28.5.tgz. Extracting by manifest.
2507 silly tarball no local data for @babel/preset-typescript@https://registry.npmjs.org/@babel/preset-typescript/-/preset-typescript-7.28.5.tgz. Extracting by manifest.
2508 silly tarball no local data for @babel/core@https://registry.npmjs.org/@babel/core/-/core-7.28.5.tgz. Extracting by manifest.
2509 silly tarball no local data for @babel/parser@https://registry.npmjs.org/@babel/parser/-/parser-7.28.5.tgz. Extracting by manifest.
2510 silly tarball no local data for @antfu/ni@https://registry.npmjs.org/@antfu/ni/-/ni-25.0.0.tgz. Extracting by manifest.
2511 silly tarball no local data for shadcn@https://registry.npmjs.org/shadcn/-/shadcn-3.6.2.tgz. Extracting by manifest.
2512 silly tarball no local data for ansi-regex@https://registry.npmjs.org/ansi-regex/-/ansi-regex-5.0.1.tgz. Extracting by manifest.
2513 silly tarball no local data for emoji-regex@https://registry.npmjs.org/emoji-regex/-/emoji-regex-8.0.0.tgz. Extracting by manifest.
2514 silly tarball no local data for wrap-ansi@https://registry.npmjs.org/wrap-ansi/-/wrap-ansi-7.0.0.tgz. Extracting by manifest.
2515 silly tarball no local data for strip-ansi@https://registry.npmjs.org/strip-ansi/-/strip-ansi-6.0.1.tgz. Extracting by manifest.
2516 silly tarball no local data for is-unicode-supported@https://registry.npmjs.org/is-unicode-supported/-/is-unicode-supported-1.3.0.tgz. Extracting by manifest.
2517 silly tarball no local data for string-width@https://registry.npmjs.org/string-width/-/string-width-4.2.3.tgz. Extracting by manifest.
2518 silly tarball no local data for ansi-regex@https://registry.npmjs.org/ansi-regex/-/ansi-regex-5.0.1.tgz. Extracting by manifest.
2519 silly tarball no local data for emoji-regex@https://registry.npmjs.org/emoji-regex/-/emoji-regex-8.0.0.tgz. Extracting by manifest.
2520 silly tarball no local data for strip-ansi@https://registry.npmjs.org/strip-ansi/-/strip-ansi-6.0.1.tgz. Extracting by manifest.
2521 silly tarball no local data for string-width@https://registry.npmjs.org/string-width/-/string-width-4.2.3.tgz. Extracting by manifest.
2522 silly tarball no local data for strip-ansi@https://registry.npmjs.org/strip-ansi/-/strip-ansi-6.0.1.tgz. Extracting by manifest.
2523 silly tarball no local data for ansi-regex@https://registry.npmjs.org/ansi-regex/-/ansi-regex-5.0.1.tgz. Extracting by manifest.
2524 silly tarball no local data for picomatch@https://registry.npmjs.org/picomatch/-/picomatch-2.3.1.tgz. Extracting by manifest.
2525 silly tarball no local data for path-to-regexp@https://registry.npmjs.org/path-to-regexp/-/path-to-regexp-8.3.0.tgz. Extracting by manifest.
2526 silly tarball no local data for emoji-regex@https://registry.npmjs.org/emoji-regex/-/emoji-regex-8.0.0.tgz. Extracting by manifest.
2527 silly tarball no local data for string-width@https://registry.npmjs.org/string-width/-/string-width-4.2.3.tgz. Extracting by manifest.
2528 silly tarball no local data for path-key@https://registry.npmjs.org/path-key/-/path-key-4.0.0.tgz. Extracting by manifest.
2529 silly tarball no local data for kleur@https://registry.npmjs.org/kleur/-/kleur-3.0.3.tgz. Extracting by manifest.
2530 silly tarball no local data for isexe@https://registry.npmjs.org/isexe/-/isexe-2.0.0.tgz. Extracting by manifest.
2531 silly tarball no local data for which@https://registry.npmjs.org/which/-/which-2.0.2.tgz. Extracting by manifest.
2532 silly tarball no local data for cookie@https://registry.npmjs.org/cookie/-/cookie-1.1.1.tgz. Extracting by manifest.
2533 silly tarball no local data for signal-exit@https://registry.npmjs.org/signal-exit/-/signal-exit-3.0.7.tgz. Extracting by manifest.
2534 silly tarball no local data for strip-final-newline@https://registry.npmjs.org/strip-final-newline/-/strip-final-newline-2.0.0.tgz. Extracting by manifest.
2535 silly tarball no local data for npm-run-path@https://registry.npmjs.org/npm-run-path/-/npm-run-path-4.0.1.tgz. Extracting by manifest.
2536 silly tarball no local data for human-signals@https://registry.npmjs.org/human-signals/-/human-signals-2.1.0.tgz. Extracting by manifest.
2537 silly tarball no local data for is-stream@https://registry.npmjs.org/is-stream/-/is-stream-2.0.1.tgz. Extracting by manifest.
2538 silly tarball no local data for fast-glob@https://registry.npmjs.org/fast-glob/-/fast-glob-3.3.3.tgz. Extracting by manifest.
2539 silly tarball no local data for onetime@https://registry.npmjs.org/onetime/-/onetime-5.1.2.tgz. Extracting by manifest.
2540 silly tarball no local data for get-stream@https://registry.npmjs.org/get-stream/-/get-stream-6.0.1.tgz. Extracting by manifest.
2541 silly tarball no local data for commander@https://registry.npmjs.org/commander/-/commander-11.1.0.tgz. Extracting by manifest.
2542 silly tarball no local data for execa@https://registry.npmjs.org/execa/-/execa-5.1.1.tgz. Extracting by manifest.
2543 http fetch POST 200 https://registry.npmjs.org/-/npm/v1/security/advisories/bulk 1068ms
2544 silly audit report {}
2545 http fetch GET 200 https://registry.npmjs.org/is-fullwidth-code-point/-/is-fullwidth-code-point-3.0.0.tgz 961ms (cache miss)
2546 http fetch GET 200 https://registry.npmjs.org/mimic-fn/-/mimic-fn-2.1.0.tgz 960ms (cache miss)
2547 http fetch GET 200 https://registry.npmjs.org/merge-stream/-/merge-stream-2.0.0.tgz 961ms (cache miss)
2548 http fetch GET 200 https://registry.npmjs.org/y18n/-/y18n-5.0.8.tgz 965ms (cache miss)
2549 http fetch GET 200 https://registry.npmjs.org/@isaacs/balanced-match/-/balanced-match-4.0.1.tgz 951ms (cache miss)
2550 http fetch GET 200 https://registry.npmjs.org/tagged-tag/-/tagged-tag-1.0.0.tgz 953ms (cache miss)
2551 http fetch GET 200 https://registry.npmjs.org/media-typer/-/media-typer-1.1.0.tgz 957ms (cache miss)
2552 http fetch GET 200 https://registry.npmjs.org/minimist/-/minimist-1.2.8.tgz 961ms (cache miss)
2553 http fetch GET 200 https://registry.npmjs.org/strip-bom/-/strip-bom-3.0.0.tgz 968ms (cache miss)
2554 http fetch GET 200 https://registry.npmjs.org/require-directory/-/require-directory-2.1.1.tgz 994ms (cache miss)
2555 http fetch GET 200 https://registry.npmjs.org/yargs-parser/-/yargs-parser-21.1.1.tgz 1023ms (cache miss)
2556 http fetch GET 200 https://registry.npmjs.org/code-block-writer/-/code-block-writer-13.0.3.tgz 1037ms (cache miss)
2557 http fetch GET 200 https://registry.npmjs.org/minimatch/-/minimatch-10.1.1.tgz 1357ms (cache miss)
2558 http fetch GET 200 https://registry.npmjs.org/tldts-core/-/tldts-core-7.0.19.tgz 1363ms (cache miss)
2559 http fetch GET 200 https://registry.npmjs.org/is-number/-/is-number-7.0.0.tgz 1511ms (cache miss)
2560 http fetch GET 200 https://registry.npmjs.org/@isaacs/brace-expansion/-/brace-expansion-5.0.0.tgz 1525ms (cache miss)
2561 http fetch GET 200 https://registry.npmjs.org/ansi-regex/-/ansi-regex-6.2.2.tgz 1520ms (cache miss)
2562 http fetch GET 200 https://registry.npmjs.org/get-own-enumerable-keys/-/get-own-enumerable-keys-1.0.0.tgz 2387ms (cache miss)
2563 http fetch GET 200 https://registry.npmjs.org/dunder-proto/-/dunder-proto-1.0.1.tgz 2386ms (cache miss)
2564 http fetch GET 200 https://registry.npmjs.org/is-obj/-/is-obj-3.0.0.tgz 2430ms (cache miss)
2565 http fetch GET 200 https://registry.npmjs.org/is-regexp/-/is-regexp-3.1.0.tgz 2485ms (cache miss)
2566 http fetch GET 200 https://registry.npmjs.org/color-name/-/color-name-1.1.4.tgz 2813ms (cache miss)
2567 http fetch GET 200 https://registry.npmjs.org/is-wsl/-/is-wsl-3.1.0.tgz 3033ms (cache miss)
2568 http fetch GET 200 https://registry.npmjs.org/get-east-asian-width/-/get-east-asian-width-1.4.0.tgz 3048ms (cache miss)
2569 http fetch GET 200 https://registry.npmjs.org/ansi-styles/-/ansi-styles-4.3.0.tgz 3178ms (cache miss)
2570 http fetch GET 200 https://registry.npmjs.org/get-caller-file/-/get-caller-file-2.0.5.tgz 3185ms (cache miss)
2571 http fetch GET 200 https://registry.npmjs.org/es-define-property/-/es-define-property-1.0.1.tgz 3180ms (cache miss)
2572 http fetch GET 200 https://registry.npmjs.org/hasown/-/hasown-2.0.2.tgz 3185ms (cache miss)
2573 http fetch GET 200 https://registry.npmjs.org/call-bound/-/call-bound-1.0.4.tgz 3218ms (cache miss)
2574 http fetch GET 200 https://registry.npmjs.org/mimic-function/-/mimic-function-5.0.1.tgz 3212ms (cache miss)
2575 http fetch GET 200 https://registry.npmjs.org/side-channel-list/-/side-channel-list-1.0.0.tgz 3219ms (cache miss)
2576 http fetch GET 200 https://registry.npmjs.org/queue-microtask/-/queue-microtask-1.2.3.tgz 3214ms (cache miss)
2577 http fetch GET 200 https://registry.npmjs.org/es-errors/-/es-errors-1.3.0.tgz 3280ms (cache miss)
2578 http fetch GET 200 https://registry.npmjs.org/shebang-regex/-/shebang-regex-3.0.0.tgz 3325ms (cache miss)
2579 http fetch GET 200 https://registry.npmjs.org/onetime/-/onetime-7.0.0.tgz 3454ms (cache miss)
2580 http fetch GET 200 https://registry.npmjs.org/side-channel/-/side-channel-1.1.0.tgz 3460ms (cache miss)
2581 http fetch GET 200 https://registry.npmjs.org/is-promise/-/is-promise-4.0.0.tgz 3596ms (cache miss)
2582 http fetch GET 200 https://registry.npmjs.org/color-convert/-/color-convert-2.0.1.tgz 3711ms (cache miss)
2583 http fetch GET 200 https://registry.npmjs.org/emoji-regex/-/emoji-regex-10.6.0.tgz 3684ms (cache miss)
2584 http fetch GET 200 https://registry.npmjs.org/sisteransi/-/sisteransi-1.0.5.tgz 3648ms (cache miss)
2585 http fetch GET 200 https://registry.npmjs.org/forwarded/-/forwarded-0.2.0.tgz 3650ms (cache miss)
2586 http fetch GET 200 https://registry.npmjs.org/unpipe/-/unpipe-1.0.0.tgz 3668ms (cache miss)
2587 http fetch GET 200 https://registry.npmjs.org/is-arrayish/-/is-arrayish-0.2.1.tgz 3677ms (cache miss)
2588 http fetch GET 200 https://registry.npmjs.org/cliui/-/cliui-8.0.1.tgz 3780ms (cache miss)
2589 http fetch GET 200 https://registry.npmjs.org/cssesc/-/cssesc-3.0.0.tgz 3717ms (cache miss)
2590 http fetch GET 200 https://registry.npmjs.org/lines-and-columns/-/lines-and-columns-1.2.4.tgz 3718ms (cache miss)
2591 http fetch GET 200 https://registry.npmjs.org/parse-ms/-/parse-ms-4.0.0.tgz 3916ms (cache miss)
2592 http fetch GET 200 https://registry.npmjs.org/escalade/-/escalade-3.2.0.tgz 4009ms (cache miss)
2593 http fetch GET 200 https://registry.npmjs.org/callsites/-/callsites-3.1.0.tgz 3947ms (cache miss)
2594 http fetch GET 200 https://registry.npmjs.org/error-ex/-/error-ex-1.3.4.tgz 3948ms (cache miss)
2595 http fetch GET 200 https://registry.npmjs.org/util-deprecate/-/util-deprecate-1.0.2.tgz 4053ms (cache miss)
2596 http fetch GET 200 https://registry.npmjs.org/json-parse-even-better-errors/-/json-parse-even-better-errors-2.3.1.tgz 4047ms (cache miss)
2597 http fetch GET 200 https://registry.npmjs.org/bundle-name/-/bundle-name-4.1.0.tgz 4029ms (cache miss)
2598 http fetch GET 200 https://registry.npmjs.org/log-symbols/-/log-symbols-6.0.0.tgz 4046ms (cache miss)
2599 http fetch GET 200 https://registry.npmjs.org/wsl-utils/-/wsl-utils-0.3.1.tgz 4032ms (cache miss)
2600 http fetch GET 200 https://registry.npmjs.org/define-lazy-prop/-/define-lazy-prop-3.0.0.tgz 4098ms (cache miss)
2601 http fetch GET 200 https://registry.npmjs.org/run-applescript/-/run-applescript-7.1.0.tgz 4132ms (cache miss)
2602 http fetch GET 200 https://registry.npmjs.org/stdin-discarder/-/stdin-discarder-0.2.2.tgz 4147ms (cache miss)
2603 http fetch GET 200 https://registry.npmjs.org/is-interactive/-/is-interactive-2.0.0.tgz 4150ms (cache miss)
2604 http fetch GET 200 https://registry.npmjs.org/default-browser/-/default-browser-5.4.0.tgz 4136ms (cache miss)
2605 http fetch GET 200 https://registry.npmjs.org/default-browser-id/-/default-browser-id-5.0.1.tgz 4210ms (cache miss)
2606 http fetch GET 200 https://registry.npmjs.org/unicorn-magic/-/unicorn-magic-0.3.0.tgz 4203ms (cache miss)
2607 http fetch GET 200 https://registry.npmjs.org/@open-draft/until/-/until-2.1.0.tgz 4204ms (cache miss)
2608 http fetch GET 200 https://registry.npmjs.org/wrap-ansi/-/wrap-ansi-6.2.0.tgz 4202ms (cache miss)
2609 http fetch GET 200 https://registry.npmjs.org/strip-ansi/-/strip-ansi-7.1.2.tgz 4265ms (cache miss)
2610 http fetch GET 200 https://registry.npmjs.org/string-width/-/string-width-7.2.0.tgz 4264ms (cache miss)
2611 http fetch GET 200 https://registry.npmjs.org/cli-cursor/-/cli-cursor-5.0.0.tgz 4253ms (cache miss)
2612 http fetch GET 200 https://registry.npmjs.org/restore-cursor/-/restore-cursor-5.1.0.tgz 4269ms (cache miss)
2613 http fetch GET 200 https://registry.npmjs.org/ee-first/-/ee-first-1.1.1.tgz 4253ms (cache miss)
2614 http fetch GET 200 https://registry.npmjs.org/is-in-ssh/-/is-in-ssh-1.0.0.tgz 4276ms (cache miss)
2615 http fetch GET 200 https://registry.npmjs.org/wrappy/-/wrappy-1.0.2.tgz 4273ms (cache miss)
2616 http fetch GET 200 https://registry.npmjs.org/formdata-polyfill/-/formdata-polyfill-4.0.10.tgz 4269ms (cache miss)
2617 http fetch GET 200 https://registry.npmjs.org/mute-stream/-/mute-stream-2.0.0.tgz 4266ms (cache miss)
2618 http fetch GET 200 https://registry.npmjs.org/@open-draft/logger/-/logger-0.3.0.tgz 4269ms (cache miss)
2619 http fetch GET 200 https://registry.npmjs.org/powershell-utils/-/powershell-utils-0.1.0.tgz 4298ms (cache miss)
2620 http fetch GET 200 https://registry.npmjs.org/data-uri-to-buffer/-/data-uri-to-buffer-4.0.1.tgz 4316ms (cache miss)
2621 http fetch GET 200 https://registry.npmjs.org/@inquirer/ansi/-/ansi-1.0.2.tgz 4312ms (cache miss)
2622 http fetch GET 200 https://registry.npmjs.org/is-docker/-/is-docker-3.0.0.tgz 4353ms (cache miss)
2623 http fetch GET 200 https://registry.npmjs.org/yoctocolors-cjs/-/yoctocolors-cjs-2.1.3.tgz 4339ms (cache miss)
2624 http fetch GET 200 https://registry.npmjs.org/is-inside-container/-/is-inside-container-1.0.0.tgz 4362ms (cache miss)
2625 http fetch GET 200 https://registry.npmjs.org/cli-width/-/cli-width-4.1.0.tgz 4348ms (cache miss)
2626 http fetch GET 200 https://registry.npmjs.org/@inquirer/type/-/type-3.0.10.tgz 4348ms (cache miss)
2627 http fetch GET 200 https://registry.npmjs.org/get-intrinsic/-/get-intrinsic-1.3.0.tgz 4456ms (cache miss)
2628 http fetch GET 200 https://registry.npmjs.org/ipaddr.js/-/ipaddr.js-1.9.1.tgz 4469ms (cache miss)
2629 http fetch GET 200 https://registry.npmjs.org/side-channel-weakmap/-/side-channel-weakmap-1.0.2.tgz 4492ms (cache miss)
2630 http fetch GET 200 https://registry.npmjs.org/gopd/-/gopd-1.2.0.tgz 4503ms (cache miss)
2631 http fetch GET 200 https://registry.npmjs.org/outvariant/-/outvariant-1.4.3.tgz 4624ms (cache miss)
2632 http fetch GET 200 https://registry.npmjs.org/until-async/-/until-async-3.0.2.tgz 4631ms (cache miss)
2633 http fetch GET 200 https://registry.npmjs.org/side-channel-map/-/side-channel-map-1.0.1.tgz 4782ms (cache miss)
2634 http fetch GET 200 https://registry.npmjs.org/@types/statuses/-/statuses-2.0.6.tgz 4708ms (cache miss)
2635 http fetch GET 200 https://registry.npmjs.org/cli-spinners/-/cli-spinners-2.9.2.tgz 4774ms (cache miss)
2636 http fetch GET 200 https://registry.npmjs.org/function-bind/-/function-bind-1.1.2.tgz 4850ms (cache miss)
2637 http fetch GET 200 https://registry.npmjs.org/is-node-process/-/is-node-process-1.2.0.tgz 4807ms (cache miss)
2638 http fetch GET 200 https://registry.npmjs.org/get-proto/-/get-proto-1.0.1.tgz 4998ms (cache miss)
2639 http fetch GET 200 https://registry.npmjs.org/tiny-invariant/-/tiny-invariant-1.3.3.tgz 4985ms (cache miss)
2640 http fetch GET 200 https://registry.npmjs.org/path-browserify/-/path-browserify-1.0.1.tgz 5125ms (cache miss)
2641 http fetch GET 200 https://registry.npmjs.org/tslib/-/tslib-2.8.1.tgz 5099ms (cache miss)
2642 http fetch GET 200 https://registry.npmjs.org/es-object-atoms/-/es-object-atoms-1.1.1.tgz 5148ms (cache miss)
2643 http fetch GET 200 https://registry.npmjs.org/@inquirer/figures/-/figures-1.0.15.tgz 5075ms (cache miss)
2644 http fetch GET 200 https://registry.npmjs.org/fill-range/-/fill-range-7.1.1.tgz 5062ms (cache miss)
2645 http fetch GET 200 https://registry.npmjs.org/to-regex-range/-/to-regex-range-5.0.1.tgz 5093ms (cache miss)
2646 http fetch GET 200 https://registry.npmjs.org/@open-draft/deferred-promise/-/deferred-promise-2.2.0.tgz 5109ms (cache miss)
2647 http fetch GET 200 https://registry.npmjs.org/has-symbols/-/has-symbols-1.1.0.tgz 5245ms (cache miss)
2648 http fetch GET 200 https://registry.npmjs.org/yallist/-/yallist-3.1.1.tgz 5148ms (cache miss)
2649 http fetch GET 200 https://registry.npmjs.org/is-extglob/-/is-extglob-2.1.1.tgz 5189ms (cache miss)
2650 http fetch GET 200 https://registry.npmjs.org/resolve-from/-/resolve-from-4.0.0.tgz 5189ms (cache miss)
2651 http fetch GET 200 https://registry.npmjs.org/parent-module/-/parent-module-1.0.1.tgz 5190ms (cache miss)
2652 http fetch GET 200 https://registry.npmjs.org/@inquirer/confirm/-/confirm-5.1.21.tgz 5199ms (cache miss)
2653 http fetch GET 200 https://registry.npmjs.org/safer-buffer/-/safer-buffer-2.1.2.tgz 5270ms (cache miss)
2654 http fetch GET 200 https://registry.npmjs.org/toidentifier/-/toidentifier-1.0.1.tgz 5277ms (cache miss)
2655 http fetch GET 200 https://registry.npmjs.org/setprototypeof/-/setprototypeof-1.2.0.tgz 5279ms (cache miss)
2656 http fetch GET 200 https://registry.npmjs.org/strict-event-emitter/-/strict-event-emitter-0.5.1.tgz 5432ms (cache miss)
2657 http fetch GET 200 https://registry.npmjs.org/jsonfile/-/jsonfile-6.2.0.tgz 5416ms (cache miss)
2658 http fetch GET 200 https://registry.npmjs.org/universalify/-/universalify-2.0.1.tgz 5566ms (cache miss)
2659 http fetch GET 200 https://registry.npmjs.org/path-to-regexp/-/path-to-regexp-6.3.0.tgz 5770ms (cache miss)
2660 http fetch GET 200 https://registry.npmjs.org/rettime/-/rettime-0.7.0.tgz 6040ms (cache miss)
2661 http fetch GET 200 https://registry.npmjs.org/inherits/-/inherits-2.0.4.tgz 6019ms (cache miss)
2662 http fetch GET 200 https://registry.npmjs.org/is-glob/-/is-glob-4.0.3.tgz 6251ms (cache miss)
2663 http fetch GET 200 https://registry.npmjs.org/graceful-fs/-/graceful-fs-4.2.11.tgz 6250ms (cache miss)
2664 http fetch GET 200 https://registry.npmjs.org/reusify/-/reusify-1.1.0.tgz 6251ms (cache miss)
2665 http fetch GET 200 https://registry.npmjs.org/is-unicode-supported/-/is-unicode-supported-2.1.0.tgz 6345ms (cache miss)
2666 http fetch GET 200 https://registry.npmjs.org/esprima/-/esprima-4.0.1.tgz 6509ms (cache miss)
2667 http fetch GET 200 https://registry.npmjs.org/run-parallel/-/run-parallel-1.2.0.tgz 6419ms (cache miss)
2668 http fetch GET 200 https://registry.npmjs.org/@nodelib/fs.stat/-/fs.stat-2.0.5.tgz 6415ms (cache miss)
2669 http fetch GET 200 https://registry.npmjs.org/fetch-blob/-/fetch-blob-3.2.0.tgz 6626ms (cache miss)
2670 http fetch GET 200 https://registry.npmjs.org/glob-parent/-/glob-parent-5.1.2.tgz 6581ms (cache miss)
2671 http fetch GET 200 https://registry.npmjs.org/chalk/-/chalk-5.6.2.tgz 6709ms (cache miss)
2672 http fetch GET 200 https://registry.npmjs.org/merge2/-/merge2-1.4.1.tgz 6647ms (cache miss)
2673 http fetch GET 200 https://registry.npmjs.org/negotiator/-/negotiator-1.0.0.tgz 6645ms (cache miss)
2674 http fetch GET 200 https://registry.npmjs.org/@nodelib/fs.walk/-/fs.walk-1.2.8.tgz 6691ms (cache miss)
2675 http fetch GET 200 https://registry.npmjs.org/statuses/-/statuses-2.0.2.tgz 6683ms (cache miss)
2676 http fetch GET 200 https://registry.npmjs.org/serve-static/-/serve-static-2.2.1.tgz 6684ms (cache miss)
2677 http fetch GET 200 https://registry.npmjs.org/headers-polyfill/-/headers-polyfill-4.0.3.tgz 6780ms (cache miss)
2678 http fetch GET 200 https://registry.npmjs.org/type-is/-/type-is-2.0.1.tgz 6750ms (cache miss)
2679 http fetch GET 200 https://registry.npmjs.org/range-parser/-/range-parser-1.2.1.tgz 6747ms (cache miss)
2680 http fetch GET 200 https://registry.npmjs.org/call-bind-apply-helpers/-/call-bind-apply-helpers-1.0.2.tgz 6916ms (cache miss)
2681 http fetch GET 200 https://registry.npmjs.org/mime-db/-/mime-db-1.54.0.tgz 6828ms (cache miss)
2682 http fetch GET 200 https://registry.npmjs.org/bytes/-/bytes-3.1.2.tgz 6810ms (cache miss)
2683 http fetch GET 200 https://registry.npmjs.org/micromatch/-/micromatch-4.0.8.tgz 6817ms (cache miss)
2684 http fetch GET 200 https://registry.npmjs.org/merge-descriptors/-/merge-descriptors-2.0.0.tgz 6802ms (cache miss)
2685 http fetch GET 200 https://registry.npmjs.org/mime-types/-/mime-types-3.0.2.tgz 6807ms (cache miss)
2686 http fetch GET 200 https://registry.npmjs.org/finalhandler/-/finalhandler-2.1.1.tgz 6802ms (cache miss)
2687 http fetch GET 200 https://registry.npmjs.org/on-finished/-/on-finished-2.4.1.tgz 6806ms (cache miss)
2688 http fetch GET 200 https://registry.npmjs.org/escape-html/-/escape-html-1.0.3.tgz 6801ms (cache miss)
2689 http fetch GET 200 https://registry.npmjs.org/etag/-/etag-1.8.1.tgz 6802ms (cache miss)
2690 http fetch GET 200 https://registry.npmjs.org/proxy-addr/-/proxy-addr-2.0.7.tgz 6888ms (cache miss)
2691 http fetch GET 200 https://registry.npmjs.org/encodeurl/-/encodeurl-2.0.0.tgz 6882ms (cache miss)
2692 http fetch GET 200 https://registry.npmjs.org/content-disposition/-/content-disposition-1.0.1.tgz 6881ms (cache miss)
2693 http fetch GET 200 https://registry.npmjs.org/yoctocolors/-/yoctocolors-2.1.2.tgz 6880ms (cache miss)
2694 http fetch GET 200 https://registry.npmjs.org/strip-final-newline/-/strip-final-newline-4.0.0.tgz 6882ms (cache miss)
2695 http fetch GET 200 https://registry.npmjs.org/send/-/send-1.2.1.tgz 6989ms (cache miss)
2696 http fetch GET 200 https://registry.npmjs.org/signal-exit/-/signal-exit-4.1.0.tgz 6972ms (cache miss)
2697 http fetch GET 200 https://registry.npmjs.org/is-plain-obj/-/is-plain-obj-4.1.0.tgz 6970ms (cache miss)
2698 http fetch GET 200 https://registry.npmjs.org/pretty-ms/-/pretty-ms-9.3.0.tgz 6972ms (cache miss)
2699 http fetch GET 200 https://registry.npmjs.org/is-stream/-/is-stream-4.0.1.tgz 6970ms (cache miss)
2700 http fetch GET 200 https://registry.npmjs.org/npm-run-path/-/npm-run-path-6.0.0.tgz 6971ms (cache miss)
2701 http fetch GET 200 https://registry.npmjs.org/human-signals/-/human-signals-8.0.1.tgz 6972ms (cache miss)
2702 http fetch GET 200 https://registry.npmjs.org/argparse/-/argparse-2.0.1.tgz 7086ms (cache miss)
2703 http fetch GET 200 https://registry.npmjs.org/parseurl/-/parseurl-1.3.3.tgz 7056ms (cache miss)
2704 http fetch GET 200 https://registry.npmjs.org/once/-/once-1.4.0.tgz 7057ms (cache miss)
2705 http fetch GET 200 https://registry.npmjs.org/cookie-signature/-/cookie-signature-1.2.2.tgz 7045ms (cache miss)
2706 http fetch GET 200 https://registry.npmjs.org/path-key/-/path-key-3.1.1.tgz 7041ms (cache miss)
2707 http fetch GET 200 https://registry.npmjs.org/parse-json/-/parse-json-5.2.0.tgz 7041ms (cache miss)
2708 http fetch GET 200 https://registry.npmjs.org/@ecies/ciphers/-/ciphers-0.2.5.tgz 7046ms (cache miss)
2709 http fetch GET 200 https://registry.npmjs.org/cookie/-/cookie-0.7.2.tgz 7102ms (cache miss)
2710 http fetch GET 200 https://registry.npmjs.org/env-paths/-/env-paths-2.2.1.tgz 7088ms (cache miss)
2711 http fetch GET 200 https://registry.npmjs.org/object-assign/-/object-assign-4.1.1.tgz 7087ms (cache miss)
2712 http fetch GET 200 https://registry.npmjs.org/import-fresh/-/import-fresh-3.3.1.tgz 7090ms (cache miss)
2713 http fetch GET 200 https://registry.npmjs.org/@sindresorhus/merge-streams/-/merge-streams-4.0.0.tgz 7102ms (cache miss)
2714 http fetch GET 200 https://registry.npmjs.org/http-errors/-/http-errors-2.0.1.tgz 7151ms (cache miss)
2715 http fetch GET 200 https://registry.npmjs.org/accepts/-/accepts-2.0.0.tgz 7143ms (cache miss)
2716 http fetch GET 200 https://registry.npmjs.org/fresh/-/fresh-2.0.0.tgz 7154ms (cache miss)
2717 http fetch GET 200 https://registry.npmjs.org/ms/-/ms-2.1.3.tgz 7136ms (cache miss)
2718 http fetch GET 200 https://registry.npmjs.org/shebang-command/-/shebang-command-2.0.0.tgz 7136ms (cache miss)
2719 http fetch GET 200 https://registry.npmjs.org/vary/-/vary-1.1.2.tgz 7173ms (cache miss)
2720 http fetch GET 200 https://registry.npmjs.org/require-from-string/-/require-from-string-2.0.2.tgz 7171ms (cache miss)
2721 http fetch GET 200 https://registry.npmjs.org/figures/-/figures-6.1.0.tgz 7306ms (cache miss)
2722 http fetch GET 200 https://registry.npmjs.org/json-schema-traverse/-/json-schema-traverse-1.0.0.tgz 7294ms (cache miss)
2723 http fetch GET 200 https://registry.npmjs.org/pkce-challenge/-/pkce-challenge-5.0.1.tgz 7291ms (cache miss)
2724 http fetch GET 200 https://registry.npmjs.org/content-type/-/content-type-1.0.5.tgz 7291ms (cache miss)
2725 http fetch GET 200 https://registry.npmjs.org/fast-deep-equal/-/fast-deep-equal-3.1.3.tgz 7319ms (cache miss)
2726 http fetch GET 200 https://registry.npmjs.org/cross-spawn/-/cross-spawn-7.0.6.tgz 7406ms (cache miss)
2727 http fetch GET 200 https://registry.npmjs.org/source-map-js/-/source-map-js-1.2.1.tgz 7563ms (cache miss)
2728 http fetch GET 200 https://registry.npmjs.org/raw-body/-/raw-body-3.0.2.tgz 7486ms (cache miss)
2729 http fetch GET 200 https://registry.npmjs.org/ignore/-/ignore-5.3.2.tgz 7469ms (cache miss)
2730 http fetch GET 200 https://registry.npmjs.org/which/-/which-4.0.0.tgz 7487ms (cache miss)
2731 http fetch GET 200 https://registry.npmjs.org/object-treeify/-/object-treeify-1.1.33.tgz 7491ms (cache miss)
2732 http fetch GET 200 https://registry.npmjs.org/@babel/plugin-syntax-jsx/-/plugin-syntax-jsx-7.27.1.tgz 7479ms (cache miss)
2733 http fetch GET 200 https://registry.npmjs.org/@babel/helper-replace-supers/-/helper-replace-supers-7.27.1.tgz 7480ms (cache miss)
2734 http fetch GET 200 https://registry.npmjs.org/@babel/helper-optimise-call-expression/-/helper-optimise-call-expression-7.27.1.tgz 7502ms (cache miss)
2735 http fetch GET 200 https://registry.npmjs.org/@babel/helper-skip-transparent-expression-wrappers/-/helper-skip-transparent-expression-wrappers-7.27.1.tgz 7500ms (cache miss)
2736 http fetch GET 200 https://registry.npmjs.org/@babel/plugin-syntax-typescript/-/plugin-syntax-typescript-7.27.1.tgz 7502ms (cache miss)
2737 http fetch GET 200 https://registry.npmjs.org/lru-cache/-/lru-cache-5.1.1.tgz 7500ms (cache miss)
2738 http fetch GET 200 https://registry.npmjs.org/@babel/helper-module-imports/-/helper-module-imports-7.27.1.tgz 7499ms (cache miss)
2739 http fetch GET 200 https://registry.npmjs.org/depd/-/depd-2.0.0.tgz 7583ms (cache miss)
2740 http fetch GET 200 https://registry.npmjs.org/@babel/helper-string-parser/-/helper-string-parser-7.27.1.tgz 7548ms (cache miss)
2741 http fetch GET 200 https://registry.npmjs.org/eciesjs/-/eciesjs-0.4.16.tgz 7550ms (cache miss)
2742 http fetch GET 200 https://registry.npmjs.org/@babel/compat-data/-/compat-data-7.28.5.tgz 7531ms (cache miss)
2743 http fetch GET 200 https://registry.npmjs.org/@babel/helper-plugin-utils/-/helper-plugin-utils-7.27.1.tgz 7535ms (cache miss)
2744 http fetch GET 200 https://registry.npmjs.org/@babel/helper-annotate-as-pure/-/helper-annotate-as-pure-7.27.3.tgz 7533ms (cache miss)
2745 http fetch GET 200 https://registry.npmjs.org/router/-/router-2.2.0.tgz 7626ms (cache miss)
2746 http fetch GET 200 https://registry.npmjs.org/gensync/-/gensync-1.0.0-beta.2.tgz 7557ms (cache miss)
2747 http fetch GET 200 https://registry.npmjs.org/agent-base/-/agent-base-7.1.4.tgz 7679ms (cache miss)
2748 http fetch GET 200 https://registry.npmjs.org/@babel/helper-validator-option/-/helper-validator-option-7.27.1.tgz 7594ms (cache miss)
2749 http fetch GET 200 https://registry.npmjs.org/js-tokens/-/js-tokens-4.0.0.tgz 7592ms (cache miss)
2750 http fetch GET 200 https://registry.npmjs.org/@babel/helper-validator-identifier/-/helper-validator-identifier-7.28.5.tgz 7592ms (cache miss)
2751 http fetch GET 200 https://registry.npmjs.org/node-releases/-/node-releases-2.0.27.tgz 7684ms (cache miss)
2752 http fetch GET 200 https://registry.npmjs.org/cors/-/cors-2.8.5.tgz 7675ms (cache miss)
2753 http fetch GET 200 https://registry.npmjs.org/convert-source-map/-/convert-source-map-2.0.0.tgz 7638ms (cache miss)
2754 http fetch GET 200 https://registry.npmjs.org/picocolors/-/picocolors-1.1.1.tgz 7638ms (cache miss)
2755 http fetch GET 200 https://registry.npmjs.org/@babel/helper-compilation-targets/-/helper-compilation-targets-7.27.2.tgz 7685ms (cache miss)
2756 http fetch GET 200 https://registry.npmjs.org/update-browserslist-db/-/update-browserslist-db-1.2.3.tgz 7808ms (cache miss)
2757 http fetch GET 200 https://registry.npmjs.org/tinyexec/-/tinyexec-1.0.2.tgz 7788ms (cache miss)
2758 http fetch GET 200 https://registry.npmjs.org/@babel/code-frame/-/code-frame-7.27.1.tgz 7786ms (cache miss)
2759 http fetch GET 200 https://registry.npmjs.org/braces/-/braces-3.0.3.tgz 7918ms (cache miss)
2760 http fetch GET 200 https://registry.npmjs.org/@babel/helper-globals/-/helper-globals-7.28.0.tgz 7832ms (cache miss)
2761 http fetch GET 200 https://registry.npmjs.org/@babel/helper-member-expression-to-functions/-/helper-member-expression-to-functions-7.28.5.tgz 7862ms (cache miss)
2762 http fetch GET 200 https://registry.npmjs.org/ansis/-/ansis-4.2.0.tgz 7840ms (cache miss)
2763 http fetch GET 200 https://registry.npmjs.org/stringify-object/-/stringify-object-5.0.0.tgz 7919ms (cache miss)
2764 http fetch GET 200 https://registry.npmjs.org/fdir/-/fdir-6.5.0.tgz 7976ms (cache miss)
2765 http fetch GET 200 https://registry.npmjs.org/jsesc/-/jsesc-3.1.0.tgz 7973ms (cache miss)
2766 http fetch GET 200 https://registry.npmjs.org/@jridgewell/resolve-uri/-/resolve-uri-3.1.2.tgz 8047ms (cache miss)
2767 http fetch GET 200 https://registry.npmjs.org/semver/-/semver-6.3.1.tgz 8078ms (cache miss)
2768 http fetch GET 200 https://registry.npmjs.org/body-parser/-/body-parser-2.2.1.tgz 8154ms (cache miss)
2769 http fetch GET 200 https://registry.npmjs.org/debug/-/debug-4.4.3.tgz 8246ms (cache miss)
2770 http fetch GET 200 https://registry.npmjs.org/ora/-/ora-8.2.0.tgz 8596ms (cache miss)
2771 http fetch GET 200 https://registry.npmjs.org/nanoid/-/nanoid-3.3.11.tgz 8857ms (cache miss)
2772 http fetch GET 200 https://registry.npmjs.org/fastq/-/fastq-1.20.1.tgz 8780ms (cache miss)
2773 http fetch GET 200 https://registry.npmjs.org/baseline-browser-mapping/-/baseline-browser-mapping-2.9.11.tgz 8761ms (cache miss)
2774 http fetch GET 200 https://registry.npmjs.org/express/-/express-5.2.1.tgz 8752ms (cache miss)
2775 http fetch GET 200 https://registry.npmjs.org/tough-cookie/-/tough-cookie-6.0.0.tgz 8853ms (cache miss)
2776 http fetch GET 200 https://registry.npmjs.org/express-rate-limit/-/express-rate-limit-7.5.1.tgz 8925ms (cache miss)
2777 http fetch GET 200 https://registry.npmjs.org/get-stream/-/get-stream-9.0.1.tgz 9071ms (cache miss)
2778 http fetch GET 200 https://registry.npmjs.org/picomatch/-/picomatch-4.0.3.tgz 9889ms (cache miss)
2779 http fetch GET 200 https://registry.npmjs.org/json-schema-typed/-/json-schema-typed-8.0.2.tgz 9902ms (cache miss)
2780 http fetch GET 200 https://registry.npmjs.org/open/-/open-11.0.0.tgz 11127ms (cache miss)
2781 http fetch GET 200 https://registry.npmjs.org/dedent/-/dedent-1.7.1.tgz 11291ms (cache miss)
2782 http fetch GET 200 https://registry.npmjs.org/electron-to-chromium/-/electron-to-chromium-1.5.267.tgz 11820ms (cache miss)
2783 http fetch GET 200 https://registry.npmjs.org/@babel/preset-typescript/-/preset-typescript-7.28.5.tgz 11754ms (cache miss)
2784 http fetch GET 200 https://registry.npmjs.org/dotenv/-/dotenv-17.2.3.tgz 12034ms (cache miss)
2785 http fetch GET 200 https://registry.npmjs.org/kleur/-/kleur-4.1.5.tgz 12031ms (cache miss)
2786 http fetch GET 200 https://registry.npmjs.org/ansi-regex/-/ansi-regex-5.0.1.tgz 12028ms (cache miss)
2787 http fetch GET 200 https://registry.npmjs.org/ansi-regex/-/ansi-regex-5.0.1.tgz 12024ms (cache miss)
2788 http fetch GET 200 https://registry.npmjs.org/ansi-regex/-/ansi-regex-5.0.1.tgz 12022ms (cache miss)
2789 http fetch GET 200 https://registry.npmjs.org/fuzzysort/-/fuzzysort-3.1.0.tgz 12080ms (cache miss)
2790 http fetch GET 200 https://registry.npmjs.org/eventsource/-/eventsource-3.0.7.tgz 12205ms (cache miss)
2791 http fetch GET 200 https://registry.npmjs.org/isexe/-/isexe-3.1.1.tgz 12416ms (cache miss)
2792 http fetch GET 200 https://registry.npmjs.org/ajv-formats/-/ajv-formats-3.0.1.tgz 12211ms (cache miss)
2793 http fetch GET 200 https://registry.npmjs.org/wrap-ansi/-/wrap-ansi-7.0.0.tgz 12133ms (cache miss)
2794 http fetch GET 200 https://registry.npmjs.org/string-width/-/string-width-4.2.3.tgz 12131ms (cache miss)
2795 http fetch GET 200 https://registry.npmjs.org/signal-exit/-/signal-exit-3.0.7.tgz 12120ms (cache miss)
2796 http fetch GET 200 https://registry.npmjs.org/package-manager-detector/-/package-manager-detector-1.6.0.tgz 12173ms (cache miss)
2797 http fetch GET 200 https://registry.npmjs.org/strip-ansi/-/strip-ansi-6.0.1.tgz 12168ms (cache miss)
2798 http fetch GET 200 https://registry.npmjs.org/cookie/-/cookie-1.1.1.tgz 12160ms (cache miss)
2799 http fetch GET 200 https://registry.npmjs.org/isexe/-/isexe-2.0.0.tgz 12161ms (cache miss)
2800 http fetch GET 200 https://registry.npmjs.org/path-key/-/path-key-4.0.0.tgz 12169ms (cache miss)
2801 http fetch GET 200 https://registry.npmjs.org/which/-/which-2.0.2.tgz 12168ms (cache miss)
2802 http fetch GET 200 https://registry.npmjs.org/emoji-regex/-/emoji-regex-8.0.0.tgz 12634ms (cache miss)
2803 http fetch GET 200 https://registry.npmjs.org/is-unicode-supported/-/is-unicode-supported-1.3.0.tgz 12632ms (cache miss)
2804 http fetch GET 200 https://registry.npmjs.org/npm-run-path/-/npm-run-path-4.0.1.tgz 12625ms (cache miss)
2805 http fetch GET 200 https://registry.npmjs.org/is-stream/-/is-stream-2.0.1.tgz 12624ms (cache miss)
2806 http fetch GET 200 https://registry.npmjs.org/get-stream/-/get-stream-6.0.1.tgz 12612ms (cache miss)
2807 http fetch GET 200 https://registry.npmjs.org/onetime/-/onetime-5.1.2.tgz 12624ms (cache miss)
2808 http fetch GET 200 https://registry.npmjs.org/string-width/-/string-width-4.2.3.tgz 12711ms (cache miss)
2809 http fetch GET 200 https://registry.npmjs.org/string-width/-/string-width-4.2.3.tgz 12708ms (cache miss)
2810 http fetch GET 200 https://registry.npmjs.org/strip-ansi/-/strip-ansi-6.0.1.tgz 12718ms (cache miss)
2811 http fetch GET 200 https://registry.npmjs.org/strip-ansi/-/strip-ansi-6.0.1.tgz 12712ms (cache miss)
2812 http fetch GET 200 https://registry.npmjs.org/strip-final-newline/-/strip-final-newline-2.0.0.tgz 12722ms (cache miss)
2813 http fetch GET 200 https://registry.npmjs.org/execa/-/execa-5.1.1.tgz 12677ms (cache miss)
2814 http fetch GET 200 https://registry.npmjs.org/emoji-regex/-/emoji-regex-8.0.0.tgz 12911ms (cache miss)
2815 http fetch GET 200 https://registry.npmjs.org/kleur/-/kleur-3.0.3.tgz 12924ms (cache miss)
2816 http fetch GET 200 https://registry.npmjs.org/@babel/plugin-transform-modules-commonjs/-/plugin-transform-modules-commonjs-7.27.1.tgz 13821ms (cache miss)
2817 http fetch GET 200 https://registry.npmjs.org/path-to-regexp/-/path-to-regexp-8.3.0.tgz 13948ms (cache miss)
2818 http fetch GET 200 https://registry.npmjs.org/https-proxy-agent/-/https-proxy-agent-7.0.6.tgz 14180ms (cache miss)
2819 http fetch GET 200 https://registry.npmjs.org/math-intrinsics/-/math-intrinsics-1.1.0.tgz 14547ms (cache miss)
2820 http fetch GET 200 https://registry.npmjs.org/deepmerge/-/deepmerge-4.3.1.tgz 14303ms (cache miss)
2821 http fetch GET 200 https://registry.npmjs.org/@nodelib/fs.scandir/-/fs.scandir-2.1.5.tgz 14524ms (cache miss)
2822 http fetch GET 200 https://registry.npmjs.org/emoji-regex/-/emoji-regex-8.0.0.tgz 14526ms (cache miss)
2823 http fetch GET 200 https://registry.npmjs.org/browserslist/-/browserslist-4.28.1.tgz 14550ms (cache miss)
2824 http fetch GET 200 https://registry.npmjs.org/@babel/helper-module-transforms/-/helper-module-transforms-7.28.3.tgz 14630ms (cache miss)
2825 http fetch GET 200 https://registry.npmjs.org/eventsource-parser/-/eventsource-parser-3.0.6.tgz 14679ms (cache miss)
2826 http fetch GET 200 https://registry.npmjs.org/fzf/-/fzf-0.5.2.tgz 14640ms (cache miss)
2827 http fetch GET 200 https://registry.npmjs.org/object-inspect/-/object-inspect-1.13.4.tgz 14871ms (cache miss)
2828 http fetch GET 200 https://registry.npmjs.org/@babel/template/-/template-7.27.2.tgz 14681ms (cache miss)
2829 http fetch GET 200 https://registry.npmjs.org/qs/-/qs-6.14.1.tgz 14773ms (cache miss)
2830 http fetch GET 200 https://registry.npmjs.org/picomatch/-/picomatch-2.3.1.tgz 14687ms (cache miss)
2831 http fetch GET 200 https://registry.npmjs.org/tldts/-/tldts-7.0.19.tgz 15026ms (cache miss)
2832 http fetch GET 200 https://registry.npmjs.org/source-map/-/source-map-0.6.1.tgz 14990ms (cache miss)
2833 http fetch GET 200 https://registry.npmjs.org/@sec-ant/readable-stream/-/readable-stream-0.4.1.tgz 14915ms (cache miss)
2834 http fetch GET 200 https://registry.npmjs.org/@babel/plugin-transform-typescript/-/plugin-transform-typescript-7.28.5.tgz 14793ms (cache miss)
2835 http fetch GET 200 https://registry.npmjs.org/json5/-/json5-2.2.3.tgz 14834ms (cache miss)
2836 http fetch GET 200 https://registry.npmjs.org/@babel/helper-create-class-features-plugin/-/helper-create-class-features-plugin-7.28.5.tgz 14873ms (cache miss)
2837 http fetch GET 200 https://registry.npmjs.org/node-fetch/-/node-fetch-3.3.2.tgz 14850ms (cache miss)
2838 http fetch GET 200 https://registry.npmjs.org/human-signals/-/human-signals-2.1.0.tgz 14825ms (cache miss)
2839 http fetch GET 200 https://registry.npmjs.org/commander/-/commander-14.0.2.tgz 14892ms (cache miss)
2840 http fetch GET 200 https://registry.npmjs.org/node-domexception/-/node-domexception-1.0.0.tgz 15199ms (cache miss)
2841 warn deprecated node-domexception@1.0.0: Use your platform's native DOMException instead
2842 http fetch GET 200 https://registry.npmjs.org/commander/-/commander-11.1.0.tgz 14997ms (cache miss)
2843 http fetch GET 200 https://registry.npmjs.org/@jridgewell/sourcemap-codec/-/sourcemap-codec-1.5.5.tgz 15139ms (cache miss)
2844 http fetch GET 200 https://registry.npmjs.org/ts-morph/-/ts-morph-26.0.0.tgz 15388ms (cache miss)
2845 http fetch GET 200 https://registry.npmjs.org/@jridgewell/gen-mapping/-/gen-mapping-0.3.13.tgz 15605ms (cache miss)
2846 http fetch GET 200 https://registry.npmjs.org/iconv-lite/-/iconv-lite-0.7.1.tgz 15710ms (cache miss)
2847 http fetch GET 200 https://registry.npmjs.org/@jridgewell/remapping/-/remapping-2.3.5.tgz 15631ms (cache miss)
2848 http fetch GET 200 https://registry.npmjs.org/fast-uri/-/fast-uri-3.1.0.tgz 15697ms (cache miss)
2849 http fetch GET 200 https://registry.npmjs.org/js-yaml/-/js-yaml-4.1.1.tgz 16089ms (cache miss)
2850 http fetch GET 200 https://registry.npmjs.org/@antfu/ni/-/ni-25.0.0.tgz 16150ms (cache miss)
2851 http fetch GET 200 https://registry.npmjs.org/postcss-selector-parser/-/postcss-selector-parser-7.1.1.tgz 16246ms (cache miss)
2852 http fetch GET 200 https://registry.npmjs.org/fs-extra/-/fs-extra-11.3.3.tgz 16246ms (cache miss)
2853 http fetch GET 200 https://registry.npmjs.org/@babel/parser/-/parser-7.28.5.tgz 16392ms (cache miss)
2854 http fetch GET 200 https://registry.npmjs.org/@jridgewell/trace-mapping/-/trace-mapping-0.3.31.tgz 16551ms (cache miss)
2855 http fetch GET 200 https://registry.npmjs.org/@babel/generator/-/generator-7.28.5.tgz 16837ms (cache miss)
2856 http fetch GET 200 https://registry.npmjs.org/@hono/node-server/-/node-server-1.19.7.tgz 17059ms (cache miss)
2857 http fetch GET 200 https://registry.npmjs.org/recast/-/recast-0.23.11.tgz 17063ms (cache miss)
2858 http fetch GET 200 https://registry.npmjs.org/yargs/-/yargs-17.7.2.tgz 17344ms (cache miss)
2859 http fetch GET 200 https://registry.npmjs.org/postcss/-/postcss-8.5.6.tgz 17338ms (cache miss)
2860 http fetch GET 200 https://registry.npmjs.org/shadcn/-/shadcn-3.6.2.tgz 17349ms (cache miss)
2861 http fetch GET 200 https://registry.npmjs.org/@inquirer/core/-/core-10.3.2.tgz 17812ms (cache miss)
2862 http fetch GET 200 https://registry.npmjs.org/cosmiconfig/-/cosmiconfig-9.0.0.tgz 17649ms (cache miss)
2863 http fetch GET 200 https://registry.npmjs.org/fast-glob/-/fast-glob-3.3.3.tgz 17705ms (cache miss)
2864 http fetch GET 200 https://registry.npmjs.org/prompts/-/prompts-2.4.2.tgz 18004ms (cache miss)
2865 http fetch GET 200 https://registry.npmjs.org/@babel/traverse/-/traverse-7.28.5.tgz 18027ms (cache miss)
2866 http fetch GET 200 https://registry.npmjs.org/tsconfig-paths/-/tsconfig-paths-4.2.0.tgz 18021ms (cache miss)
2867 http fetch GET 200 https://registry.npmjs.org/ast-types/-/ast-types-0.16.1.tgz 18551ms (cache miss)
2868 http fetch GET 200 https://registry.npmjs.org/@dotenvx/dotenvx/-/dotenvx-1.51.4.tgz 18499ms (cache miss)
2869 http fetch GET 200 https://registry.npmjs.org/@ts-morph/common/-/common-0.27.0.tgz 18918ms (cache miss)
2870 http fetch GET 200 https://registry.npmjs.org/jose/-/jose-6.1.3.tgz 18766ms (cache miss)
2871 http fetch GET 200 https://registry.npmjs.org/zod-to-json-schema/-/zod-to-json-schema-3.25.1.tgz 18945ms (cache miss)
2872 http fetch GET 200 https://registry.npmjs.org/@noble/ciphers/-/ciphers-1.3.0.tgz 19055ms (cache miss)
2873 http fetch GET 200 https://registry.npmjs.org/@babel/core/-/core-7.28.5.tgz 19140ms (cache miss)
2874 http fetch GET 200 https://registry.npmjs.org/diff/-/diff-8.0.2.tgz 19199ms (cache miss)
2875 http fetch GET 200 https://registry.npmjs.org/execa/-/execa-9.6.1.tgz 19347ms (cache miss)
2876 http fetch GET 200 https://registry.npmjs.org/type-fest/-/type-fest-5.3.1.tgz 19849ms (cache miss)
2877 http fetch GET 200 https://registry.npmjs.org/web-streams-polyfill/-/web-streams-polyfill-3.3.3.tgz 19889ms (cache miss)
2878 http fetch GET 200 https://registry.npmjs.org/@babel/types/-/types-7.28.5.tgz 20150ms (cache miss)
2879 http fetch GET 200 https://registry.npmjs.org/@noble/hashes/-/hashes-1.8.0.tgz 20466ms (cache miss)
2880 http fetch GET 200 https://registry.npmjs.org/@babel/helpers/-/helpers-7.28.4.tgz 20426ms (cache miss)
2881 http fetch GET 200 https://registry.npmjs.org/@noble/curves/-/curves-1.9.7.tgz 20545ms (cache miss)
2882 http fetch GET 200 https://registry.npmjs.org/@mswjs/interceptors/-/interceptors-0.40.0.tgz 20666ms (cache miss)
2883 http fetch GET 200 https://registry.npmjs.org/graphql/-/graphql-16.12.0.tgz 21553ms (cache miss)
2884 http fetch GET 200 https://registry.npmjs.org/ajv/-/ajv-8.17.1.tgz 22273ms (cache miss)
2885 http fetch GET 200 https://registry.npmjs.org/msw/-/msw-2.12.7.tgz 22914ms (cache miss)
2886 http fetch GET 200 https://registry.npmjs.org/zod/-/zod-3.25.76.tgz 23008ms (cache miss)
2887 http fetch GET 200 https://registry.npmjs.org/hono/-/hono-4.11.3.tgz 23118ms (cache miss)
2888 http fetch GET 200 https://registry.npmjs.org/@modelcontextprotocol/sdk/-/sdk-1.25.1.tgz 23308ms (cache miss)
2889 http fetch GET 200 https://registry.npmjs.org/caniuse-lite/-/caniuse-lite-1.0.30001762.tgz 23604ms (cache miss)
2890 warn cleanup Failed to remove some directories [
2890 warn cleanup   [
2890 warn cleanup     '\\\\?\\D:\\REVAMP\\gwc-website-revamp\\npm-cache\\_npx\\d66c5096c7023bfb\\node_modules',
2890 warn cleanup     [Error: EPERM: operation not permitted, rmdir 'D:\REVAMP\gwc-website-revamp\npm-cache\_npx\d66c5096c7023bfb\node_modules\@dotenvx\dotenvx\src\lib\helpers'] {
2890 warn cleanup       errno: -4048,
2890 warn cleanup       code: 'EPERM',
2890 warn cleanup       syscall: 'rmdir',
2890 warn cleanup       path: 'D:\\REVAMP\\gwc-website-revamp\\npm-cache\\_npx\\d66c5096c7023bfb\\node_modules\\@dotenvx\\dotenvx\\src\\lib\\helpers'
2890 warn cleanup     }
2890 warn cleanup   ],
2890 warn cleanup   [
2890 warn cleanup     '\\\\?\\D:\\REVAMP\\gwc-website-revamp\\npm-cache\\_npx\\d66c5096c7023bfb\\node_modules\\@modelcontextprotocol',
2890 warn cleanup     [Error: EPERM: operation not permitted, rmdir 'D:\REVAMP\gwc-website-revamp\npm-cache\_npx\d66c5096c7023bfb\node_modules\@modelcontextprotocol\sdk'] {
2890 warn cleanup       errno: -4048,
2890 warn cleanup       code: 'EPERM',
2890 warn cleanup       syscall: 'rmdir',
2890 warn cleanup       path: 'D:\\REVAMP\\gwc-website-revamp\\npm-cache\\_npx\\d66c5096c7023bfb\\node_modules\\@modelcontextprotocol\\sdk'
2890 warn cleanup     }
2890 warn cleanup   ]
2890 warn cleanup ]
2891 verbose stack Error: EBUSY: resource busy or locked, rename 'D:\REVAMP\gwc-website-revamp\npm-cache\_cacache\tmp\b0f2648d' -> 'D:\REVAMP\gwc-website-revamp\npm-cache\_cacache\content-v2\sha512\aa\e2\505e54d25062f62c7f52517a3c570b18e2ca1a9e1828e8b3529bce04d4b05c13cb373b4c29762473c91f73fd9649325316bf7eea38e6fda5d26531410a15'
2891 verbose stack     at async Object.rename (node:internal/fs/promises:784:10)
2891 verbose stack     at async moveFile (C:\Program Files\nodejs\node_modules\npm\node_modules\@npmcli\fs\lib\move-file.js:30:5)
2891 verbose stack     at async C:\Program Files\nodejs\node_modules\npm\node_modules\cacache\lib\content\write.js:173:9
2892 error code EEXIST
2893 error syscall rename
2894 error path D:\REVAMP\gwc-website-revamp\npm-cache\_cacache\tmp\b0f2648d
2895 error dest D:\REVAMP\gwc-website-revamp\npm-cache\_cacache\content-v2\sha512\aa\e2\505e54d25062f62c7f52517a3c570b18e2ca1a9e1828e8b3529bce04d4b05c13cb373b4c29762473c91f73fd9649325316bf7eea38e6fda5d26531410a15
2896 error errno -4082
2897 error EBUSY: resource busy or locked, rename 'D:\REVAMP\gwc-website-revamp\npm-cache\_cacache\tmp\b0f2648d' -> 'D:\REVAMP\gwc-website-revamp\npm-cache\_cacache\content-v2\sha512\aa\e2\505e54d25062f62c7f52517a3c570b18e2ca1a9e1828e8b3529bce04d4b05c13cb373b4c29762473c91f73fd9649325316bf7eea38e6fda5d26531410a15'
2898 error File exists: D:\REVAMP\gwc-website-revamp\npm-cache\_cacache\content-v2\sha512\aa\e2\505e54d25062f62c7f52517a3c570b18e2ca1a9e1828e8b3529bce04d4b05c13cb373b4c29762473c91f73fd9649325316bf7eea38e6fda5d26531410a15
2899 error Remove the existing file and try again, or run npm
2900 error with --force to overwrite files recklessly.
2901 silly unfinished npm timer reify 1767692623433
2902 silly unfinished npm timer reify:unpack 1767692640083
2903 silly unfinished npm timer reifyNode:node_modules/cliui/node_modules/ansi-regex 1767692640083
2904 silly unfinished npm timer reifyNode:node_modules/wrap-ansi/node_modules/ansi-regex 1767692640085
2905 silly unfinished npm timer reifyNode:node_modules/yargs/node_modules/ansi-regex 1767692640085
2906 verbose cwd D:\REVAMP\gwc-website-revamp
2907 verbose os Windows_NT 10.0.26200
2908 verbose node v22.17.0
2909 verbose npm  v10.9.2
2910 verbose exit -4082
2911 verbose code -4082
2912 error A complete log of this run can be found in: D:\REVAMP\gwc-website-revamp\npm-cache\_logs\2026-01-06T09_43_28_653Z-debug-0.log
